id,image1,image2
0,16/06/2012,20/06/2012
1,16/06/2012,20/06/2012
2,16/06/2012,20/06/2012
3,16/06/2012,20/06/2012
4,16/06/2012,20/06/2012
5,16/06/2012,20/06/2012
6,16/06/2012,20/06/2012
7,16/06/2012,20/06/2012
8,16/06/2012,20/06/2012
9,16/06/2012,20/06/2012
10,16/06/2012,20/06/2012
11,16/06/2012,20/06/2012
12,16/06/2012,20/06/2012
13,16/06/2012,20/06/2012
14,16/06/2012,20/06/2012
15,16/06/2012,20/06/2012
16,16/06/2012,20/06/2012
17,16/06/2012,20/06/2012
18,16/06/2012,20/06/2012
19,16/06/2012,20/06/2012
20,16/06/2012,20/06/2012
21,16/06/2012,20/06/2012
22,16/06/2012,20/06/2012
23,16/06/2012,20/06/2012
25,16/06/2012,20/06/2012
26,16/06/2012,20/06/2012
27,16/06/2012,20/06/2012
28,16/06/2012,20/06/2012
29,16/06/2012,20/06/2012
30,16/06/2012,20/06/2012
31,16/06/2012,20/06/2012
32,16/06/2012,20/06/2012
33,16/06/2012,20/06/2012
34,16/06/2012,20/06/2012
35,16/06/2012,20/06/2012
36,16/06/2012,20/06/2012
37,16/06/2012,20/06/2012
38,16/06/2012,20/06/2012
39,16/06/2012,20/06/2012
40,16/06/2012,20/06/2012
41,16/06/2012,20/06/2012
42,16/06/2012,20/06/2012
43,16/06/2012,20/06/2012
44,16/06/2012,20/06/2012
45,16/06/2012,20/06/2012
46,16/06/2012,20/06/2012
47,16/06/2012,20/06/2012
48,16/06/2012,20/06/2012
49,16/06/2012,20/06/2012
50,16/06/2012,20/06/2012
51,16/06/2012,20/06/2012
52,16/06/2012,20/06/2012
53,16/06/2012,20/06/2012
54,16/06/2012,20/06/2012
55,16/06/2012,20/06/2012
56,16/06/2012,20/06/2012
57,16/06/2012,20/06/2012
58,16/06/2012,20/06/2012
59,16/06/2012,20/06/2012
60,16/06/2012,20/06/2012
61,16/06/2012,20/06/2012
62,16/06/2012,20/06/2012
63,16/06/2012,20/06/2012
64,16/06/2012,20/06/2012
65,16/06/2012,20/06/2012
66,16/06/2012,20/06/2012
67,16/06/2012,20/06/2012
68,16/06/2012,20/06/2012
69,16/06/2012,20/06/2012
70,16/06/2012,20/06/2012
71,16/06/2012,20/06/2012
72,16/06/2012,20/06/2012
73,16/06/2012,20/06/2012
74,16/06/2012,20/06/2012
75,16/06/2012,20/06/2012
76,16/06/2012,20/06/2012
77,16/06/2012,20/06/2012
78,16/06/2012,20/06/2012
79,16/06/2012,20/06/2012
80,16/06/2012,20/06/2012
81,16/06/2012,20/06/2012
82,16/06/2012,20/06/2012
83,16/06/2012,20/06/2012
84,16/06/2012,20/06/2012
85,16/06/2012,20/06/2012
86,16/06/2012,20/06/2012
87,16/06/2012,20/06/2012
88,16/06/2012,20/06/2012
89,16/06/2012,20/06/2012
90,16/06/2012,20/06/2012
91,16/06/2012,20/06/2012
92,16/06/2012,20/06/2012
93,16/06/2012,20/06/2012
94,16/06/2012,20/06/2012
95,16/06/2012,20/06/2012
96,16/06/2012,20/06/2012
97,16/06/2012,20/06/2012
98,16/06/2012,20/06/2012
99,16/06/2012,20/06/2012
100,16/06/2012,20/06/2012
101,16/06/2012,20/06/2012
102,16/06/2012,20/06/2012
103,16/06/2012,20/06/2012
104,16/06/2012,20/06/2012
105,16/06/2012,20/06/2012
106,16/06/2012,20/06/2012
107,16/06/2012,20/06/2012
108,16/06/2012,20/06/2012
109,16/06/2012,20/06/2012
110,16/06/2012,20/06/2012
111,16/06/2012,20/06/2012
112,16/06/2012,20/06/2012
113,16/06/2012,20/06/2012
114,16/06/2012,20/06/2012
115,16/06/2012,20/06/2012
116,16/06/2012,20/06/2012
117,16/06/2012,20/06/2012
118,16/06/2012,20/06/2012
119,16/06/2012,20/06/2012
120,16/06/2012,20/06/2012
121,16/06/2012,20/06/2012
122,16/06/2012,20/06/2012
123,16/06/2012,20/06/2012
124,16/06/2012,20/06/2012
125,16/06/2012,20/06/2012
126,16/06/2012,20/06/2012
127,16/06/2012,20/06/2012
128,16/06/2012,20/06/2012
129,16/06/2012,20/06/2012
130,16/06/2012,20/06/2012
131,16/06/2012,20/06/2012
132,16/06/2012,20/06/2012
133,16/06/2012,20/06/2012
134,16/06/2012,20/06/2012
135,16/06/2012,20/06/2012
136,16/06/2012,20/06/2012
137,16/06/2012,20/06/2012
138,16/06/2012,20/06/2012
139,16/06/2012,20/06/2012
140,16/06/2012,20/06/2012
141,16/06/2012,20/06/2012
142,16/06/2012,20/06/2012
143,16/06/2012,20/06/2012
144,16/06/2012,20/06/2012
145,16/06/2012,20/06/2012
146,16/06/2012,20/06/2012
147,16/06/2012,20/06/2012
148,16/06/2012,20/06/2012
150,16/06/2012,20/06/2012
151,16/06/2012,20/06/2012
152,16/06/2012,20/06/2012
153,16/06/2012,20/06/2012
154,16/06/2012,20/06/2012
155,16/06/2012,20/06/2012
156,16/06/2012,20/06/2012
157,16/06/2012,20/06/2012
158,16/06/2012,20/06/2012
159,16/06/2012,20/06/2012
160,16/06/2012,20/06/2012
161,16/06/2012,20/06/2012
162,16/06/2012,20/06/2012
163,16/06/2012,20/06/2012
164,16/06/2012,20/06/2012
165,16/06/2012,20/06/2012
166,16/06/2012,20/06/2012
167,16/06/2012,20/06/2012
168,16/06/2012,20/06/2012
169,16/06/2012,20/06/2012
170,16/06/2012,20/06/2012
171,16/06/2012,20/06/2012
172,16/06/2012,20/06/2012
173,16/06/2012,20/06/2012
174,16/06/2012,20/06/2012
175,16/06/2012,20/06/2012
176,16/06/2012,20/06/2012
177,16/06/2012,20/06/2012
178,16/06/2012,20/06/2012
179,16/06/2012,20/06/2012
180,16/06/2012,20/06/2012
181,16/06/2012,20/06/2012
183,16/06/2012,20/06/2012
184,16/06/2012,20/06/2012
185,16/06/2012,20/06/2012
186,16/06/2012,20/06/2012
187,16/06/2012,20/06/2012
188,16/06/2012,20/06/2012
