Od,image1,image2,image3,image4,image5
516.0,31/05/2011,06/06/2011,07/06/2011,24/06/2011,15/07/2011
517.0,31/05/2011,06/06/2011,07/06/2011,24/06/2011,15/07/2011
518.0,31/05/2011,06/06/2011,07/06/2011,24/06/2011,15/07/2011
519.0,31/05/2011,06/06/2011,07/06/2011,24/06/2011,15/07/2011
520.0,31/05/2011,06/06/2011,07/06/2011,24/06/2011,15/07/2011
521.0,31/05/2011,06/06/2011,07/06/2011,24/06/2011,15/07/2011
522.0,31/05/2011,06/06/2011,07/06/2011,24/06/2011,15/07/2011
523.0,31/05/2011,06/06/2011,07/06/2011,24/06/2011,15/07/2011
524.0,31/05/2011,06/06/2011,07/06/2011,24/06/2011,15/07/2011
525.0,31/05/2011,06/06/2011,07/06/2011,24/06/2011,15/07/2011
526.0,31/05/2011,06/06/2011,07/06/2011,24/06/2011,15/07/2011
527.0,31/05/2011,06/06/2011,07/06/2011,24/06/2011,15/07/2011
528.0,31/05/2011,06/06/2011,07/06/2011,24/06/2011,15/07/2011
529.0,31/05/2011,06/06/2011,07/06/2011,24/06/2011,15/07/2011
530.0,31/05/2011,06/06/2011,07/06/2011,24/06/2011,15/07/2011
531.0,31/05/2011,06/06/2011,07/06/2011,24/06/2011,15/07/2011
532.0,31/05/2011,06/06/2011,07/06/2011,24/06/2011,15/07/2011
533.0,31/05/2011,06/06/2011,07/06/2011,24/06/2011,15/07/2011
534.0,31/05/2011,06/06/2011,07/06/2011,24/06/2011,15/07/2011
535.0,31/05/2011,06/06/2011,07/06/2011,24/06/2011,15/07/2011
536.0,31/05/2011,06/06/2011,07/06/2011,24/06/2011,15/07/2011
537.0,31/05/2011,06/06/2011,07/06/2011,24/06/2011,15/07/2011
538.0,31/05/2011,06/06/2011,07/06/2011,24/06/2011,15/07/2011
539.0,31/05/2011,06/06/2011,07/06/2011,24/06/2011,15/07/2011
540.0,31/05/2011,06/06/2011,07/06/2011,24/06/2011,15/07/2011
541.0,31/05/2011,06/06/2011,07/06/2011,24/06/2011,15/07/2011
542.0,31/05/2011,06/06/2011,07/06/2011,24/06/2011,15/07/2011
543.0,31/05/2011,06/06/2011,07/06/2011,24/06/2011,15/07/2011
544.0,31/05/2011,06/06/2011,07/06/2011,24/06/2011,15/07/2011
545.0,31/05/2011,06/06/2011,07/06/2011,24/06/2011,15/07/2011
546.0,31/05/2011,06/06/2011,07/06/2011,24/06/2011,15/07/2011
547.0,31/05/2011,06/06/2011,07/06/2011,24/06/2011,15/07/2011
548.0,31/05/2011,06/06/2011,07/06/2011,24/06/2011,15/07/2011
549.0,31/05/2011,06/06/2011,07/06/2011,24/06/2011,15/07/2011
550.0,31/05/2011,06/06/2011,07/06/2011,24/06/2011,15/07/2011
551.0,31/05/2011,06/06/2011,07/06/2011,24/06/2011,15/07/2011
552.0,31/05/2011,06/06/2011,07/06/2011,24/06/2011,15/07/2011
553.0,31/05/2011,06/06/2011,07/06/2011,24/06/2011,15/07/2011
554.0,31/05/2011,06/06/2011,07/06/2011,24/06/2011,15/07/2011
555.0,31/05/2011,06/06/2011,07/06/2011,24/06/2011,15/07/2011
556.0,31/05/2011,06/06/2011,07/06/2011,24/06/2011,15/07/2011
557.0,31/05/2011,06/06/2011,07/06/2011,24/06/2011,15/07/2011
558.0,31/05/2011,06/06/2011,07/06/2011,24/06/2011,15/07/2011
559.0,31/05/2011,06/06/2011,07/06/2011,24/06/2011,15/07/2011
560.0,31/05/2011,06/06/2011,07/06/2011,24/06/2011,15/07/2011
561.0,31/05/2011,06/06/2011,07/06/2011,24/06/2011,15/07/2011
562.0,31/05/2011,06/06/2011,07/06/2011,24/06/2011,15/07/2011
563.0,31/05/2011,06/06/2011,07/06/2011,24/06/2011,15/07/2011
564.0,31/05/2011,06/06/2011,07/06/2011,24/06/2011,15/07/2011
565.0,31/05/2011,06/06/2011,07/06/2011,24/06/2011,15/07/2011
566.0,31/05/2011,06/06/2011,07/06/2011,24/06/2011,15/07/2011
567.0,31/05/2011,06/06/2011,07/06/2011,24/06/2011,15/07/2011
568.0,31/05/2011,06/06/2011,07/06/2011,24/06/2011,15/07/2011
569.0,31/05/2011,06/06/2011,07/06/2011,24/06/2011,15/07/2011
570.0,31/05/2011,06/06/2011,07/06/2011,24/06/2011,15/07/2011
571.0,31/05/2011,06/06/2011,07/06/2011,24/06/2011,15/07/2011
572.0,31/05/2011,06/06/2011,07/06/2011,24/06/2011,15/07/2011
573.0,31/05/2011,06/06/2011,07/06/2011,24/06/2011,15/07/2011
574.0,31/05/2011,06/06/2011,07/06/2011,24/06/2011,15/07/2011
575.0,31/05/2011,06/06/2011,07/06/2011,24/06/2011,15/07/2011
576.0,31/05/2011,06/06/2011,07/06/2011,24/06/2011,15/07/2011
577.0,31/05/2011,06/06/2011,07/06/2011,24/06/2011,15/07/2011
578.0,31/05/2011,06/06/2011,07/06/2011,24/06/2011,15/07/2011
579.0,31/05/2011,06/06/2011,07/06/2011,24/06/2011,15/07/2011
580.0,31/05/2011,06/06/2011,07/06/2011,24/06/2011,15/07/2011
581.0,31/05/2011,06/06/2011,07/06/2011,24/06/2011,15/07/2011
582.0,31/05/2011,06/06/2011,07/06/2011,24/06/2011,15/07/2011
583.0,31/05/2011,06/06/2011,07/06/2011,24/06/2011,15/07/2011
584.0,31/05/2011,06/06/2011,07/06/2011,24/06/2011,15/07/2011
585.0,31/05/2011,06/06/2011,07/06/2011,24/06/2011,15/07/2011
586.0,31/05/2011,06/06/2011,07/06/2011,24/06/2011,15/07/2011
587.0,31/05/2011,06/06/2011,07/06/2011,24/06/2011,15/07/2011
588.0,31/05/2011,06/06/2011,07/06/2011,24/06/2011,15/07/2011
589.0,31/05/2011,06/06/2011,07/06/2011,24/06/2011,15/07/2011
590.0,31/05/2011,06/06/2011,07/06/2011,24/06/2011,15/07/2011
591.0,31/05/2011,06/06/2011,07/06/2011,24/06/2011,15/07/2011
592.0,31/05/2011,06/06/2011,07/06/2011,24/06/2011,15/07/2011
593.0,31/05/2011,06/06/2011,07/06/2011,24/06/2011,15/07/2011
594.0,31/05/2011,06/06/2011,07/06/2011,24/06/2011,15/07/2011
595.0,31/05/2011,06/06/2011,07/06/2011,24/06/2011,15/07/2011
596.0,31/05/2011,06/06/2011,07/06/2011,24/06/2011,15/07/2011
597.0,31/05/2011,06/06/2011,07/06/2011,24/06/2011,15/07/2011
598.0,31/05/2011,06/06/2011,07/06/2011,24/06/2011,15/07/2011
599.0,31/05/2011,06/06/2011,07/06/2011,24/06/2011,15/07/2011
600.0,31/05/2011,06/06/2011,07/06/2011,24/06/2011,15/07/2011
601.0,31/05/2011,06/06/2011,07/06/2011,24/06/2011,15/07/2011
602.0,31/05/2011,06/06/2011,07/06/2011,24/06/2011,15/07/2011
603.0,31/05/2011,06/06/2011,07/06/2011,24/06/2011,15/07/2011
604.0,31/05/2011,06/06/2011,07/06/2011,24/06/2011,15/07/2011
605.0,31/05/2011,06/06/2011,07/06/2011,24/06/2011,15/07/2011
606.0,31/05/2011,06/06/2011,07/06/2011,24/06/2011,15/07/2011
607.0,31/05/2011,06/06/2011,07/06/2011,24/06/2011,15/07/2011
608.0,31/05/2011,06/06/2011,07/06/2011,24/06/2011,15/07/2011
609.0,31/05/2011,06/06/2011,07/06/2011,24/06/2011,15/07/2011
610.0,31/05/2011,06/06/2011,07/06/2011,24/06/2011,15/07/2011
611.0,31/05/2011,06/06/2011,07/06/2011,24/06/2011,15/07/2011
612.0,31/05/2011,06/06/2011,07/06/2011,24/06/2011,15/07/2011
613.0,31/05/2011,06/06/2011,07/06/2011,24/06/2011,15/07/2011
614.0,31/05/2011,06/06/2011,07/06/2011,24/06/2011,15/07/2011
615.0,31/05/2011,06/06/2011,07/06/2011,24/06/2011,15/07/2011
616.0,31/05/2011,06/06/2011,07/06/2011,24/06/2011,15/07/2011
617.0,31/05/2011,06/06/2011,07/06/2011,24/06/2011,15/07/2011
618.0,31/05/2011,06/06/2011,07/06/2011,24/06/2011,15/07/2011
619.0,31/05/2011,06/06/2011,07/06/2011,24/06/2011,15/07/2011
620.0,31/05/2011,06/06/2011,07/06/2011,24/06/2011,15/07/2011
621.0,31/05/2011,06/06/2011,07/06/2011,24/06/2011,15/07/2011
622.0,31/05/2011,06/06/2011,07/06/2011,24/06/2011,15/07/2011
623.0,31/05/2011,06/06/2011,07/06/2011,24/06/2011,15/07/2011
624.0,31/05/2011,06/06/2011,07/06/2011,24/06/2011,15/07/2011
625.0,31/05/2011,06/06/2011,07/06/2011,24/06/2011,15/07/2011
626.0,31/05/2011,06/06/2011,07/06/2011,24/06/2011,15/07/2011
627.0,31/05/2011,06/06/2011,07/06/2011,24/06/2011,15/07/2011
628.0,31/05/2011,06/06/2011,07/06/2011,24/06/2011,15/07/2011
629.0,31/05/2011,06/06/2011,07/06/2011,24/06/2011,15/07/2011
630.0,31/05/2011,06/06/2011,07/06/2011,24/06/2011,15/07/2011
631.0,31/05/2011,06/06/2011,07/06/2011,24/06/2011,15/07/2011
632.0,31/05/2011,06/06/2011,07/06/2011,24/06/2011,15/07/2011
633.0,31/05/2011,06/06/2011,07/06/2011,24/06/2011,15/07/2011
634.0,31/05/2011,06/06/2011,07/06/2011,24/06/2011,15/07/2011
635.0,31/05/2011,06/06/2011,07/06/2011,24/06/2011,15/07/2011
636.0,31/05/2011,06/06/2011,07/06/2011,24/06/2011,15/07/2011
637.0,31/05/2011,06/06/2011,07/06/2011,24/06/2011,15/07/2011
638.0,31/05/2011,06/06/2011,07/06/2011,24/06/2011,15/07/2011
639.0,31/05/2011,06/06/2011,07/06/2011,24/06/2011,15/07/2011
640.0,31/05/2011,06/06/2011,07/06/2011,24/06/2011,15/07/2011
641.0,31/05/2011,06/06/2011,07/06/2011,24/06/2011,15/07/2011
642.0,31/05/2011,06/06/2011,07/06/2011,24/06/2011,15/07/2011
643.0,31/05/2011,06/06/2011,07/06/2011,24/06/2011,15/07/2011
644.0,31/05/2011,06/06/2011,07/06/2011,24/06/2011,15/07/2011
645.0,31/05/2011,06/06/2011,07/06/2011,24/06/2011,15/07/2011
646.0,31/05/2011,06/06/2011,07/06/2011,24/06/2011,15/07/2011
647.0,31/05/2011,06/06/2011,07/06/2011,24/06/2011,15/07/2011
648.0,31/05/2011,06/06/2011,07/06/2011,24/06/2011,15/07/2011
649.0,31/05/2011,06/06/2011,07/06/2011,24/06/2011,15/07/2011
650.0,31/05/2011,06/06/2011,07/06/2011,24/06/2011,15/07/2011
651.0,31/05/2011,06/06/2011,07/06/2011,24/06/2011,15/07/2011
652.0,31/05/2011,06/06/2011,07/06/2011,24/06/2011,15/07/2011
653.0,31/05/2011,06/06/2011,07/06/2011,24/06/2011,15/07/2011
654.0,31/05/2011,06/06/2011,07/06/2011,24/06/2011,15/07/2011
656.0,31/05/2011,06/06/2011,07/06/2011,24/06/2011,15/07/2011
657.0,31/05/2011,06/06/2011,07/06/2011,24/06/2011,15/07/2011
658.0,31/05/2011,06/06/2011,07/06/2011,24/06/2011,15/07/2011
659.0,31/05/2011,06/06/2011,07/06/2011,24/06/2011,15/07/2011
660.0,31/05/2011,06/06/2011,07/06/2011,24/06/2011,15/07/2011
661.0,31/05/2011,06/06/2011,07/06/2011,24/06/2011,15/07/2011
662.0,31/05/2011,06/06/2011,07/06/2011,24/06/2011,15/07/2011
663.0,31/05/2011,06/06/2011,07/06/2011,24/06/2011,15/07/2011
664.0,31/05/2011,06/06/2011,07/06/2011,24/06/2011,15/07/2011
665.0,31/05/2011,06/06/2011,07/06/2011,24/06/2011,15/07/2011
666.0,31/05/2011,06/06/2011,07/06/2011,24/06/2011,15/07/2011
667.0,31/05/2011,06/06/2011,07/06/2011,24/06/2011,15/07/2011
668.0,31/05/2011,06/06/2011,07/06/2011,24/06/2011,15/07/2011
669.0,31/05/2011,06/06/2011,07/06/2011,24/06/2011,15/07/2011
670.0,31/05/2011,06/06/2011,07/06/2011,24/06/2011,15/07/2011
671.0,31/05/2011,06/06/2011,07/06/2011,24/06/2011,15/07/2011
672.0,31/05/2011,06/06/2011,07/06/2011,24/06/2011,15/07/2011
673.0,31/05/2011,06/06/2011,07/06/2011,24/06/2011,15/07/2011
674.0,31/05/2011,06/06/2011,07/06/2011,24/06/2011,15/07/2011
675.0,31/05/2011,06/06/2011,07/06/2011,24/06/2011,15/07/2011
676.0,31/05/2011,06/06/2011,07/06/2011,24/06/2011,15/07/2011
677.0,31/05/2011,06/06/2011,07/06/2011,24/06/2011,15/07/2011
678.0,31/05/2011,06/06/2011,07/06/2011,24/06/2011,15/07/2011
679.0,31/05/2011,06/06/2011,07/06/2011,24/06/2011,15/07/2011
680.0,31/05/2011,06/06/2011,07/06/2011,24/06/2011,15/07/2011
681.0,31/05/2011,06/06/2011,07/06/2011,24/06/2011,15/07/2011
682.0,31/05/2011,06/06/2011,07/06/2011,24/06/2011,15/07/2011
683.0,31/05/2011,06/06/2011,07/06/2011,24/06/2011,15/07/2011
684.0,31/05/2011,06/06/2011,07/06/2011,24/06/2011,15/07/2011
685.0,31/05/2011,06/06/2011,07/06/2011,24/06/2011,15/07/2011
686.0,31/05/2011,06/06/2011,07/06/2011,24/06/2011,15/07/2011
687.0,31/05/2011,06/06/2011,07/06/2011,24/06/2011,15/07/2011
688.0,31/05/2011,06/06/2011,07/06/2011,24/06/2011,15/07/2011
689.0,31/05/2011,06/06/2011,07/06/2011,24/06/2011,15/07/2011
690.0,31/05/2011,06/06/2011,07/06/2011,24/06/2011,15/07/2011
691.0,31/05/2011,06/06/2011,07/06/2011,24/06/2011,15/07/2011
692.0,31/05/2011,06/06/2011,07/06/2011,24/06/2011,15/07/2011
693.0,31/05/2011,06/06/2011,07/06/2011,24/06/2011,15/07/2011
694.0,31/05/2011,06/06/2011,07/06/2011,24/06/2011,15/07/2011
695.0,31/05/2011,06/06/2011,07/06/2011,24/06/2011,15/07/2011
696.0,31/05/2011,06/06/2011,07/06/2011,24/06/2011,15/07/2011
697.0,31/05/2011,06/06/2011,07/06/2011,24/06/2011,15/07/2011
698.0,31/05/2011,06/06/2011,07/06/2011,24/06/2011,15/07/2011
699.0,31/05/2011,06/06/2011,07/06/2011,24/06/2011,15/07/2011
700.0,31/05/2011,06/06/2011,07/06/2011,24/06/2011,15/07/2011
701.0,31/05/2011,06/06/2011,07/06/2011,24/06/2011,15/07/2011
702.0,31/05/2011,06/06/2011,07/06/2011,24/06/2011,15/07/2011
703.0,31/05/2011,06/06/2011,07/06/2011,24/06/2011,15/07/2011
704.0,31/05/2011,06/06/2011,07/06/2011,24/06/2011,15/07/2011
705.0,31/05/2011,06/06/2011,07/06/2011,24/06/2011,15/07/2011
706.0,31/05/2011,06/06/2011,07/06/2011,24/06/2011,15/07/2011
707.0,31/05/2011,06/06/2011,07/06/2011,24/06/2011,15/07/2011
708.0,31/05/2011,06/06/2011,07/06/2011,24/06/2011,15/07/2011
709.0,31/05/2011,06/06/2011,07/06/2011,24/06/2011,15/07/2011
710.0,31/05/2011,06/06/2011,07/06/2011,24/06/2011,15/07/2011
711.0,31/05/2011,06/06/2011,07/06/2011,24/06/2011,15/07/2011
712.0,31/05/2011,06/06/2011,07/06/2011,24/06/2011,15/07/2011
713.0,31/05/2011,06/06/2011,07/06/2011,24/06/2011,15/07/2011
714.0,31/05/2011,06/06/2011,07/06/2011,24/06/2011,15/07/2011
715.0,31/05/2011,06/06/2011,07/06/2011,24/06/2011,15/07/2011
716.0,31/05/2011,06/06/2011,07/06/2011,24/06/2011,15/07/2011
717.0,31/05/2011,06/06/2011,07/06/2011,24/06/2011,15/07/2011
718.0,31/05/2011,06/06/2011,07/06/2011,24/06/2011,15/07/2011
719.0,31/05/2011,06/06/2011,07/06/2011,24/06/2011,15/07/2011
720.0,31/05/2011,06/06/2011,07/06/2011,24/06/2011,15/07/2011
721.0,31/05/2011,06/06/2011,07/06/2011,24/06/2011,15/07/2011
722.0,31/05/2011,06/06/2011,07/06/2011,24/06/2011,15/07/2011
723.0,31/05/2011,06/06/2011,07/06/2011,24/06/2011,15/07/2011
724.0,31/05/2011,06/06/2011,07/06/2011,24/06/2011,15/07/2011
725.0,31/05/2011,06/06/2011,07/06/2011,24/06/2011,15/07/2011
726.0,31/05/2011,06/06/2011,07/06/2011,24/06/2011,15/07/2011
727.0,31/05/2011,06/06/2011,07/06/2011,24/06/2011,15/07/2011
728.0,31/05/2011,06/06/2011,07/06/2011,24/06/2011,15/07/2011
729.0,31/05/2011,06/06/2011,07/06/2011,24/06/2011,15/07/2011
730.0,31/05/2011,06/06/2011,07/06/2011,24/06/2011,15/07/2011
731.0,31/05/2011,06/06/2011,07/06/2011,24/06/2011,15/07/2011
732.0,31/05/2011,06/06/2011,07/06/2011,24/06/2011,15/07/2011
733.0,31/05/2011,06/06/2011,07/06/2011,24/06/2011,15/07/2011
734.0,31/05/2011,06/06/2011,07/06/2011,24/06/2011,15/07/2011
735.0,31/05/2011,06/06/2011,07/06/2011,24/06/2011,15/07/2011
736.0,31/05/2011,06/06/2011,07/06/2011,24/06/2011,15/07/2011
737.0,31/05/2011,06/06/2011,07/06/2011,24/06/2011,15/07/2011
738.0,31/05/2011,06/06/2011,07/06/2011,24/06/2011,15/07/2011
739.0,31/05/2011,06/06/2011,07/06/2011,24/06/2011,15/07/2011
740.0,31/05/2011,06/06/2011,07/06/2011,24/06/2011,15/07/2011
741.0,31/05/2011,06/06/2011,07/06/2011,24/06/2011,15/07/2011
742.0,31/05/2011,06/06/2011,07/06/2011,24/06/2011,15/07/2011
743.0,31/05/2011,06/06/2011,07/06/2011,24/06/2011,15/07/2011
744.0,31/05/2011,06/06/2011,07/06/2011,24/06/2011,15/07/2011
745.0,31/05/2011,06/06/2011,07/06/2011,24/06/2011,15/07/2011
746.0,31/05/2011,06/06/2011,07/06/2011,24/06/2011,15/07/2011
747.0,31/05/2011,06/06/2011,07/06/2011,24/06/2011,15/07/2011
748.0,31/05/2011,06/06/2011,07/06/2011,24/06/2011,15/07/2011
749.0,31/05/2011,06/06/2011,07/06/2011,24/06/2011,15/07/2011
750.0,31/05/2011,06/06/2011,07/06/2011,24/06/2011,15/07/2011
751.0,31/05/2011,06/06/2011,07/06/2011,24/06/2011,15/07/2011
752.0,31/05/2011,06/06/2011,07/06/2011,24/06/2011,15/07/2011
753.0,31/05/2011,06/06/2011,07/06/2011,24/06/2011,15/07/2011
754.0,31/05/2011,06/06/2011,07/06/2011,24/06/2011,15/07/2011
755.0,31/05/2011,06/06/2011,07/06/2011,24/06/2011,15/07/2011
756.0,31/05/2011,06/06/2011,07/06/2011,24/06/2011,15/07/2011
757.0,31/05/2011,06/06/2011,07/06/2011,24/06/2011,15/07/2011
758.0,31/05/2011,06/06/2011,07/06/2011,24/06/2011,15/07/2011
759.0,31/05/2011,06/06/2011,07/06/2011,24/06/2011,15/07/2011
760.0,31/05/2011,06/06/2011,07/06/2011,24/06/2011,15/07/2011
761.0,31/05/2011,06/06/2011,07/06/2011,24/06/2011,15/07/2011
762.0,31/05/2011,06/06/2011,07/06/2011,24/06/2011,15/07/2011
763.0,31/05/2011,06/06/2011,07/06/2011,24/06/2011,15/07/2011
764.0,31/05/2011,06/06/2011,07/06/2011,24/06/2011,15/07/2011
765.0,31/05/2011,06/06/2011,07/06/2011,24/06/2011,15/07/2011
766.0,31/05/2011,06/06/2011,07/06/2011,24/06/2011,15/07/2011
767.0,31/05/2011,06/06/2011,07/06/2011,24/06/2011,15/07/2011
768.0,31/05/2011,06/06/2011,07/06/2011,24/06/2011,15/07/2011
769.0,31/05/2011,06/06/2011,07/06/2011,24/06/2011,15/07/2011
770.0,31/05/2011,06/06/2011,07/06/2011,24/06/2011,15/07/2011
771.0,31/05/2011,06/06/2011,07/06/2011,24/06/2011,15/07/2011
772.0,31/05/2011,06/06/2011,07/06/2011,24/06/2011,15/07/2011
773.0,31/05/2011,06/06/2011,07/06/2011,24/06/2011,15/07/2011
774.0,31/05/2011,06/06/2011,07/06/2011,24/06/2011,15/07/2011
775.0,31/05/2011,06/06/2011,07/06/2011,24/06/2011,15/07/2011
776.0,31/05/2011,06/06/2011,07/06/2011,24/06/2011,15/07/2011
777.0,31/05/2011,06/06/2011,07/06/2011,24/06/2011,15/07/2011
778.0,31/05/2011,06/06/2011,07/06/2011,24/06/2011,15/07/2011
779.0,31/05/2011,06/06/2011,07/06/2011,24/06/2011,15/07/2011
780.0,31/05/2011,06/06/2011,07/06/2011,24/06/2011,15/07/2011
781.0,31/05/2011,06/06/2011,07/06/2011,24/06/2011,15/07/2011
782.0,31/05/2011,06/06/2011,07/06/2011,24/06/2011,15/07/2011
783.0,31/05/2011,06/06/2011,07/06/2011,24/06/2011,15/07/2011
784.0,31/05/2011,06/06/2011,07/06/2011,24/06/2011,15/07/2011
785.0,31/05/2011,06/06/2011,07/06/2011,24/06/2011,15/07/2011
786.0,31/05/2011,06/06/2011,07/06/2011,24/06/2011,15/07/2011
787.0,31/05/2011,06/06/2011,07/06/2011,24/06/2011,15/07/2011
788.0,31/05/2011,06/06/2011,07/06/2011,24/06/2011,15/07/2011
789.0,31/05/2011,06/06/2011,07/06/2011,24/06/2011,15/07/2011
790.0,31/05/2011,06/06/2011,07/06/2011,24/06/2011,15/07/2011
791.0,31/05/2011,06/06/2011,07/06/2011,24/06/2011,15/07/2011
792.0,31/05/2011,06/06/2011,07/06/2011,24/06/2011,15/07/2011
793.0,31/05/2011,06/06/2011,07/06/2011,24/06/2011,15/07/2011
794.0,31/05/2011,06/06/2011,07/06/2011,24/06/2011,15/07/2011
795.0,31/05/2011,06/06/2011,07/06/2011,24/06/2011,15/07/2011
796.0,31/05/2011,06/06/2011,07/06/2011,24/06/2011,15/07/2011
797.0,31/05/2011,06/06/2011,07/06/2011,24/06/2011,15/07/2011
798.0,31/05/2011,06/06/2011,07/06/2011,24/06/2011,15/07/2011
799.0,31/05/2011,06/06/2011,07/06/2011,24/06/2011,15/07/2011
800.0,31/05/2011,06/06/2011,07/06/2011,24/06/2011,15/07/2011
801.0,31/05/2011,06/06/2011,07/06/2011,24/06/2011,15/07/2011
802.0,31/05/2011,06/06/2011,07/06/2011,24/06/2011,15/07/2011
803.0,31/05/2011,06/06/2011,07/06/2011,24/06/2011,15/07/2011
804.0,31/05/2011,06/06/2011,07/06/2011,24/06/2011,15/07/2011
805.0,31/05/2011,06/06/2011,07/06/2011,24/06/2011,15/07/2011
806.0,31/05/2011,06/06/2011,07/06/2011,24/06/2011,15/07/2011
807.0,31/05/2011,06/06/2011,07/06/2011,24/06/2011,15/07/2011
808.0,31/05/2011,06/06/2011,07/06/2011,24/06/2011,15/07/2011
809.0,31/05/2011,06/06/2011,07/06/2011,24/06/2011,15/07/2011
810.0,31/05/2011,06/06/2011,07/06/2011,24/06/2011,15/07/2011
811.0,31/05/2011,06/06/2011,07/06/2011,24/06/2011,15/07/2011
812.0,31/05/2011,06/06/2011,07/06/2011,24/06/2011,15/07/2011
813.0,31/05/2011,06/06/2011,07/06/2011,24/06/2011,15/07/2011
814.0,31/05/2011,06/06/2011,07/06/2011,24/06/2011,15/07/2011
815.0,31/05/2011,06/06/2011,07/06/2011,24/06/2011,15/07/2011
816.0,31/05/2011,06/06/2011,07/06/2011,24/06/2011,15/07/2011
817.0,31/05/2011,06/06/2011,07/06/2011,24/06/2011,15/07/2011
818.0,31/05/2011,06/06/2011,07/06/2011,24/06/2011,15/07/2011
819.0,31/05/2011,06/06/2011,07/06/2011,24/06/2011,15/07/2011
820.0,31/05/2011,06/06/2011,07/06/2011,24/06/2011,15/07/2011
821.0,31/05/2011,06/06/2011,07/06/2011,24/06/2011,15/07/2011
822.0,31/05/2011,06/06/2011,07/06/2011,24/06/2011,15/07/2011
823.0,31/05/2011,06/06/2011,07/06/2011,24/06/2011,15/07/2011
824.0,31/05/2011,06/06/2011,07/06/2011,24/06/2011,15/07/2011
825.0,31/05/2011,06/06/2011,07/06/2011,24/06/2011,15/07/2011
826.0,31/05/2011,06/06/2011,07/06/2011,24/06/2011,15/07/2011
827.0,31/05/2011,06/06/2011,07/06/2011,24/06/2011,15/07/2011
828.0,31/05/2011,06/06/2011,07/06/2011,24/06/2011,15/07/2011
829.0,31/05/2011,06/06/2011,07/06/2011,24/06/2011,15/07/2011
830.0,31/05/2011,06/06/2011,07/06/2011,24/06/2011,15/07/2011
831.0,31/05/2011,06/06/2011,07/06/2011,24/06/2011,15/07/2011
832.0,31/05/2011,06/06/2011,07/06/2011,24/06/2011,15/07/2011
833.0,31/05/2011,06/06/2011,07/06/2011,24/06/2011,15/07/2011
834.0,31/05/2011,06/06/2011,07/06/2011,24/06/2011,15/07/2011
835.0,31/05/2011,06/06/2011,07/06/2011,24/06/2011,15/07/2011
836.0,31/05/2011,06/06/2011,07/06/2011,24/06/2011,15/07/2011
837.0,31/05/2011,06/06/2011,07/06/2011,24/06/2011,15/07/2011
838.0,31/05/2011,06/06/2011,07/06/2011,24/06/2011,15/07/2011
839.0,31/05/2011,06/06/2011,07/06/2011,24/06/2011,15/07/2011
840.0,31/05/2011,06/06/2011,07/06/2011,24/06/2011,15/07/2011
841.0,31/05/2011,06/06/2011,07/06/2011,24/06/2011,15/07/2011
842.0,31/05/2011,06/06/2011,07/06/2011,24/06/2011,15/07/2011
843.0,31/05/2011,06/06/2011,07/06/2011,24/06/2011,15/07/2011
844.0,31/05/2011,06/06/2011,07/06/2011,24/06/2011,15/07/2011
845.0,31/05/2011,06/06/2011,07/06/2011,24/06/2011,15/07/2011
846.0,31/05/2011,06/06/2011,07/06/2011,24/06/2011,15/07/2011
847.0,31/05/2011,06/06/2011,07/06/2011,24/06/2011,15/07/2011
848.0,31/05/2011,06/06/2011,07/06/2011,24/06/2011,15/07/2011
849.0,31/05/2011,06/06/2011,07/06/2011,24/06/2011,15/07/2011
850.0,31/05/2011,06/06/2011,07/06/2011,24/06/2011,15/07/2011
851.0,31/05/2011,06/06/2011,07/06/2011,24/06/2011,15/07/2011
852.0,31/05/2011,06/06/2011,07/06/2011,24/06/2011,15/07/2011
853.0,31/05/2011,06/06/2011,07/06/2011,24/06/2011,15/07/2011
854.0,31/05/2011,06/06/2011,07/06/2011,24/06/2011,15/07/2011
855.0,31/05/2011,06/06/2011,07/06/2011,24/06/2011,15/07/2011
856.0,31/05/2011,06/06/2011,07/06/2011,24/06/2011,15/07/2011
857.0,31/05/2011,06/06/2011,07/06/2011,24/06/2011,15/07/2011
858.0,31/05/2011,06/06/2011,07/06/2011,24/06/2011,15/07/2011
859.0,31/05/2011,06/06/2011,07/06/2011,24/06/2011,15/07/2011
860.0,31/05/2011,06/06/2011,07/06/2011,24/06/2011,15/07/2011
861.0,31/05/2011,06/06/2011,07/06/2011,24/06/2011,15/07/2011
862.0,31/05/2011,06/06/2011,07/06/2011,24/06/2011,15/07/2011
863.0,31/05/2011,06/06/2011,07/06/2011,24/06/2011,15/07/2011
864.0,31/05/2011,06/06/2011,07/06/2011,24/06/2011,15/07/2011
865.0,31/05/2011,06/06/2011,07/06/2011,24/06/2011,15/07/2011
866.0,31/05/2011,06/06/2011,07/06/2011,24/06/2011,15/07/2011
867.0,31/05/2011,06/06/2011,07/06/2011,24/06/2011,15/07/2011
868.0,31/05/2011,06/06/2011,07/06/2011,24/06/2011,15/07/2011
869.0,31/05/2011,06/06/2011,07/06/2011,24/06/2011,15/07/2011
870.0,31/05/2011,06/06/2011,07/06/2011,24/06/2011,15/07/2011
871.0,31/05/2011,06/06/2011,07/06/2011,24/06/2011,15/07/2011
872.0,31/05/2011,06/06/2011,07/06/2011,24/06/2011,15/07/2011
873.0,31/05/2011,06/06/2011,07/06/2011,24/06/2011,15/07/2011
874.0,31/05/2011,06/06/2011,07/06/2011,24/06/2011,15/07/2011
875.0,31/05/2011,06/06/2011,07/06/2011,24/06/2011,15/07/2011
876.0,31/05/2011,06/06/2011,07/06/2011,24/06/2011,15/07/2011
877.0,31/05/2011,06/06/2011,07/06/2011,24/06/2011,15/07/2011
878.0,31/05/2011,06/06/2011,07/06/2011,24/06/2011,15/07/2011
879.0,31/05/2011,06/06/2011,07/06/2011,24/06/2011,15/07/2011
880.0,31/05/2011,06/06/2011,07/06/2011,24/06/2011,15/07/2011
881.0,31/05/2011,06/06/2011,07/06/2011,24/06/2011,15/07/2011
882.0,31/05/2011,06/06/2011,07/06/2011,24/06/2011,15/07/2011
883.0,31/05/2011,06/06/2011,07/06/2011,24/06/2011,15/07/2011
884.0,31/05/2011,06/06/2011,07/06/2011,24/06/2011,15/07/2011
885.0,31/05/2011,06/06/2011,07/06/2011,24/06/2011,15/07/2011
886.0,31/05/2011,06/06/2011,07/06/2011,24/06/2011,15/07/2011
887.0,31/05/2011,06/06/2011,07/06/2011,24/06/2011,15/07/2011
888.0,31/05/2011,06/06/2011,07/06/2011,24/06/2011,15/07/2011
889.0,31/05/2011,06/06/2011,07/06/2011,24/06/2011,15/07/2011
890.0,31/05/2011,06/06/2011,07/06/2011,24/06/2011,15/07/2011
891.0,31/05/2011,06/06/2011,07/06/2011,24/06/2011,15/07/2011
892.0,31/05/2011,06/06/2011,07/06/2011,24/06/2011,15/07/2011
893.0,31/05/2011,06/06/2011,07/06/2011,24/06/2011,15/07/2011
894.0,31/05/2011,06/06/2011,07/06/2011,24/06/2011,15/07/2011
895.0,31/05/2011,06/06/2011,07/06/2011,24/06/2011,15/07/2011
896.0,31/05/2011,06/06/2011,07/06/2011,24/06/2011,15/07/2011
897.0,31/05/2011,06/06/2011,07/06/2011,24/06/2011,15/07/2011
898.0,31/05/2011,06/06/2011,07/06/2011,24/06/2011,15/07/2011
899.0,31/05/2011,06/06/2011,07/06/2011,24/06/2011,15/07/2011
900.0,31/05/2011,06/06/2011,07/06/2011,24/06/2011,15/07/2011
901.0,31/05/2011,06/06/2011,07/06/2011,24/06/2011,15/07/2011
902.0,31/05/2011,06/06/2011,07/06/2011,24/06/2011,15/07/2011
903.0,31/05/2011,06/06/2011,07/06/2011,24/06/2011,15/07/2011
904.0,31/05/2011,06/06/2011,07/06/2011,24/06/2011,15/07/2011
905.0,31/05/2011,06/06/2011,07/06/2011,24/06/2011,15/07/2011
906.0,31/05/2011,06/06/2011,07/06/2011,24/06/2011,15/07/2011
907.0,31/05/2011,06/06/2011,07/06/2011,24/06/2011,15/07/2011
908.0,31/05/2011,06/06/2011,07/06/2011,24/06/2011,15/07/2011
909.0,31/05/2011,06/06/2011,07/06/2011,24/06/2011,15/07/2011
910.0,31/05/2011,06/06/2011,07/06/2011,24/06/2011,15/07/2011
911.0,31/05/2011,06/06/2011,07/06/2011,24/06/2011,15/07/2011
912.0,31/05/2011,06/06/2011,07/06/2011,24/06/2011,15/07/2011
913.0,31/05/2011,06/06/2011,07/06/2011,24/06/2011,15/07/2011
914.0,31/05/2011,06/06/2011,07/06/2011,24/06/2011,15/07/2011
915.0,31/05/2011,06/06/2011,07/06/2011,24/06/2011,15/07/2011
916.0,31/05/2011,06/06/2011,07/06/2011,24/06/2011,15/07/2011
917.0,31/05/2011,06/06/2011,07/06/2011,24/06/2011,15/07/2011
918.0,31/05/2011,06/06/2011,07/06/2011,24/06/2011,15/07/2011
919.0,31/05/2011,06/06/2011,07/06/2011,24/06/2011,15/07/2011
920.0,31/05/2011,06/06/2011,07/06/2011,24/06/2011,15/07/2011
921.0,31/05/2011,06/06/2011,07/06/2011,24/06/2011,15/07/2011
922.0,31/05/2011,06/06/2011,07/06/2011,24/06/2011,15/07/2011
923.0,31/05/2011,06/06/2011,07/06/2011,24/06/2011,15/07/2011
924.0,31/05/2011,06/06/2011,07/06/2011,24/06/2011,15/07/2011
925.0,31/05/2011,06/06/2011,07/06/2011,24/06/2011,15/07/2011
926.0,31/05/2011,06/06/2011,07/06/2011,24/06/2011,15/07/2011
927.0,31/05/2011,06/06/2011,07/06/2011,24/06/2011,15/07/2011
928.0,31/05/2011,06/06/2011,07/06/2011,24/06/2011,15/07/2011
929.0,31/05/2011,06/06/2011,07/06/2011,24/06/2011,15/07/2011
930.0,31/05/2011,06/06/2011,07/06/2011,24/06/2011,15/07/2011
931.0,31/05/2011,06/06/2011,07/06/2011,24/06/2011,15/07/2011
932.0,31/05/2011,06/06/2011,07/06/2011,24/06/2011,15/07/2011
933.0,31/05/2011,06/06/2011,07/06/2011,24/06/2011,15/07/2011
934.0,31/05/2011,06/06/2011,07/06/2011,24/06/2011,15/07/2011
935.0,31/05/2011,06/06/2011,07/06/2011,24/06/2011,15/07/2011
936.0,31/05/2011,06/06/2011,07/06/2011,24/06/2011,15/07/2011
937.0,31/05/2011,06/06/2011,07/06/2011,24/06/2011,15/07/2011
938.0,31/05/2011,06/06/2011,07/06/2011,24/06/2011,15/07/2011
939.0,31/05/2011,06/06/2011,07/06/2011,24/06/2011,15/07/2011
940.0,31/05/2011,06/06/2011,07/06/2011,24/06/2011,15/07/2011
941.0,31/05/2011,06/06/2011,07/06/2011,24/06/2011,15/07/2011
942.0,31/05/2011,06/06/2011,07/06/2011,24/06/2011,15/07/2011
943.0,31/05/2011,06/06/2011,07/06/2011,24/06/2011,15/07/2011
944.0,31/05/2011,06/06/2011,07/06/2011,24/06/2011,15/07/2011
945.0,31/05/2011,06/06/2011,07/06/2011,24/06/2011,15/07/2011
946.0,31/05/2011,06/06/2011,07/06/2011,24/06/2011,15/07/2011
947.0,31/05/2011,06/06/2011,07/06/2011,24/06/2011,15/07/2011
948.0,31/05/2011,06/06/2011,07/06/2011,24/06/2011,15/07/2011
949.0,31/05/2011,06/06/2011,07/06/2011,24/06/2011,15/07/2011
950.0,31/05/2011,06/06/2011,07/06/2011,24/06/2011,15/07/2011
951.0,31/05/2011,06/06/2011,07/06/2011,24/06/2011,15/07/2011
952.0,31/05/2011,06/06/2011,07/06/2011,24/06/2011,15/07/2011
953.0,31/05/2011,06/06/2011,07/06/2011,24/06/2011,15/07/2011
954.0,31/05/2011,06/06/2011,07/06/2011,24/06/2011,15/07/2011
955.0,31/05/2011,06/06/2011,07/06/2011,24/06/2011,15/07/2011
956.0,31/05/2011,06/06/2011,07/06/2011,24/06/2011,15/07/2011
957.0,31/05/2011,06/06/2011,07/06/2011,24/06/2011,15/07/2011
958.0,31/05/2011,06/06/2011,07/06/2011,24/06/2011,15/07/2011
959.0,31/05/2011,06/06/2011,07/06/2011,24/06/2011,15/07/2011
960.0,31/05/2011,06/06/2011,07/06/2011,24/06/2011,15/07/2011
961.0,31/05/2011,06/06/2011,07/06/2011,24/06/2011,15/07/2011
962.0,31/05/2011,06/06/2011,07/06/2011,24/06/2011,15/07/2011
963.0,31/05/2011,06/06/2011,07/06/2011,24/06/2011,15/07/2011
