Od,image1,image2,image3,image4,image5,image6
1.0,03/05/2011,10/05/2011,16/05/2011,19/05/2011,29/05/2011,31/05/2011
2.0,03/05/2011,10/05/2011,16/05/2011,19/05/2011,29/05/2011,31/05/2011
3.0,03/05/2011,10/05/2011,16/05/2011,19/05/2011,29/05/2011,31/05/2011
4.0,03/05/2011,10/05/2011,16/05/2011,19/05/2011,29/05/2011,31/05/2011
5.0,03/05/2011,10/05/2011,16/05/2011,19/05/2011,29/05/2011,31/05/2011
6.0,03/05/2011,10/05/2011,16/05/2011,19/05/2011,29/05/2011,31/05/2011
7.0,03/05/2011,10/05/2011,16/05/2011,19/05/2011,29/05/2011,31/05/2011
8.0,03/05/2011,10/05/2011,16/05/2011,19/05/2011,29/05/2011,31/05/2011
9.0,03/05/2011,10/05/2011,16/05/2011,19/05/2011,29/05/2011,31/05/2011
10.0,03/05/2011,10/05/2011,16/05/2011,19/05/2011,29/05/2011,31/05/2011
11.0,03/05/2011,10/05/2011,16/05/2011,19/05/2011,29/05/2011,31/05/2011
12.0,03/05/2011,10/05/2011,16/05/2011,19/05/2011,29/05/2011,31/05/2011
13.0,03/05/2011,10/05/2011,16/05/2011,19/05/2011,29/05/2011,31/05/2011
14.0,03/05/2011,10/05/2011,16/05/2011,19/05/2011,29/05/2011,31/05/2011
15.0,03/05/2011,10/05/2011,16/05/2011,19/05/2011,29/05/2011,31/05/2011
16.0,03/05/2011,10/05/2011,16/05/2011,19/05/2011,29/05/2011,31/05/2011
17.0,03/05/2011,10/05/2011,16/05/2011,19/05/2011,29/05/2011,31/05/2011
18.0,03/05/2011,10/05/2011,16/05/2011,19/05/2011,29/05/2011,31/05/2011
19.0,03/05/2011,10/05/2011,16/05/2011,19/05/2011,29/05/2011,31/05/2011
20.0,03/05/2011,10/05/2011,16/05/2011,19/05/2011,29/05/2011,31/05/2011
21.0,03/05/2011,10/05/2011,16/05/2011,19/05/2011,29/05/2011,31/05/2011
23.0,03/05/2011,10/05/2011,16/05/2011,19/05/2011,29/05/2011,31/05/2011
24.0,03/05/2011,10/05/2011,16/05/2011,19/05/2011,29/05/2011,31/05/2011
25.0,03/05/2011,10/05/2011,16/05/2011,19/05/2011,29/05/2011,31/05/2011
26.0,03/05/2011,10/05/2011,16/05/2011,19/05/2011,29/05/2011,31/05/2011
27.0,03/05/2011,10/05/2011,16/05/2011,19/05/2011,29/05/2011,31/05/2011
28.0,03/05/2011,10/05/2011,16/05/2011,19/05/2011,29/05/2011,31/05/2011
29.0,03/05/2011,10/05/2011,16/05/2011,19/05/2011,29/05/2011,31/05/2011
30.0,03/05/2011,10/05/2011,16/05/2011,19/05/2011,29/05/2011,31/05/2011
31.0,03/05/2011,10/05/2011,16/05/2011,19/05/2011,29/05/2011,31/05/2011
32.0,03/05/2011,10/05/2011,16/05/2011,19/05/2011,29/05/2011,31/05/2011
33.0,03/05/2011,10/05/2011,16/05/2011,19/05/2011,29/05/2011,31/05/2011
34.0,03/05/2011,10/05/2011,16/05/2011,19/05/2011,29/05/2011,31/05/2011
35.0,03/05/2011,10/05/2011,16/05/2011,19/05/2011,29/05/2011,31/05/2011
36.0,03/05/2011,10/05/2011,16/05/2011,19/05/2011,29/05/2011,31/05/2011
37.0,03/05/2011,10/05/2011,16/05/2011,19/05/2011,29/05/2011,31/05/2011
38.0,03/05/2011,10/05/2011,16/05/2011,19/05/2011,29/05/2011,31/05/2011
39.0,03/05/2011,10/05/2011,16/05/2011,19/05/2011,29/05/2011,31/05/2011
40.0,03/05/2011,10/05/2011,16/05/2011,19/05/2011,29/05/2011,31/05/2011
41.0,03/05/2011,10/05/2011,16/05/2011,19/05/2011,29/05/2011,31/05/2011
42.0,03/05/2011,10/05/2011,16/05/2011,19/05/2011,29/05/2011,31/05/2011
43.0,03/05/2011,10/05/2011,16/05/2011,19/05/2011,29/05/2011,31/05/2011
44.0,03/05/2011,10/05/2011,16/05/2011,19/05/2011,29/05/2011,31/05/2011
45.0,03/05/2011,10/05/2011,16/05/2011,19/05/2011,29/05/2011,31/05/2011
46.0,03/05/2011,10/05/2011,16/05/2011,19/05/2011,29/05/2011,31/05/2011
47.0,03/05/2011,10/05/2011,16/05/2011,19/05/2011,29/05/2011,31/05/2011
48.0,03/05/2011,10/05/2011,16/05/2011,19/05/2011,29/05/2011,31/05/2011
49.0,03/05/2011,10/05/2011,16/05/2011,19/05/2011,29/05/2011,31/05/2011
50.0,03/05/2011,10/05/2011,16/05/2011,19/05/2011,29/05/2011,31/05/2011
51.0,03/05/2011,10/05/2011,16/05/2011,19/05/2011,29/05/2011,31/05/2011
52.0,03/05/2011,10/05/2011,16/05/2011,19/05/2011,29/05/2011,31/05/2011
53.0,03/05/2011,10/05/2011,16/05/2011,19/05/2011,29/05/2011,31/05/2011
54.0,03/05/2011,10/05/2011,16/05/2011,19/05/2011,29/05/2011,31/05/2011
55.0,03/05/2011,10/05/2011,16/05/2011,19/05/2011,29/05/2011,31/05/2011
56.0,03/05/2011,10/05/2011,16/05/2011,19/05/2011,29/05/2011,31/05/2011
57.0,03/05/2011,10/05/2011,16/05/2011,19/05/2011,29/05/2011,31/05/2011
58.0,03/05/2011,10/05/2011,16/05/2011,19/05/2011,29/05/2011,31/05/2011
59.0,03/05/2011,10/05/2011,16/05/2011,19/05/2011,29/05/2011,31/05/2011
60.0,03/05/2011,10/05/2011,16/05/2011,19/05/2011,29/05/2011,31/05/2011
61.0,03/05/2011,10/05/2011,16/05/2011,19/05/2011,29/05/2011,31/05/2011
62.0,03/05/2011,10/05/2011,16/05/2011,19/05/2011,29/05/2011,31/05/2011
63.0,03/05/2011,10/05/2011,16/05/2011,19/05/2011,29/05/2011,31/05/2011
64.0,03/05/2011,10/05/2011,16/05/2011,19/05/2011,29/05/2011,31/05/2011
65.0,03/05/2011,10/05/2011,16/05/2011,19/05/2011,29/05/2011,31/05/2011
66.0,03/05/2011,10/05/2011,16/05/2011,19/05/2011,29/05/2011,31/05/2011
67.0,03/05/2011,10/05/2011,16/05/2011,19/05/2011,29/05/2011,31/05/2011
68.0,03/05/2011,10/05/2011,16/05/2011,19/05/2011,29/05/2011,31/05/2011
69.0,03/05/2011,10/05/2011,16/05/2011,19/05/2011,29/05/2011,31/05/2011
70.0,03/05/2011,10/05/2011,16/05/2011,19/05/2011,29/05/2011,31/05/2011
71.0,03/05/2011,10/05/2011,16/05/2011,19/05/2011,29/05/2011,31/05/2011
72.0,03/05/2011,10/05/2011,16/05/2011,19/05/2011,29/05/2011,31/05/2011
73.0,03/05/2011,10/05/2011,16/05/2011,19/05/2011,29/05/2011,31/05/2011
74.0,03/05/2011,10/05/2011,16/05/2011,19/05/2011,29/05/2011,31/05/2011
75.0,03/05/2011,10/05/2011,16/05/2011,19/05/2011,29/05/2011,31/05/2011
76.0,03/05/2011,10/05/2011,16/05/2011,19/05/2011,29/05/2011,31/05/2011
77.0,03/05/2011,10/05/2011,16/05/2011,19/05/2011,29/05/2011,31/05/2011
78.0,03/05/2011,10/05/2011,16/05/2011,19/05/2011,29/05/2011,31/05/2011
79.0,03/05/2011,10/05/2011,16/05/2011,19/05/2011,29/05/2011,31/05/2011
80.0,03/05/2011,10/05/2011,16/05/2011,19/05/2011,29/05/2011,31/05/2011
81.0,03/05/2011,10/05/2011,16/05/2011,19/05/2011,29/05/2011,31/05/2011
82.0,03/05/2011,10/05/2011,16/05/2011,19/05/2011,29/05/2011,31/05/2011
83.0,03/05/2011,10/05/2011,16/05/2011,19/05/2011,29/05/2011,31/05/2011
84.0,03/05/2011,10/05/2011,16/05/2011,19/05/2011,29/05/2011,31/05/2011
85.0,03/05/2011,10/05/2011,16/05/2011,19/05/2011,29/05/2011,31/05/2011
86.0,03/05/2011,10/05/2011,16/05/2011,19/05/2011,29/05/2011,31/05/2011
87.0,03/05/2011,10/05/2011,16/05/2011,19/05/2011,29/05/2011,31/05/2011
88.0,03/05/2011,10/05/2011,16/05/2011,19/05/2011,29/05/2011,31/05/2011
89.0,03/05/2011,10/05/2011,16/05/2011,19/05/2011,29/05/2011,31/05/2011
90.0,03/05/2011,10/05/2011,16/05/2011,19/05/2011,29/05/2011,31/05/2011
91.0,03/05/2011,10/05/2011,16/05/2011,19/05/2011,29/05/2011,31/05/2011
92.0,03/05/2011,10/05/2011,16/05/2011,19/05/2011,29/05/2011,31/05/2011
93.0,03/05/2011,10/05/2011,16/05/2011,19/05/2011,29/05/2011,31/05/2011
94.0,03/05/2011,10/05/2011,16/05/2011,19/05/2011,29/05/2011,31/05/2011
95.0,03/05/2011,10/05/2011,16/05/2011,19/05/2011,29/05/2011,31/05/2011
96.0,03/05/2011,10/05/2011,16/05/2011,19/05/2011,29/05/2011,31/05/2011
97.0,03/05/2011,10/05/2011,16/05/2011,19/05/2011,29/05/2011,31/05/2011
98.0,03/05/2011,10/05/2011,16/05/2011,19/05/2011,29/05/2011,31/05/2011
99.0,03/05/2011,10/05/2011,16/05/2011,19/05/2011,29/05/2011,31/05/2011
100.0,03/05/2011,10/05/2011,16/05/2011,19/05/2011,29/05/2011,31/05/2011
101.0,03/05/2011,10/05/2011,16/05/2011,19/05/2011,29/05/2011,31/05/2011
102.0,03/05/2011,10/05/2011,16/05/2011,19/05/2011,29/05/2011,31/05/2011
103.0,03/05/2011,10/05/2011,16/05/2011,19/05/2011,29/05/2011,31/05/2011
104.0,03/05/2011,10/05/2011,16/05/2011,19/05/2011,29/05/2011,31/05/2011
105.0,03/05/2011,10/05/2011,16/05/2011,19/05/2011,29/05/2011,31/05/2011
106.0,03/05/2011,10/05/2011,16/05/2011,19/05/2011,29/05/2011,31/05/2011
107.0,03/05/2011,10/05/2011,16/05/2011,19/05/2011,29/05/2011,31/05/2011
108.0,03/05/2011,10/05/2011,16/05/2011,19/05/2011,29/05/2011,31/05/2011
109.0,03/05/2011,10/05/2011,16/05/2011,19/05/2011,29/05/2011,31/05/2011
110.0,03/05/2011,10/05/2011,16/05/2011,19/05/2011,29/05/2011,31/05/2011
111.0,03/05/2011,10/05/2011,16/05/2011,19/05/2011,29/05/2011,31/05/2011
112.0,03/05/2011,10/05/2011,16/05/2011,19/05/2011,29/05/2011,31/05/2011
113.0,03/05/2011,10/05/2011,16/05/2011,19/05/2011,29/05/2011,31/05/2011
114.0,03/05/2011,10/05/2011,16/05/2011,19/05/2011,29/05/2011,31/05/2011
115.0,03/05/2011,10/05/2011,16/05/2011,19/05/2011,29/05/2011,31/05/2011
116.0,03/05/2011,10/05/2011,16/05/2011,19/05/2011,29/05/2011,31/05/2011
117.0,03/05/2011,10/05/2011,16/05/2011,19/05/2011,29/05/2011,31/05/2011
118.0,03/05/2011,10/05/2011,16/05/2011,19/05/2011,29/05/2011,31/05/2011
119.0,03/05/2011,10/05/2011,16/05/2011,19/05/2011,29/05/2011,31/05/2011
120.0,03/05/2011,10/05/2011,16/05/2011,19/05/2011,29/05/2011,31/05/2011
121.0,03/05/2011,10/05/2011,16/05/2011,19/05/2011,29/05/2011,31/05/2011
122.0,03/05/2011,10/05/2011,16/05/2011,19/05/2011,29/05/2011,31/05/2011
123.0,03/05/2011,10/05/2011,16/05/2011,19/05/2011,29/05/2011,31/05/2011
124.0,03/05/2011,10/05/2011,16/05/2011,19/05/2011,29/05/2011,31/05/2011
125.0,03/05/2011,10/05/2011,16/05/2011,19/05/2011,29/05/2011,31/05/2011
126.0,03/05/2011,10/05/2011,16/05/2011,19/05/2011,29/05/2011,31/05/2011
127.0,03/05/2011,10/05/2011,16/05/2011,19/05/2011,29/05/2011,31/05/2011
128.0,03/05/2011,10/05/2011,16/05/2011,19/05/2011,29/05/2011,31/05/2011
129.0,03/05/2011,10/05/2011,16/05/2011,19/05/2011,29/05/2011,31/05/2011
130.0,03/05/2011,10/05/2011,16/05/2011,19/05/2011,29/05/2011,31/05/2011
131.0,03/05/2011,10/05/2011,16/05/2011,19/05/2011,29/05/2011,31/05/2011
132.0,03/05/2011,10/05/2011,16/05/2011,19/05/2011,29/05/2011,31/05/2011
133.0,03/05/2011,10/05/2011,16/05/2011,19/05/2011,29/05/2011,31/05/2011
134.0,03/05/2011,10/05/2011,16/05/2011,19/05/2011,29/05/2011,31/05/2011
135.0,03/05/2011,10/05/2011,16/05/2011,19/05/2011,29/05/2011,31/05/2011
136.0,03/05/2011,10/05/2011,16/05/2011,19/05/2011,29/05/2011,31/05/2011
137.0,03/05/2011,10/05/2011,16/05/2011,19/05/2011,29/05/2011,31/05/2011
138.0,03/05/2011,10/05/2011,16/05/2011,19/05/2011,29/05/2011,31/05/2011
139.0,03/05/2011,10/05/2011,16/05/2011,19/05/2011,29/05/2011,31/05/2011
140.0,03/05/2011,10/05/2011,16/05/2011,19/05/2011,29/05/2011,31/05/2011
141.0,03/05/2011,10/05/2011,16/05/2011,19/05/2011,29/05/2011,31/05/2011
142.0,03/05/2011,10/05/2011,16/05/2011,19/05/2011,29/05/2011,31/05/2011
143.0,03/05/2011,10/05/2011,16/05/2011,19/05/2011,29/05/2011,31/05/2011
144.0,03/05/2011,10/05/2011,16/05/2011,19/05/2011,29/05/2011,31/05/2011
145.0,03/05/2011,10/05/2011,16/05/2011,19/05/2011,29/05/2011,31/05/2011
146.0,03/05/2011,10/05/2011,16/05/2011,19/05/2011,29/05/2011,31/05/2011
147.0,03/05/2011,10/05/2011,16/05/2011,19/05/2011,29/05/2011,31/05/2011
148.0,03/05/2011,10/05/2011,16/05/2011,19/05/2011,29/05/2011,31/05/2011
149.0,03/05/2011,10/05/2011,16/05/2011,19/05/2011,29/05/2011,31/05/2011
150.0,03/05/2011,10/05/2011,16/05/2011,19/05/2011,29/05/2011,31/05/2011
151.0,03/05/2011,10/05/2011,16/05/2011,19/05/2011,29/05/2011,31/05/2011
152.0,03/05/2011,10/05/2011,16/05/2011,19/05/2011,29/05/2011,31/05/2011
153.0,03/05/2011,10/05/2011,16/05/2011,19/05/2011,29/05/2011,31/05/2011
154.0,03/05/2011,10/05/2011,16/05/2011,19/05/2011,29/05/2011,31/05/2011
155.0,03/05/2011,10/05/2011,16/05/2011,19/05/2011,29/05/2011,31/05/2011
156.0,03/05/2011,10/05/2011,16/05/2011,19/05/2011,29/05/2011,31/05/2011
157.0,03/05/2011,10/05/2011,16/05/2011,19/05/2011,29/05/2011,31/05/2011
158.0,03/05/2011,10/05/2011,16/05/2011,19/05/2011,29/05/2011,31/05/2011
159.0,03/05/2011,10/05/2011,16/05/2011,19/05/2011,29/05/2011,31/05/2011
160.0,03/05/2011,10/05/2011,16/05/2011,19/05/2011,29/05/2011,31/05/2011
161.0,03/05/2011,10/05/2011,16/05/2011,19/05/2011,29/05/2011,31/05/2011
162.0,03/05/2011,10/05/2011,16/05/2011,19/05/2011,29/05/2011,31/05/2011
163.0,03/05/2011,10/05/2011,16/05/2011,19/05/2011,29/05/2011,31/05/2011
164.0,03/05/2011,10/05/2011,16/05/2011,19/05/2011,29/05/2011,31/05/2011
165.0,03/05/2011,10/05/2011,16/05/2011,19/05/2011,29/05/2011,31/05/2011
166.0,03/05/2011,10/05/2011,16/05/2011,19/05/2011,29/05/2011,31/05/2011
167.0,03/05/2011,10/05/2011,16/05/2011,19/05/2011,29/05/2011,31/05/2011
168.0,03/05/2011,10/05/2011,16/05/2011,19/05/2011,29/05/2011,31/05/2011
169.0,03/05/2011,10/05/2011,16/05/2011,19/05/2011,29/05/2011,31/05/2011
170.0,03/05/2011,10/05/2011,16/05/2011,19/05/2011,29/05/2011,31/05/2011
171.0,03/05/2011,10/05/2011,16/05/2011,19/05/2011,29/05/2011,31/05/2011
172.0,03/05/2011,10/05/2011,16/05/2011,19/05/2011,29/05/2011,31/05/2011
173.0,03/05/2011,10/05/2011,16/05/2011,19/05/2011,29/05/2011,31/05/2011
174.0,03/05/2011,10/05/2011,16/05/2011,19/05/2011,29/05/2011,31/05/2011
175.0,03/05/2011,10/05/2011,16/05/2011,19/05/2011,29/05/2011,31/05/2011
176.0,03/05/2011,10/05/2011,16/05/2011,19/05/2011,29/05/2011,31/05/2011
177.0,03/05/2011,10/05/2011,16/05/2011,19/05/2011,29/05/2011,31/05/2011
178.0,03/05/2011,10/05/2011,16/05/2011,19/05/2011,29/05/2011,31/05/2011
179.0,03/05/2011,10/05/2011,16/05/2011,19/05/2011,29/05/2011,31/05/2011
180.0,03/05/2011,10/05/2011,16/05/2011,19/05/2011,29/05/2011,31/05/2011
181.0,03/05/2011,10/05/2011,16/05/2011,19/05/2011,29/05/2011,31/05/2011
182.0,03/05/2011,10/05/2011,16/05/2011,19/05/2011,29/05/2011,31/05/2011
183.0,03/05/2011,10/05/2011,16/05/2011,19/05/2011,29/05/2011,31/05/2011
184.0,03/05/2011,10/05/2011,16/05/2011,19/05/2011,29/05/2011,31/05/2011
185.0,03/05/2011,10/05/2011,16/05/2011,19/05/2011,29/05/2011,31/05/2011
186.0,03/05/2011,10/05/2011,16/05/2011,19/05/2011,29/05/2011,31/05/2011
187.0,03/05/2011,10/05/2011,16/05/2011,19/05/2011,29/05/2011,31/05/2011
188.0,03/05/2011,10/05/2011,16/05/2011,19/05/2011,29/05/2011,31/05/2011
189.0,03/05/2011,10/05/2011,16/05/2011,19/05/2011,29/05/2011,31/05/2011
190.0,03/05/2011,10/05/2011,16/05/2011,19/05/2011,29/05/2011,31/05/2011
191.0,03/05/2011,10/05/2011,16/05/2011,19/05/2011,29/05/2011,31/05/2011
192.0,03/05/2011,10/05/2011,16/05/2011,19/05/2011,29/05/2011,31/05/2011
193.0,03/05/2011,10/05/2011,16/05/2011,19/05/2011,29/05/2011,31/05/2011
194.0,03/05/2011,10/05/2011,16/05/2011,19/05/2011,29/05/2011,31/05/2011
195.0,03/05/2011,10/05/2011,16/05/2011,19/05/2011,29/05/2011,31/05/2011
196.0,03/05/2011,10/05/2011,16/05/2011,19/05/2011,29/05/2011,31/05/2011
197.0,03/05/2011,10/05/2011,16/05/2011,19/05/2011,29/05/2011,31/05/2011
198.0,03/05/2011,10/05/2011,16/05/2011,19/05/2011,29/05/2011,31/05/2011
199.0,03/05/2011,10/05/2011,16/05/2011,19/05/2011,29/05/2011,31/05/2011
200.0,03/05/2011,10/05/2011,16/05/2011,19/05/2011,29/05/2011,31/05/2011
201.0,03/05/2011,10/05/2011,16/05/2011,19/05/2011,29/05/2011,31/05/2011
202.0,03/05/2011,10/05/2011,16/05/2011,19/05/2011,29/05/2011,31/05/2011
203.0,03/05/2011,10/05/2011,16/05/2011,19/05/2011,29/05/2011,31/05/2011
204.0,03/05/2011,10/05/2011,16/05/2011,19/05/2011,29/05/2011,31/05/2011
205.0,03/05/2011,10/05/2011,16/05/2011,19/05/2011,29/05/2011,31/05/2011
206.0,03/05/2011,10/05/2011,16/05/2011,19/05/2011,29/05/2011,31/05/2011
207.0,03/05/2011,10/05/2011,16/05/2011,19/05/2011,29/05/2011,31/05/2011
208.0,03/05/2011,10/05/2011,16/05/2011,19/05/2011,29/05/2011,31/05/2011
209.0,03/05/2011,10/05/2011,16/05/2011,19/05/2011,29/05/2011,31/05/2011
210.0,03/05/2011,10/05/2011,16/05/2011,19/05/2011,29/05/2011,31/05/2011
211.0,03/05/2011,10/05/2011,16/05/2011,19/05/2011,29/05/2011,31/05/2011
212.0,03/05/2011,10/05/2011,16/05/2011,19/05/2011,29/05/2011,31/05/2011
213.0,03/05/2011,10/05/2011,16/05/2011,19/05/2011,29/05/2011,31/05/2011
214.0,03/05/2011,10/05/2011,16/05/2011,19/05/2011,29/05/2011,31/05/2011
215.0,03/05/2011,10/05/2011,16/05/2011,19/05/2011,29/05/2011,31/05/2011
216.0,03/05/2011,10/05/2011,16/05/2011,19/05/2011,29/05/2011,31/05/2011
217.0,03/05/2011,10/05/2011,16/05/2011,19/05/2011,29/05/2011,31/05/2011
218.0,03/05/2011,10/05/2011,16/05/2011,19/05/2011,29/05/2011,31/05/2011
219.0,03/05/2011,10/05/2011,16/05/2011,19/05/2011,29/05/2011,31/05/2011
220.0,03/05/2011,10/05/2011,16/05/2011,19/05/2011,29/05/2011,31/05/2011
221.0,03/05/2011,10/05/2011,16/05/2011,19/05/2011,29/05/2011,31/05/2011
222.0,03/05/2011,10/05/2011,16/05/2011,19/05/2011,29/05/2011,31/05/2011
223.0,03/05/2011,10/05/2011,16/05/2011,19/05/2011,29/05/2011,31/05/2011
224.0,03/05/2011,10/05/2011,16/05/2011,19/05/2011,29/05/2011,31/05/2011
225.0,03/05/2011,10/05/2011,16/05/2011,19/05/2011,29/05/2011,31/05/2011
226.0,03/05/2011,10/05/2011,16/05/2011,19/05/2011,29/05/2011,31/05/2011
227.0,03/05/2011,10/05/2011,16/05/2011,19/05/2011,29/05/2011,31/05/2011
228.0,03/05/2011,10/05/2011,16/05/2011,19/05/2011,29/05/2011,31/05/2011
229.0,03/05/2011,10/05/2011,16/05/2011,19/05/2011,29/05/2011,31/05/2011
230.0,03/05/2011,10/05/2011,16/05/2011,19/05/2011,29/05/2011,31/05/2011
231.0,03/05/2011,10/05/2011,16/05/2011,19/05/2011,29/05/2011,31/05/2011
232.0,03/05/2011,10/05/2011,16/05/2011,19/05/2011,29/05/2011,31/05/2011
233.0,03/05/2011,10/05/2011,16/05/2011,19/05/2011,29/05/2011,31/05/2011
234.0,03/05/2011,10/05/2011,16/05/2011,19/05/2011,29/05/2011,31/05/2011
235.0,03/05/2011,10/05/2011,16/05/2011,19/05/2011,29/05/2011,31/05/2011
236.0,03/05/2011,10/05/2011,16/05/2011,19/05/2011,29/05/2011,31/05/2011
237.0,03/05/2011,10/05/2011,16/05/2011,19/05/2011,29/05/2011,31/05/2011
238.0,03/05/2011,10/05/2011,16/05/2011,19/05/2011,29/05/2011,31/05/2011
239.0,03/05/2011,10/05/2011,16/05/2011,19/05/2011,29/05/2011,31/05/2011
240.0,03/05/2011,10/05/2011,16/05/2011,19/05/2011,29/05/2011,31/05/2011
241.0,03/05/2011,10/05/2011,16/05/2011,19/05/2011,29/05/2011,31/05/2011
242.0,03/05/2011,10/05/2011,16/05/2011,19/05/2011,29/05/2011,31/05/2011
243.0,03/05/2011,10/05/2011,16/05/2011,19/05/2011,29/05/2011,31/05/2011
244.0,03/05/2011,10/05/2011,16/05/2011,19/05/2011,29/05/2011,31/05/2011
245.0,03/05/2011,10/05/2011,16/05/2011,19/05/2011,29/05/2011,31/05/2011
246.0,03/05/2011,10/05/2011,16/05/2011,19/05/2011,29/05/2011,31/05/2011
247.0,03/05/2011,10/05/2011,16/05/2011,19/05/2011,29/05/2011,31/05/2011
248.0,03/05/2011,10/05/2011,16/05/2011,19/05/2011,29/05/2011,31/05/2011
249.0,03/05/2011,10/05/2011,16/05/2011,19/05/2011,29/05/2011,31/05/2011
250.0,03/05/2011,10/05/2011,16/05/2011,19/05/2011,29/05/2011,31/05/2011
251.0,03/05/2011,10/05/2011,16/05/2011,19/05/2011,29/05/2011,31/05/2011
252.0,03/05/2011,10/05/2011,16/05/2011,19/05/2011,29/05/2011,31/05/2011
253.0,03/05/2011,10/05/2011,16/05/2011,19/05/2011,29/05/2011,31/05/2011
254.0,03/05/2011,10/05/2011,16/05/2011,19/05/2011,29/05/2011,31/05/2011
255.0,03/05/2011,10/05/2011,16/05/2011,19/05/2011,29/05/2011,31/05/2011
256.0,03/05/2011,10/05/2011,16/05/2011,19/05/2011,29/05/2011,31/05/2011
257.0,03/05/2011,10/05/2011,16/05/2011,19/05/2011,29/05/2011,31/05/2011
258.0,03/05/2011,10/05/2011,16/05/2011,19/05/2011,29/05/2011,31/05/2011
259.0,03/05/2011,10/05/2011,16/05/2011,19/05/2011,29/05/2011,31/05/2011
260.0,03/05/2011,10/05/2011,16/05/2011,19/05/2011,29/05/2011,31/05/2011
261.0,03/05/2011,10/05/2011,16/05/2011,19/05/2011,29/05/2011,31/05/2011
262.0,03/05/2011,10/05/2011,16/05/2011,19/05/2011,29/05/2011,31/05/2011
263.0,03/05/2011,10/05/2011,16/05/2011,19/05/2011,29/05/2011,31/05/2011
264.0,03/05/2011,10/05/2011,16/05/2011,19/05/2011,29/05/2011,31/05/2011
265.0,03/05/2011,10/05/2011,16/05/2011,19/05/2011,29/05/2011,31/05/2011
266.0,03/05/2011,10/05/2011,16/05/2011,19/05/2011,29/05/2011,31/05/2011
267.0,03/05/2011,10/05/2011,16/05/2011,19/05/2011,29/05/2011,31/05/2011
268.0,03/05/2011,10/05/2011,16/05/2011,19/05/2011,29/05/2011,31/05/2011
269.0,03/05/2011,10/05/2011,16/05/2011,19/05/2011,29/05/2011,31/05/2011
270.0,03/05/2011,10/05/2011,16/05/2011,19/05/2011,29/05/2011,31/05/2011
271.0,03/05/2011,10/05/2011,16/05/2011,19/05/2011,29/05/2011,31/05/2011
272.0,03/05/2011,10/05/2011,16/05/2011,19/05/2011,29/05/2011,31/05/2011
273.0,03/05/2011,10/05/2011,16/05/2011,19/05/2011,29/05/2011,31/05/2011
274.0,03/05/2011,10/05/2011,16/05/2011,19/05/2011,29/05/2011,31/05/2011
275.0,03/05/2011,10/05/2011,16/05/2011,19/05/2011,29/05/2011,31/05/2011
276.0,03/05/2011,10/05/2011,16/05/2011,19/05/2011,29/05/2011,31/05/2011
277.0,03/05/2011,10/05/2011,16/05/2011,19/05/2011,29/05/2011,31/05/2011
278.0,03/05/2011,10/05/2011,16/05/2011,19/05/2011,29/05/2011,31/05/2011
279.0,03/05/2011,10/05/2011,16/05/2011,19/05/2011,29/05/2011,31/05/2011
280.0,03/05/2011,10/05/2011,16/05/2011,19/05/2011,29/05/2011,31/05/2011
281.0,03/05/2011,10/05/2011,16/05/2011,19/05/2011,29/05/2011,31/05/2011
282.0,03/05/2011,10/05/2011,16/05/2011,19/05/2011,29/05/2011,31/05/2011
283.0,03/05/2011,10/05/2011,16/05/2011,19/05/2011,29/05/2011,31/05/2011
284.0,03/05/2011,10/05/2011,16/05/2011,19/05/2011,29/05/2011,31/05/2011
285.0,03/05/2011,10/05/2011,16/05/2011,19/05/2011,29/05/2011,31/05/2011
286.0,03/05/2011,10/05/2011,16/05/2011,19/05/2011,29/05/2011,31/05/2011
287.0,03/05/2011,10/05/2011,16/05/2011,19/05/2011,29/05/2011,31/05/2011
288.0,03/05/2011,10/05/2011,16/05/2011,19/05/2011,29/05/2011,31/05/2011
289.0,03/05/2011,10/05/2011,16/05/2011,19/05/2011,29/05/2011,31/05/2011
290.0,03/05/2011,10/05/2011,16/05/2011,19/05/2011,29/05/2011,31/05/2011
291.0,03/05/2011,10/05/2011,16/05/2011,19/05/2011,29/05/2011,31/05/2011
292.0,03/05/2011,10/05/2011,16/05/2011,19/05/2011,29/05/2011,31/05/2011
293.0,03/05/2011,10/05/2011,16/05/2011,19/05/2011,29/05/2011,31/05/2011
294.0,03/05/2011,10/05/2011,16/05/2011,19/05/2011,29/05/2011,31/05/2011
295.0,03/05/2011,10/05/2011,16/05/2011,19/05/2011,29/05/2011,31/05/2011
296.0,03/05/2011,10/05/2011,16/05/2011,19/05/2011,29/05/2011,31/05/2011
297.0,03/05/2011,10/05/2011,16/05/2011,19/05/2011,29/05/2011,31/05/2011
298.0,03/05/2011,10/05/2011,16/05/2011,19/05/2011,29/05/2011,31/05/2011
299.0,03/05/2011,10/05/2011,16/05/2011,19/05/2011,29/05/2011,31/05/2011
300.0,03/05/2011,10/05/2011,16/05/2011,19/05/2011,29/05/2011,31/05/2011
301.0,03/05/2011,10/05/2011,16/05/2011,19/05/2011,29/05/2011,31/05/2011
302.0,03/05/2011,10/05/2011,16/05/2011,19/05/2011,29/05/2011,31/05/2011
303.0,03/05/2011,10/05/2011,16/05/2011,19/05/2011,29/05/2011,31/05/2011
304.0,03/05/2011,10/05/2011,16/05/2011,19/05/2011,29/05/2011,31/05/2011
305.0,03/05/2011,10/05/2011,16/05/2011,19/05/2011,29/05/2011,31/05/2011
306.0,03/05/2011,10/05/2011,16/05/2011,19/05/2011,29/05/2011,31/05/2011
307.0,03/05/2011,10/05/2011,16/05/2011,19/05/2011,29/05/2011,31/05/2011
308.0,03/05/2011,10/05/2011,16/05/2011,19/05/2011,29/05/2011,31/05/2011
309.0,03/05/2011,10/05/2011,16/05/2011,19/05/2011,29/05/2011,31/05/2011
310.0,03/05/2011,10/05/2011,16/05/2011,19/05/2011,29/05/2011,31/05/2011
311.0,03/05/2011,10/05/2011,16/05/2011,19/05/2011,29/05/2011,31/05/2011
312.0,03/05/2011,10/05/2011,16/05/2011,19/05/2011,29/05/2011,31/05/2011
313.0,03/05/2011,10/05/2011,16/05/2011,19/05/2011,29/05/2011,31/05/2011
314.0,03/05/2011,10/05/2011,16/05/2011,19/05/2011,29/05/2011,31/05/2011
315.0,03/05/2011,10/05/2011,16/05/2011,19/05/2011,29/05/2011,31/05/2011
316.0,03/05/2011,10/05/2011,16/05/2011,19/05/2011,29/05/2011,31/05/2011
317.0,03/05/2011,10/05/2011,16/05/2011,19/05/2011,29/05/2011,31/05/2011
318.0,03/05/2011,10/05/2011,16/05/2011,19/05/2011,29/05/2011,31/05/2011
319.0,03/05/2011,10/05/2011,16/05/2011,19/05/2011,29/05/2011,31/05/2011
320.0,03/05/2011,10/05/2011,16/05/2011,19/05/2011,29/05/2011,31/05/2011
321.0,03/05/2011,10/05/2011,16/05/2011,19/05/2011,29/05/2011,31/05/2011
322.0,03/05/2011,10/05/2011,16/05/2011,19/05/2011,29/05/2011,31/05/2011
323.0,03/05/2011,10/05/2011,16/05/2011,19/05/2011,29/05/2011,31/05/2011
324.0,03/05/2011,10/05/2011,16/05/2011,19/05/2011,29/05/2011,31/05/2011
325.0,03/05/2011,10/05/2011,16/05/2011,19/05/2011,29/05/2011,31/05/2011
326.0,03/05/2011,10/05/2011,16/05/2011,19/05/2011,29/05/2011,31/05/2011
327.0,03/05/2011,10/05/2011,16/05/2011,19/05/2011,29/05/2011,31/05/2011
328.0,03/05/2011,10/05/2011,16/05/2011,19/05/2011,29/05/2011,31/05/2011
329.0,03/05/2011,10/05/2011,16/05/2011,19/05/2011,29/05/2011,31/05/2011
330.0,03/05/2011,10/05/2011,16/05/2011,19/05/2011,29/05/2011,31/05/2011
331.0,03/05/2011,10/05/2011,16/05/2011,19/05/2011,29/05/2011,31/05/2011
332.0,03/05/2011,10/05/2011,16/05/2011,19/05/2011,29/05/2011,31/05/2011
333.0,03/05/2011,10/05/2011,16/05/2011,19/05/2011,29/05/2011,31/05/2011
334.0,03/05/2011,10/05/2011,16/05/2011,19/05/2011,29/05/2011,31/05/2011
335.0,03/05/2011,10/05/2011,16/05/2011,19/05/2011,29/05/2011,31/05/2011
336.0,03/05/2011,10/05/2011,16/05/2011,19/05/2011,29/05/2011,31/05/2011
337.0,03/05/2011,10/05/2011,16/05/2011,19/05/2011,29/05/2011,31/05/2011
338.0,03/05/2011,10/05/2011,16/05/2011,19/05/2011,29/05/2011,31/05/2011
339.0,03/05/2011,10/05/2011,16/05/2011,19/05/2011,29/05/2011,31/05/2011
340.0,03/05/2011,10/05/2011,16/05/2011,19/05/2011,29/05/2011,31/05/2011
341.0,03/05/2011,10/05/2011,16/05/2011,19/05/2011,29/05/2011,31/05/2011
342.0,03/05/2011,10/05/2011,16/05/2011,19/05/2011,29/05/2011,31/05/2011
343.0,03/05/2011,10/05/2011,16/05/2011,19/05/2011,29/05/2011,31/05/2011
344.0,03/05/2011,10/05/2011,16/05/2011,19/05/2011,29/05/2011,31/05/2011
345.0,03/05/2011,10/05/2011,16/05/2011,19/05/2011,29/05/2011,31/05/2011
346.0,03/05/2011,10/05/2011,16/05/2011,19/05/2011,29/05/2011,31/05/2011
347.0,03/05/2011,10/05/2011,16/05/2011,19/05/2011,29/05/2011,31/05/2011
348.0,03/05/2011,10/05/2011,16/05/2011,19/05/2011,29/05/2011,31/05/2011
349.0,03/05/2011,10/05/2011,16/05/2011,19/05/2011,29/05/2011,31/05/2011
350.0,03/05/2011,10/05/2011,16/05/2011,19/05/2011,29/05/2011,31/05/2011
351.0,03/05/2011,10/05/2011,16/05/2011,19/05/2011,29/05/2011,31/05/2011
352.0,03/05/2011,10/05/2011,16/05/2011,19/05/2011,29/05/2011,31/05/2011
353.0,03/05/2011,10/05/2011,16/05/2011,19/05/2011,29/05/2011,31/05/2011
354.0,03/05/2011,10/05/2011,16/05/2011,19/05/2011,29/05/2011,31/05/2011
355.0,03/05/2011,10/05/2011,16/05/2011,19/05/2011,29/05/2011,31/05/2011
356.0,03/05/2011,10/05/2011,16/05/2011,19/05/2011,29/05/2011,31/05/2011
357.0,03/05/2011,10/05/2011,16/05/2011,19/05/2011,29/05/2011,31/05/2011
358.0,03/05/2011,10/05/2011,16/05/2011,19/05/2011,29/05/2011,31/05/2011
359.0,03/05/2011,10/05/2011,16/05/2011,19/05/2011,29/05/2011,31/05/2011
360.0,03/05/2011,10/05/2011,16/05/2011,19/05/2011,29/05/2011,31/05/2011
361.0,03/05/2011,10/05/2011,16/05/2011,19/05/2011,29/05/2011,31/05/2011
362.0,03/05/2011,10/05/2011,16/05/2011,19/05/2011,29/05/2011,31/05/2011
363.0,03/05/2011,10/05/2011,16/05/2011,19/05/2011,29/05/2011,31/05/2011
364.0,03/05/2011,10/05/2011,16/05/2011,19/05/2011,29/05/2011,31/05/2011
365.0,03/05/2011,10/05/2011,16/05/2011,19/05/2011,29/05/2011,31/05/2011
366.0,03/05/2011,10/05/2011,16/05/2011,19/05/2011,29/05/2011,31/05/2011
367.0,03/05/2011,10/05/2011,16/05/2011,19/05/2011,29/05/2011,31/05/2011
368.0,03/05/2011,10/05/2011,16/05/2011,19/05/2011,29/05/2011,31/05/2011
369.0,03/05/2011,10/05/2011,16/05/2011,19/05/2011,29/05/2011,31/05/2011
370.0,03/05/2011,10/05/2011,16/05/2011,19/05/2011,29/05/2011,31/05/2011
371.0,03/05/2011,10/05/2011,16/05/2011,19/05/2011,29/05/2011,31/05/2011
372.0,03/05/2011,10/05/2011,16/05/2011,19/05/2011,29/05/2011,31/05/2011
373.0,03/05/2011,10/05/2011,16/05/2011,19/05/2011,29/05/2011,31/05/2011
374.0,03/05/2011,10/05/2011,16/05/2011,19/05/2011,29/05/2011,31/05/2011
375.0,03/05/2011,10/05/2011,16/05/2011,19/05/2011,29/05/2011,31/05/2011
376.0,03/05/2011,10/05/2011,16/05/2011,19/05/2011,29/05/2011,31/05/2011
377.0,03/05/2011,10/05/2011,16/05/2011,19/05/2011,29/05/2011,31/05/2011
378.0,03/05/2011,10/05/2011,16/05/2011,19/05/2011,29/05/2011,31/05/2011
379.0,03/05/2011,10/05/2011,16/05/2011,19/05/2011,29/05/2011,31/05/2011
380.0,03/05/2011,10/05/2011,16/05/2011,19/05/2011,29/05/2011,31/05/2011
381.0,03/05/2011,10/05/2011,16/05/2011,19/05/2011,29/05/2011,31/05/2011
382.0,03/05/2011,10/05/2011,16/05/2011,19/05/2011,29/05/2011,31/05/2011
383.0,03/05/2011,10/05/2011,16/05/2011,19/05/2011,29/05/2011,31/05/2011
384.0,03/05/2011,10/05/2011,16/05/2011,19/05/2011,29/05/2011,31/05/2011
385.0,03/05/2011,10/05/2011,16/05/2011,19/05/2011,29/05/2011,31/05/2011
386.0,03/05/2011,10/05/2011,16/05/2011,19/05/2011,29/05/2011,31/05/2011
387.0,03/05/2011,10/05/2011,16/05/2011,19/05/2011,29/05/2011,31/05/2011
388.0,03/05/2011,10/05/2011,16/05/2011,19/05/2011,29/05/2011,31/05/2011
389.0,03/05/2011,10/05/2011,16/05/2011,19/05/2011,29/05/2011,31/05/2011
390.0,03/05/2011,10/05/2011,16/05/2011,19/05/2011,29/05/2011,31/05/2011
391.0,03/05/2011,10/05/2011,16/05/2011,19/05/2011,29/05/2011,31/05/2011
392.0,03/05/2011,10/05/2011,16/05/2011,19/05/2011,29/05/2011,31/05/2011
393.0,03/05/2011,10/05/2011,16/05/2011,19/05/2011,29/05/2011,31/05/2011
394.0,03/05/2011,10/05/2011,16/05/2011,19/05/2011,29/05/2011,31/05/2011
395.0,03/05/2011,10/05/2011,16/05/2011,19/05/2011,29/05/2011,31/05/2011
396.0,03/05/2011,10/05/2011,16/05/2011,19/05/2011,29/05/2011,31/05/2011
397.0,03/05/2011,10/05/2011,16/05/2011,19/05/2011,29/05/2011,31/05/2011
398.0,03/05/2011,10/05/2011,16/05/2011,19/05/2011,29/05/2011,31/05/2011
399.0,03/05/2011,10/05/2011,16/05/2011,19/05/2011,29/05/2011,31/05/2011
400.0,03/05/2011,10/05/2011,16/05/2011,19/05/2011,29/05/2011,31/05/2011
401.0,03/05/2011,10/05/2011,16/05/2011,19/05/2011,29/05/2011,31/05/2011
402.0,03/05/2011,10/05/2011,16/05/2011,19/05/2011,29/05/2011,31/05/2011
403.0,03/05/2011,10/05/2011,16/05/2011,19/05/2011,29/05/2011,31/05/2011
404.0,03/05/2011,10/05/2011,16/05/2011,19/05/2011,29/05/2011,31/05/2011
405.0,03/05/2011,10/05/2011,16/05/2011,19/05/2011,29/05/2011,31/05/2011
406.0,03/05/2011,10/05/2011,16/05/2011,19/05/2011,29/05/2011,31/05/2011
407.0,03/05/2011,10/05/2011,16/05/2011,19/05/2011,29/05/2011,31/05/2011
408.0,03/05/2011,10/05/2011,16/05/2011,19/05/2011,29/05/2011,31/05/2011
409.0,03/05/2011,10/05/2011,16/05/2011,19/05/2011,29/05/2011,31/05/2011
410.0,03/05/2011,10/05/2011,16/05/2011,19/05/2011,29/05/2011,31/05/2011
411.0,03/05/2011,10/05/2011,16/05/2011,19/05/2011,29/05/2011,31/05/2011
412.0,03/05/2011,10/05/2011,16/05/2011,19/05/2011,29/05/2011,31/05/2011
413.0,03/05/2011,10/05/2011,16/05/2011,19/05/2011,29/05/2011,31/05/2011
414.0,03/05/2011,10/05/2011,16/05/2011,19/05/2011,29/05/2011,31/05/2011
415.0,03/05/2011,10/05/2011,16/05/2011,19/05/2011,29/05/2011,31/05/2011
416.0,03/05/2011,10/05/2011,16/05/2011,19/05/2011,29/05/2011,31/05/2011
417.0,03/05/2011,10/05/2011,16/05/2011,19/05/2011,29/05/2011,31/05/2011
418.0,03/05/2011,10/05/2011,16/05/2011,19/05/2011,29/05/2011,31/05/2011
419.0,03/05/2011,10/05/2011,16/05/2011,19/05/2011,29/05/2011,31/05/2011
420.0,03/05/2011,10/05/2011,16/05/2011,19/05/2011,29/05/2011,31/05/2011
421.0,03/05/2011,10/05/2011,16/05/2011,19/05/2011,29/05/2011,31/05/2011
422.0,03/05/2011,10/05/2011,16/05/2011,19/05/2011,29/05/2011,31/05/2011
423.0,03/05/2011,10/05/2011,16/05/2011,19/05/2011,29/05/2011,31/05/2011
424.0,03/05/2011,10/05/2011,16/05/2011,19/05/2011,29/05/2011,31/05/2011
425.0,03/05/2011,10/05/2011,16/05/2011,19/05/2011,29/05/2011,31/05/2011
426.0,03/05/2011,10/05/2011,16/05/2011,19/05/2011,29/05/2011,31/05/2011
427.0,03/05/2011,10/05/2011,16/05/2011,19/05/2011,29/05/2011,31/05/2011
428.0,03/05/2011,10/05/2011,16/05/2011,19/05/2011,29/05/2011,31/05/2011
429.0,03/05/2011,10/05/2011,16/05/2011,19/05/2011,29/05/2011,31/05/2011
430.0,03/05/2011,10/05/2011,16/05/2011,19/05/2011,29/05/2011,31/05/2011
431.0,03/05/2011,10/05/2011,16/05/2011,19/05/2011,29/05/2011,31/05/2011
432.0,03/05/2011,10/05/2011,16/05/2011,19/05/2011,29/05/2011,31/05/2011
433.0,03/05/2011,10/05/2011,16/05/2011,19/05/2011,29/05/2011,31/05/2011
434.0,03/05/2011,10/05/2011,16/05/2011,19/05/2011,29/05/2011,31/05/2011
435.0,03/05/2011,10/05/2011,16/05/2011,19/05/2011,29/05/2011,31/05/2011
436.0,03/05/2011,10/05/2011,16/05/2011,19/05/2011,29/05/2011,31/05/2011
437.0,03/05/2011,10/05/2011,16/05/2011,19/05/2011,29/05/2011,31/05/2011
438.0,03/05/2011,10/05/2011,16/05/2011,19/05/2011,29/05/2011,31/05/2011
439.0,03/05/2011,10/05/2011,16/05/2011,19/05/2011,29/05/2011,31/05/2011
440.0,03/05/2011,10/05/2011,16/05/2011,19/05/2011,29/05/2011,31/05/2011
441.0,03/05/2011,10/05/2011,16/05/2011,19/05/2011,29/05/2011,31/05/2011
442.0,03/05/2011,10/05/2011,16/05/2011,19/05/2011,29/05/2011,31/05/2011
443.0,03/05/2011,10/05/2011,16/05/2011,19/05/2011,29/05/2011,31/05/2011
444.0,03/05/2011,10/05/2011,16/05/2011,19/05/2011,29/05/2011,31/05/2011
445.0,03/05/2011,10/05/2011,16/05/2011,19/05/2011,29/05/2011,31/05/2011
446.0,03/05/2011,10/05/2011,16/05/2011,19/05/2011,29/05/2011,31/05/2011
447.0,03/05/2011,10/05/2011,16/05/2011,19/05/2011,29/05/2011,31/05/2011
448.0,03/05/2011,10/05/2011,16/05/2011,19/05/2011,29/05/2011,31/05/2011
449.0,03/05/2011,10/05/2011,16/05/2011,19/05/2011,29/05/2011,31/05/2011
