OBJECTID,image1,image2,image3,image4,image5,image6
1,03/05/2011,10/05/2011,19/05/2011,29/05/2011,31/05/2011,06/06/2011
2,03/05/2011,10/05/2011,19/05/2011,29/05/2011,31/05/2011,06/06/2011
3,03/05/2011,10/05/2011,19/05/2011,29/05/2011,31/05/2011,06/06/2011
4,03/05/2011,10/05/2011,19/05/2011,29/05/2011,31/05/2011,06/06/2011
5,03/05/2011,10/05/2011,19/05/2011,29/05/2011,31/05/2011,06/06/2011
6,03/05/2011,10/05/2011,19/05/2011,29/05/2011,31/05/2011,06/06/2011
7,03/05/2011,10/05/2011,19/05/2011,29/05/2011,31/05/2011,06/06/2011
8,03/05/2011,10/05/2011,19/05/2011,29/05/2011,31/05/2011,06/06/2011
9,03/05/2011,10/05/2011,19/05/2011,29/05/2011,31/05/2011,06/06/2011
10,03/05/2011,10/05/2011,19/05/2011,29/05/2011,31/05/2011,06/06/2011
11,03/05/2011,10/05/2011,19/05/2011,29/05/2011,31/05/2011,06/06/2011
12,03/05/2011,10/05/2011,19/05/2011,29/05/2011,31/05/2011,06/06/2011
13,03/05/2011,10/05/2011,19/05/2011,29/05/2011,31/05/2011,06/06/2011
14,03/05/2011,10/05/2011,19/05/2011,29/05/2011,31/05/2011,06/06/2011
15,03/05/2011,10/05/2011,19/05/2011,29/05/2011,31/05/2011,06/06/2011
16,03/05/2011,10/05/2011,19/05/2011,29/05/2011,31/05/2011,06/06/2011
17,03/05/2011,10/05/2011,19/05/2011,29/05/2011,31/05/2011,06/06/2011
18,03/05/2011,10/05/2011,19/05/2011,29/05/2011,31/05/2011,06/06/2011
19,03/05/2011,10/05/2011,19/05/2011,29/05/2011,31/05/2011,06/06/2011
20,03/05/2011,10/05/2011,19/05/2011,29/05/2011,31/05/2011,06/06/2011
21,03/05/2011,10/05/2011,19/05/2011,29/05/2011,31/05/2011,06/06/2011
22,03/05/2011,10/05/2011,19/05/2011,29/05/2011,31/05/2011,06/06/2011
23,03/05/2011,10/05/2011,19/05/2011,29/05/2011,31/05/2011,06/06/2011
24,03/05/2011,10/05/2011,19/05/2011,29/05/2011,31/05/2011,06/06/2011
25,03/05/2011,10/05/2011,19/05/2011,29/05/2011,31/05/2011,06/06/2011
26,03/05/2011,10/05/2011,19/05/2011,29/05/2011,31/05/2011,06/06/2011
27,03/05/2011,10/05/2011,19/05/2011,29/05/2011,31/05/2011,06/06/2011
28,03/05/2011,10/05/2011,19/05/2011,29/05/2011,31/05/2011,06/06/2011
29,03/05/2011,10/05/2011,19/05/2011,29/05/2011,31/05/2011,06/06/2011
30,03/05/2011,10/05/2011,19/05/2011,29/05/2011,31/05/2011,06/06/2011
31,03/05/2011,10/05/2011,19/05/2011,29/05/2011,31/05/2011,06/06/2011
32,03/05/2011,10/05/2011,19/05/2011,29/05/2011,31/05/2011,06/06/2011
33,03/05/2011,10/05/2011,19/05/2011,29/05/2011,31/05/2011,06/06/2011
34,03/05/2011,10/05/2011,19/05/2011,29/05/2011,31/05/2011,06/06/2011
35,03/05/2011,10/05/2011,19/05/2011,29/05/2011,31/05/2011,06/06/2011
36,03/05/2011,10/05/2011,19/05/2011,29/05/2011,31/05/2011,06/06/2011
37,03/05/2011,10/05/2011,19/05/2011,29/05/2011,31/05/2011,06/06/2011
38,03/05/2011,10/05/2011,19/05/2011,29/05/2011,31/05/2011,06/06/2011
39,03/05/2011,10/05/2011,19/05/2011,29/05/2011,31/05/2011,06/06/2011
40,03/05/2011,10/05/2011,19/05/2011,29/05/2011,31/05/2011,06/06/2011
41,03/05/2011,10/05/2011,19/05/2011,29/05/2011,31/05/2011,06/06/2011
42,03/05/2011,10/05/2011,19/05/2011,29/05/2011,31/05/2011,06/06/2011
43,03/05/2011,10/05/2011,19/05/2011,29/05/2011,31/05/2011,06/06/2011
44,03/05/2011,10/05/2011,19/05/2011,29/05/2011,31/05/2011,06/06/2011
45,03/05/2011,10/05/2011,19/05/2011,29/05/2011,31/05/2011,06/06/2011
46,03/05/2011,10/05/2011,19/05/2011,29/05/2011,31/05/2011,06/06/2011
47,03/05/2011,10/05/2011,19/05/2011,29/05/2011,31/05/2011,06/06/2011
48,03/05/2011,10/05/2011,19/05/2011,29/05/2011,31/05/2011,06/06/2011
49,03/05/2011,10/05/2011,19/05/2011,29/05/2011,31/05/2011,06/06/2011
50,03/05/2011,10/05/2011,19/05/2011,29/05/2011,31/05/2011,06/06/2011
51,03/05/2011,10/05/2011,19/05/2011,29/05/2011,31/05/2011,06/06/2011
52,03/05/2011,10/05/2011,19/05/2011,29/05/2011,31/05/2011,06/06/2011
53,03/05/2011,10/05/2011,19/05/2011,29/05/2011,31/05/2011,06/06/2011
54,03/05/2011,10/05/2011,19/05/2011,29/05/2011,31/05/2011,06/06/2011
55,03/05/2011,10/05/2011,19/05/2011,29/05/2011,31/05/2011,06/06/2011
56,03/05/2011,10/05/2011,19/05/2011,29/05/2011,31/05/2011,06/06/2011
57,03/05/2011,10/05/2011,19/05/2011,29/05/2011,31/05/2011,06/06/2011
58,03/05/2011,10/05/2011,19/05/2011,29/05/2011,31/05/2011,06/06/2011
59,03/05/2011,10/05/2011,19/05/2011,29/05/2011,31/05/2011,06/06/2011
60,03/05/2011,10/05/2011,19/05/2011,29/05/2011,31/05/2011,06/06/2011
61,03/05/2011,10/05/2011,19/05/2011,29/05/2011,31/05/2011,06/06/2011
62,03/05/2011,10/05/2011,19/05/2011,29/05/2011,31/05/2011,06/06/2011
63,03/05/2011,10/05/2011,19/05/2011,29/05/2011,31/05/2011,06/06/2011
64,03/05/2011,10/05/2011,19/05/2011,29/05/2011,31/05/2011,06/06/2011
65,03/05/2011,10/05/2011,19/05/2011,29/05/2011,31/05/2011,06/06/2011
66,03/05/2011,10/05/2011,19/05/2011,29/05/2011,31/05/2011,06/06/2011
67,03/05/2011,10/05/2011,19/05/2011,29/05/2011,31/05/2011,06/06/2011
68,03/05/2011,10/05/2011,19/05/2011,29/05/2011,31/05/2011,06/06/2011
69,03/05/2011,10/05/2011,19/05/2011,29/05/2011,31/05/2011,06/06/2011
70,03/05/2011,10/05/2011,19/05/2011,29/05/2011,31/05/2011,06/06/2011
71,03/05/2011,10/05/2011,19/05/2011,29/05/2011,31/05/2011,06/06/2011
72,03/05/2011,10/05/2011,19/05/2011,29/05/2011,31/05/2011,06/06/2011
73,03/05/2011,10/05/2011,19/05/2011,29/05/2011,31/05/2011,06/06/2011
74,03/05/2011,10/05/2011,19/05/2011,29/05/2011,31/05/2011,06/06/2011
75,03/05/2011,10/05/2011,19/05/2011,29/05/2011,31/05/2011,06/06/2011
76,03/05/2011,10/05/2011,19/05/2011,29/05/2011,31/05/2011,06/06/2011
77,03/05/2011,10/05/2011,19/05/2011,29/05/2011,31/05/2011,06/06/2011
78,03/05/2011,10/05/2011,19/05/2011,29/05/2011,31/05/2011,06/06/2011
79,03/05/2011,10/05/2011,19/05/2011,29/05/2011,31/05/2011,06/06/2011
80,03/05/2011,10/05/2011,19/05/2011,29/05/2011,31/05/2011,06/06/2011
81,03/05/2011,10/05/2011,19/05/2011,29/05/2011,31/05/2011,06/06/2011
82,03/05/2011,10/05/2011,19/05/2011,29/05/2011,31/05/2011,06/06/2011
83,03/05/2011,10/05/2011,19/05/2011,29/05/2011,31/05/2011,06/06/2011
84,03/05/2011,10/05/2011,19/05/2011,29/05/2011,31/05/2011,06/06/2011
85,03/05/2011,10/05/2011,19/05/2011,29/05/2011,31/05/2011,06/06/2011
86,03/05/2011,10/05/2011,19/05/2011,29/05/2011,31/05/2011,06/06/2011
87,03/05/2011,10/05/2011,19/05/2011,29/05/2011,31/05/2011,06/06/2011
88,03/05/2011,10/05/2011,19/05/2011,29/05/2011,31/05/2011,06/06/2011
89,03/05/2011,10/05/2011,19/05/2011,29/05/2011,31/05/2011,06/06/2011
90,03/05/2011,10/05/2011,19/05/2011,29/05/2011,31/05/2011,06/06/2011
91,03/05/2011,10/05/2011,19/05/2011,29/05/2011,31/05/2011,06/06/2011
92,03/05/2011,10/05/2011,19/05/2011,29/05/2011,31/05/2011,06/06/2011
93,03/05/2011,10/05/2011,19/05/2011,29/05/2011,31/05/2011,06/06/2011
94,03/05/2011,10/05/2011,19/05/2011,29/05/2011,31/05/2011,06/06/2011
95,03/05/2011,10/05/2011,19/05/2011,29/05/2011,31/05/2011,06/06/2011
96,03/05/2011,10/05/2011,19/05/2011,29/05/2011,31/05/2011,06/06/2011
97,03/05/2011,10/05/2011,19/05/2011,29/05/2011,31/05/2011,06/06/2011
98,03/05/2011,10/05/2011,19/05/2011,29/05/2011,31/05/2011,06/06/2011
99,03/05/2011,10/05/2011,19/05/2011,29/05/2011,31/05/2011,06/06/2011
100,03/05/2011,10/05/2011,19/05/2011,29/05/2011,31/05/2011,06/06/2011
101,03/05/2011,10/05/2011,19/05/2011,29/05/2011,31/05/2011,06/06/2011
102,03/05/2011,10/05/2011,19/05/2011,29/05/2011,31/05/2011,06/06/2011
103,03/05/2011,10/05/2011,19/05/2011,29/05/2011,31/05/2011,06/06/2011
104,03/05/2011,10/05/2011,19/05/2011,29/05/2011,31/05/2011,06/06/2011
105,03/05/2011,10/05/2011,19/05/2011,29/05/2011,31/05/2011,06/06/2011
106,03/05/2011,10/05/2011,19/05/2011,29/05/2011,31/05/2011,06/06/2011
107,03/05/2011,10/05/2011,19/05/2011,29/05/2011,31/05/2011,06/06/2011
108,03/05/2011,10/05/2011,19/05/2011,29/05/2011,31/05/2011,06/06/2011
109,03/05/2011,10/05/2011,19/05/2011,29/05/2011,31/05/2011,06/06/2011
110,03/05/2011,10/05/2011,19/05/2011,29/05/2011,31/05/2011,06/06/2011
111,03/05/2011,10/05/2011,19/05/2011,29/05/2011,31/05/2011,06/06/2011
112,03/05/2011,10/05/2011,19/05/2011,29/05/2011,31/05/2011,06/06/2011
113,03/05/2011,10/05/2011,19/05/2011,29/05/2011,31/05/2011,06/06/2011
114,03/05/2011,10/05/2011,19/05/2011,29/05/2011,31/05/2011,06/06/2011
115,03/05/2011,10/05/2011,19/05/2011,29/05/2011,31/05/2011,06/06/2011
116,03/05/2011,10/05/2011,19/05/2011,29/05/2011,31/05/2011,06/06/2011
117,03/05/2011,10/05/2011,19/05/2011,29/05/2011,31/05/2011,06/06/2011
118,03/05/2011,10/05/2011,19/05/2011,29/05/2011,31/05/2011,06/06/2011
119,03/05/2011,10/05/2011,19/05/2011,29/05/2011,31/05/2011,06/06/2011
120,03/05/2011,10/05/2011,19/05/2011,29/05/2011,31/05/2011,06/06/2011
121,03/05/2011,10/05/2011,19/05/2011,29/05/2011,31/05/2011,06/06/2011
122,03/05/2011,10/05/2011,19/05/2011,29/05/2011,31/05/2011,06/06/2011
123,03/05/2011,10/05/2011,19/05/2011,29/05/2011,31/05/2011,06/06/2011
124,03/05/2011,10/05/2011,19/05/2011,29/05/2011,31/05/2011,06/06/2011
125,03/05/2011,10/05/2011,19/05/2011,29/05/2011,31/05/2011,06/06/2011
126,03/05/2011,10/05/2011,19/05/2011,29/05/2011,31/05/2011,06/06/2011
127,03/05/2011,10/05/2011,19/05/2011,29/05/2011,31/05/2011,06/06/2011
128,03/05/2011,10/05/2011,19/05/2011,29/05/2011,31/05/2011,06/06/2011
129,03/05/2011,10/05/2011,19/05/2011,29/05/2011,31/05/2011,06/06/2011
130,03/05/2011,10/05/2011,19/05/2011,29/05/2011,31/05/2011,06/06/2011
131,03/05/2011,10/05/2011,19/05/2011,29/05/2011,31/05/2011,06/06/2011
132,03/05/2011,10/05/2011,19/05/2011,29/05/2011,31/05/2011,06/06/2011
133,03/05/2011,10/05/2011,19/05/2011,29/05/2011,31/05/2011,06/06/2011
134,03/05/2011,10/05/2011,19/05/2011,29/05/2011,31/05/2011,06/06/2011
135,03/05/2011,10/05/2011,19/05/2011,29/05/2011,31/05/2011,06/06/2011
136,03/05/2011,10/05/2011,19/05/2011,29/05/2011,31/05/2011,06/06/2011
137,03/05/2011,10/05/2011,19/05/2011,29/05/2011,31/05/2011,06/06/2011
138,03/05/2011,10/05/2011,19/05/2011,29/05/2011,31/05/2011,06/06/2011
139,03/05/2011,10/05/2011,19/05/2011,29/05/2011,31/05/2011,06/06/2011
140,03/05/2011,10/05/2011,19/05/2011,29/05/2011,31/05/2011,06/06/2011
141,03/05/2011,10/05/2011,19/05/2011,29/05/2011,31/05/2011,06/06/2011
142,03/05/2011,10/05/2011,19/05/2011,29/05/2011,31/05/2011,06/06/2011
143,03/05/2011,10/05/2011,19/05/2011,29/05/2011,31/05/2011,06/06/2011
144,03/05/2011,10/05/2011,19/05/2011,29/05/2011,31/05/2011,06/06/2011
145,03/05/2011,10/05/2011,19/05/2011,29/05/2011,31/05/2011,06/06/2011
146,03/05/2011,10/05/2011,19/05/2011,29/05/2011,31/05/2011,06/06/2011
147,03/05/2011,10/05/2011,19/05/2011,29/05/2011,31/05/2011,06/06/2011
148,03/05/2011,10/05/2011,19/05/2011,29/05/2011,31/05/2011,06/06/2011
149,03/05/2011,10/05/2011,19/05/2011,29/05/2011,31/05/2011,06/06/2011
150,03/05/2011,10/05/2011,19/05/2011,29/05/2011,31/05/2011,06/06/2011
151,03/05/2011,10/05/2011,19/05/2011,29/05/2011,31/05/2011,06/06/2011
152,03/05/2011,10/05/2011,19/05/2011,29/05/2011,31/05/2011,06/06/2011
153,03/05/2011,10/05/2011,19/05/2011,29/05/2011,31/05/2011,06/06/2011
154,03/05/2011,10/05/2011,19/05/2011,29/05/2011,31/05/2011,06/06/2011
155,03/05/2011,10/05/2011,19/05/2011,29/05/2011,31/05/2011,06/06/2011
156,03/05/2011,10/05/2011,19/05/2011,29/05/2011,31/05/2011,06/06/2011
157,03/05/2011,10/05/2011,19/05/2011,29/05/2011,31/05/2011,06/06/2011
158,03/05/2011,10/05/2011,19/05/2011,29/05/2011,31/05/2011,06/06/2011
159,03/05/2011,10/05/2011,19/05/2011,29/05/2011,31/05/2011,06/06/2011
160,03/05/2011,10/05/2011,19/05/2011,29/05/2011,31/05/2011,06/06/2011
161,03/05/2011,10/05/2011,19/05/2011,29/05/2011,31/05/2011,06/06/2011
162,03/05/2011,10/05/2011,19/05/2011,29/05/2011,31/05/2011,06/06/2011
163,03/05/2011,10/05/2011,19/05/2011,29/05/2011,31/05/2011,06/06/2011
164,03/05/2011,10/05/2011,19/05/2011,29/05/2011,31/05/2011,06/06/2011
165,03/05/2011,10/05/2011,19/05/2011,29/05/2011,31/05/2011,06/06/2011
166,03/05/2011,10/05/2011,19/05/2011,29/05/2011,31/05/2011,06/06/2011
167,03/05/2011,10/05/2011,19/05/2011,29/05/2011,31/05/2011,06/06/2011
168,03/05/2011,10/05/2011,19/05/2011,29/05/2011,31/05/2011,06/06/2011
169,03/05/2011,10/05/2011,19/05/2011,29/05/2011,31/05/2011,06/06/2011
170,03/05/2011,10/05/2011,19/05/2011,29/05/2011,31/05/2011,06/06/2011
171,03/05/2011,10/05/2011,19/05/2011,29/05/2011,31/05/2011,06/06/2011
172,03/05/2011,10/05/2011,19/05/2011,29/05/2011,31/05/2011,06/06/2011
173,03/05/2011,10/05/2011,19/05/2011,29/05/2011,31/05/2011,06/06/2011
174,03/05/2011,10/05/2011,19/05/2011,29/05/2011,31/05/2011,06/06/2011
175,03/05/2011,10/05/2011,19/05/2011,29/05/2011,31/05/2011,06/06/2011
176,03/05/2011,10/05/2011,19/05/2011,29/05/2011,31/05/2011,06/06/2011
177,03/05/2011,10/05/2011,19/05/2011,29/05/2011,31/05/2011,06/06/2011
178,03/05/2011,10/05/2011,19/05/2011,29/05/2011,31/05/2011,06/06/2011
179,03/05/2011,10/05/2011,19/05/2011,29/05/2011,31/05/2011,06/06/2011
180,03/05/2011,10/05/2011,19/05/2011,29/05/2011,31/05/2011,06/06/2011
181,03/05/2011,10/05/2011,19/05/2011,29/05/2011,31/05/2011,06/06/2011
182,03/05/2011,10/05/2011,19/05/2011,29/05/2011,31/05/2011,06/06/2011
183,03/05/2011,10/05/2011,19/05/2011,29/05/2011,31/05/2011,06/06/2011
184,03/05/2011,10/05/2011,19/05/2011,29/05/2011,31/05/2011,06/06/2011
185,03/05/2011,10/05/2011,19/05/2011,29/05/2011,31/05/2011,06/06/2011
186,03/05/2011,10/05/2011,19/05/2011,29/05/2011,31/05/2011,06/06/2011
187,03/05/2011,10/05/2011,19/05/2011,29/05/2011,31/05/2011,06/06/2011
188,03/05/2011,10/05/2011,19/05/2011,29/05/2011,31/05/2011,06/06/2011
189,03/05/2011,10/05/2011,19/05/2011,29/05/2011,31/05/2011,06/06/2011
190,03/05/2011,10/05/2011,19/05/2011,29/05/2011,31/05/2011,06/06/2011
191,03/05/2011,10/05/2011,19/05/2011,29/05/2011,31/05/2011,06/06/2011
192,03/05/2011,10/05/2011,19/05/2011,29/05/2011,31/05/2011,06/06/2011
193,03/05/2011,10/05/2011,19/05/2011,29/05/2011,31/05/2011,06/06/2011
194,03/05/2011,10/05/2011,19/05/2011,29/05/2011,31/05/2011,06/06/2011
195,03/05/2011,10/05/2011,19/05/2011,29/05/2011,31/05/2011,06/06/2011
196,03/05/2011,10/05/2011,19/05/2011,29/05/2011,31/05/2011,06/06/2011
197,03/05/2011,10/05/2011,19/05/2011,29/05/2011,31/05/2011,06/06/2011
198,03/05/2011,10/05/2011,19/05/2011,29/05/2011,31/05/2011,06/06/2011
199,03/05/2011,10/05/2011,19/05/2011,29/05/2011,31/05/2011,06/06/2011
200,03/05/2011,10/05/2011,19/05/2011,29/05/2011,31/05/2011,06/06/2011
201,03/05/2011,10/05/2011,19/05/2011,29/05/2011,31/05/2011,06/06/2011
202,03/05/2011,10/05/2011,19/05/2011,29/05/2011,31/05/2011,06/06/2011
203,03/05/2011,10/05/2011,19/05/2011,29/05/2011,31/05/2011,06/06/2011
204,03/05/2011,10/05/2011,19/05/2011,29/05/2011,31/05/2011,06/06/2011
205,03/05/2011,10/05/2011,19/05/2011,29/05/2011,31/05/2011,06/06/2011
206,03/05/2011,10/05/2011,19/05/2011,29/05/2011,31/05/2011,06/06/2011
207,03/05/2011,10/05/2011,19/05/2011,29/05/2011,31/05/2011,06/06/2011
208,03/05/2011,10/05/2011,19/05/2011,29/05/2011,31/05/2011,06/06/2011
209,03/05/2011,10/05/2011,19/05/2011,29/05/2011,31/05/2011,06/06/2011
210,03/05/2011,10/05/2011,19/05/2011,29/05/2011,31/05/2011,06/06/2011
211,03/05/2011,10/05/2011,19/05/2011,29/05/2011,31/05/2011,06/06/2011
212,03/05/2011,10/05/2011,19/05/2011,29/05/2011,31/05/2011,06/06/2011
213,03/05/2011,10/05/2011,19/05/2011,29/05/2011,31/05/2011,06/06/2011
214,03/05/2011,10/05/2011,19/05/2011,29/05/2011,31/05/2011,06/06/2011
215,03/05/2011,10/05/2011,19/05/2011,29/05/2011,31/05/2011,06/06/2011
216,03/05/2011,10/05/2011,19/05/2011,29/05/2011,31/05/2011,06/06/2011
217,03/05/2011,10/05/2011,19/05/2011,29/05/2011,31/05/2011,06/06/2011
218,03/05/2011,10/05/2011,19/05/2011,29/05/2011,31/05/2011,06/06/2011
219,03/05/2011,10/05/2011,19/05/2011,29/05/2011,31/05/2011,06/06/2011
220,03/05/2011,10/05/2011,19/05/2011,29/05/2011,31/05/2011,06/06/2011
221,03/05/2011,10/05/2011,19/05/2011,29/05/2011,31/05/2011,06/06/2011
222,03/05/2011,10/05/2011,19/05/2011,29/05/2011,31/05/2011,06/06/2011
223,03/05/2011,10/05/2011,19/05/2011,29/05/2011,31/05/2011,06/06/2011
224,03/05/2011,10/05/2011,19/05/2011,29/05/2011,31/05/2011,06/06/2011
225,03/05/2011,10/05/2011,19/05/2011,29/05/2011,31/05/2011,06/06/2011
226,03/05/2011,10/05/2011,19/05/2011,29/05/2011,31/05/2011,06/06/2011
227,03/05/2011,10/05/2011,19/05/2011,29/05/2011,31/05/2011,06/06/2011
228,03/05/2011,10/05/2011,19/05/2011,29/05/2011,31/05/2011,06/06/2011
229,03/05/2011,10/05/2011,19/05/2011,29/05/2011,31/05/2011,06/06/2011
230,03/05/2011,10/05/2011,19/05/2011,29/05/2011,31/05/2011,06/06/2011
231,03/05/2011,10/05/2011,19/05/2011,29/05/2011,31/05/2011,06/06/2011
232,03/05/2011,10/05/2011,19/05/2011,29/05/2011,31/05/2011,06/06/2011
233,03/05/2011,10/05/2011,19/05/2011,29/05/2011,31/05/2011,06/06/2011
234,03/05/2011,10/05/2011,19/05/2011,29/05/2011,31/05/2011,06/06/2011
235,03/05/2011,10/05/2011,19/05/2011,29/05/2011,31/05/2011,06/06/2011
236,03/05/2011,10/05/2011,19/05/2011,29/05/2011,31/05/2011,06/06/2011
237,03/05/2011,10/05/2011,19/05/2011,29/05/2011,31/05/2011,06/06/2011
238,03/05/2011,10/05/2011,19/05/2011,29/05/2011,31/05/2011,06/06/2011
239,03/05/2011,10/05/2011,19/05/2011,29/05/2011,31/05/2011,06/06/2011
240,03/05/2011,10/05/2011,19/05/2011,29/05/2011,31/05/2011,06/06/2011
241,03/05/2011,10/05/2011,19/05/2011,29/05/2011,31/05/2011,06/06/2011
242,03/05/2011,10/05/2011,19/05/2011,29/05/2011,31/05/2011,06/06/2011
243,03/05/2011,10/05/2011,19/05/2011,29/05/2011,31/05/2011,06/06/2011
244,03/05/2011,10/05/2011,19/05/2011,29/05/2011,31/05/2011,06/06/2011
245,03/05/2011,10/05/2011,19/05/2011,29/05/2011,31/05/2011,06/06/2011
246,03/05/2011,10/05/2011,19/05/2011,29/05/2011,31/05/2011,06/06/2011
247,03/05/2011,10/05/2011,19/05/2011,29/05/2011,31/05/2011,06/06/2011
248,03/05/2011,10/05/2011,19/05/2011,29/05/2011,31/05/2011,06/06/2011
249,03/05/2011,10/05/2011,19/05/2011,29/05/2011,31/05/2011,06/06/2011
250,03/05/2011,10/05/2011,19/05/2011,29/05/2011,31/05/2011,06/06/2011
251,03/05/2011,10/05/2011,19/05/2011,29/05/2011,31/05/2011,06/06/2011
252,03/05/2011,10/05/2011,19/05/2011,29/05/2011,31/05/2011,06/06/2011
253,03/05/2011,10/05/2011,19/05/2011,29/05/2011,31/05/2011,06/06/2011
254,03/05/2011,10/05/2011,19/05/2011,29/05/2011,31/05/2011,06/06/2011
255,03/05/2011,10/05/2011,19/05/2011,29/05/2011,31/05/2011,06/06/2011
256,03/05/2011,10/05/2011,19/05/2011,29/05/2011,31/05/2011,06/06/2011
257,03/05/2011,10/05/2011,19/05/2011,29/05/2011,31/05/2011,06/06/2011
258,03/05/2011,10/05/2011,19/05/2011,29/05/2011,31/05/2011,06/06/2011
259,03/05/2011,10/05/2011,19/05/2011,29/05/2011,31/05/2011,06/06/2011
260,03/05/2011,10/05/2011,19/05/2011,29/05/2011,31/05/2011,06/06/2011
261,03/05/2011,10/05/2011,19/05/2011,29/05/2011,31/05/2011,06/06/2011
262,03/05/2011,10/05/2011,19/05/2011,29/05/2011,31/05/2011,06/06/2011
263,03/05/2011,10/05/2011,19/05/2011,29/05/2011,31/05/2011,06/06/2011
264,03/05/2011,10/05/2011,19/05/2011,29/05/2011,31/05/2011,06/06/2011
265,03/05/2011,10/05/2011,19/05/2011,29/05/2011,31/05/2011,06/06/2011
266,03/05/2011,10/05/2011,19/05/2011,29/05/2011,31/05/2011,06/06/2011
267,03/05/2011,10/05/2011,19/05/2011,29/05/2011,31/05/2011,06/06/2011
268,03/05/2011,10/05/2011,19/05/2011,29/05/2011,31/05/2011,06/06/2011
269,03/05/2011,10/05/2011,19/05/2011,29/05/2011,31/05/2011,06/06/2011
270,03/05/2011,10/05/2011,19/05/2011,29/05/2011,31/05/2011,06/06/2011
271,03/05/2011,10/05/2011,19/05/2011,29/05/2011,31/05/2011,06/06/2011
272,03/05/2011,10/05/2011,19/05/2011,29/05/2011,31/05/2011,06/06/2011
273,03/05/2011,10/05/2011,19/05/2011,29/05/2011,31/05/2011,06/06/2011
274,03/05/2011,10/05/2011,19/05/2011,29/05/2011,31/05/2011,06/06/2011
275,03/05/2011,10/05/2011,19/05/2011,29/05/2011,31/05/2011,06/06/2011
276,03/05/2011,10/05/2011,19/05/2011,29/05/2011,31/05/2011,06/06/2011
277,03/05/2011,10/05/2011,19/05/2011,29/05/2011,31/05/2011,06/06/2011
278,03/05/2011,10/05/2011,19/05/2011,29/05/2011,31/05/2011,06/06/2011
279,03/05/2011,10/05/2011,19/05/2011,29/05/2011,31/05/2011,06/06/2011
280,03/05/2011,10/05/2011,19/05/2011,29/05/2011,31/05/2011,06/06/2011
281,03/05/2011,10/05/2011,19/05/2011,29/05/2011,31/05/2011,06/06/2011
282,03/05/2011,10/05/2011,19/05/2011,29/05/2011,31/05/2011,06/06/2011
283,03/05/2011,10/05/2011,19/05/2011,29/05/2011,31/05/2011,06/06/2011
284,03/05/2011,10/05/2011,19/05/2011,29/05/2011,31/05/2011,06/06/2011
285,03/05/2011,10/05/2011,19/05/2011,29/05/2011,31/05/2011,06/06/2011
286,03/05/2011,10/05/2011,19/05/2011,29/05/2011,31/05/2011,06/06/2011
287,03/05/2011,10/05/2011,19/05/2011,29/05/2011,31/05/2011,06/06/2011
288,03/05/2011,10/05/2011,19/05/2011,29/05/2011,31/05/2011,06/06/2011
289,03/05/2011,10/05/2011,19/05/2011,29/05/2011,31/05/2011,06/06/2011
290,03/05/2011,10/05/2011,19/05/2011,29/05/2011,31/05/2011,06/06/2011
291,03/05/2011,10/05/2011,19/05/2011,29/05/2011,31/05/2011,06/06/2011
292,03/05/2011,10/05/2011,19/05/2011,29/05/2011,31/05/2011,06/06/2011
293,03/05/2011,10/05/2011,19/05/2011,29/05/2011,31/05/2011,06/06/2011
294,03/05/2011,10/05/2011,19/05/2011,29/05/2011,31/05/2011,06/06/2011
295,03/05/2011,10/05/2011,19/05/2011,29/05/2011,31/05/2011,06/06/2011
296,03/05/2011,10/05/2011,19/05/2011,29/05/2011,31/05/2011,06/06/2011
297,03/05/2011,10/05/2011,19/05/2011,29/05/2011,31/05/2011,06/06/2011
298,03/05/2011,10/05/2011,19/05/2011,29/05/2011,31/05/2011,06/06/2011
299,03/05/2011,10/05/2011,19/05/2011,29/05/2011,31/05/2011,06/06/2011
300,03/05/2011,10/05/2011,19/05/2011,29/05/2011,31/05/2011,06/06/2011
301,03/05/2011,10/05/2011,19/05/2011,29/05/2011,31/05/2011,06/06/2011
302,03/05/2011,10/05/2011,19/05/2011,29/05/2011,31/05/2011,06/06/2011
303,03/05/2011,10/05/2011,19/05/2011,29/05/2011,31/05/2011,06/06/2011
304,03/05/2011,10/05/2011,19/05/2011,29/05/2011,31/05/2011,06/06/2011
305,03/05/2011,10/05/2011,19/05/2011,29/05/2011,31/05/2011,06/06/2011
306,03/05/2011,10/05/2011,19/05/2011,29/05/2011,31/05/2011,06/06/2011
307,03/05/2011,10/05/2011,19/05/2011,29/05/2011,31/05/2011,06/06/2011
308,03/05/2011,10/05/2011,19/05/2011,29/05/2011,31/05/2011,06/06/2011
309,03/05/2011,10/05/2011,19/05/2011,29/05/2011,31/05/2011,06/06/2011
310,03/05/2011,10/05/2011,19/05/2011,29/05/2011,31/05/2011,06/06/2011
311,03/05/2011,10/05/2011,19/05/2011,29/05/2011,31/05/2011,06/06/2011
312,03/05/2011,10/05/2011,19/05/2011,29/05/2011,31/05/2011,06/06/2011
313,03/05/2011,10/05/2011,19/05/2011,29/05/2011,31/05/2011,06/06/2011
314,03/05/2011,10/05/2011,19/05/2011,29/05/2011,31/05/2011,06/06/2011
315,03/05/2011,10/05/2011,19/05/2011,29/05/2011,31/05/2011,06/06/2011
316,03/05/2011,10/05/2011,19/05/2011,29/05/2011,31/05/2011,06/06/2011
317,03/05/2011,10/05/2011,19/05/2011,29/05/2011,31/05/2011,06/06/2011
318,03/05/2011,10/05/2011,19/05/2011,29/05/2011,31/05/2011,06/06/2011
319,03/05/2011,10/05/2011,19/05/2011,29/05/2011,31/05/2011,06/06/2011
320,03/05/2011,10/05/2011,19/05/2011,29/05/2011,31/05/2011,06/06/2011
321,03/05/2011,10/05/2011,19/05/2011,29/05/2011,31/05/2011,06/06/2011
322,03/05/2011,10/05/2011,19/05/2011,29/05/2011,31/05/2011,06/06/2011
323,03/05/2011,10/05/2011,19/05/2011,29/05/2011,31/05/2011,06/06/2011
324,03/05/2011,10/05/2011,19/05/2011,29/05/2011,31/05/2011,06/06/2011
325,03/05/2011,10/05/2011,19/05/2011,29/05/2011,31/05/2011,06/06/2011
326,03/05/2011,10/05/2011,19/05/2011,29/05/2011,31/05/2011,06/06/2011
327,03/05/2011,10/05/2011,19/05/2011,29/05/2011,31/05/2011,06/06/2011
328,03/05/2011,10/05/2011,19/05/2011,29/05/2011,31/05/2011,06/06/2011
329,03/05/2011,10/05/2011,19/05/2011,29/05/2011,31/05/2011,06/06/2011
330,03/05/2011,10/05/2011,19/05/2011,29/05/2011,31/05/2011,06/06/2011
331,03/05/2011,10/05/2011,19/05/2011,29/05/2011,31/05/2011,06/06/2011
332,03/05/2011,10/05/2011,19/05/2011,29/05/2011,31/05/2011,06/06/2011
333,03/05/2011,10/05/2011,19/05/2011,29/05/2011,31/05/2011,06/06/2011
334,03/05/2011,10/05/2011,19/05/2011,29/05/2011,31/05/2011,06/06/2011
335,03/05/2011,10/05/2011,19/05/2011,29/05/2011,31/05/2011,06/06/2011
336,03/05/2011,10/05/2011,19/05/2011,29/05/2011,31/05/2011,06/06/2011
337,03/05/2011,10/05/2011,19/05/2011,29/05/2011,31/05/2011,06/06/2011
338,03/05/2011,10/05/2011,19/05/2011,29/05/2011,31/05/2011,06/06/2011
339,03/05/2011,10/05/2011,19/05/2011,29/05/2011,31/05/2011,06/06/2011
340,03/05/2011,10/05/2011,19/05/2011,29/05/2011,31/05/2011,06/06/2011
341,03/05/2011,10/05/2011,19/05/2011,29/05/2011,31/05/2011,06/06/2011
342,03/05/2011,10/05/2011,19/05/2011,29/05/2011,31/05/2011,06/06/2011
343,03/05/2011,10/05/2011,19/05/2011,29/05/2011,31/05/2011,06/06/2011
344,03/05/2011,10/05/2011,19/05/2011,29/05/2011,31/05/2011,06/06/2011
345,03/05/2011,10/05/2011,19/05/2011,29/05/2011,31/05/2011,06/06/2011
346,03/05/2011,10/05/2011,19/05/2011,29/05/2011,31/05/2011,06/06/2011
347,03/05/2011,10/05/2011,19/05/2011,29/05/2011,31/05/2011,06/06/2011
348,03/05/2011,10/05/2011,19/05/2011,29/05/2011,31/05/2011,06/06/2011
349,03/05/2011,10/05/2011,19/05/2011,29/05/2011,31/05/2011,06/06/2011
350,03/05/2011,10/05/2011,19/05/2011,29/05/2011,31/05/2011,06/06/2011
351,03/05/2011,10/05/2011,19/05/2011,29/05/2011,31/05/2011,06/06/2011
352,03/05/2011,10/05/2011,19/05/2011,29/05/2011,31/05/2011,06/06/2011
353,03/05/2011,10/05/2011,19/05/2011,29/05/2011,31/05/2011,06/06/2011
354,03/05/2011,10/05/2011,19/05/2011,29/05/2011,31/05/2011,06/06/2011
355,03/05/2011,10/05/2011,19/05/2011,29/05/2011,31/05/2011,06/06/2011
356,03/05/2011,10/05/2011,19/05/2011,29/05/2011,31/05/2011,06/06/2011
357,03/05/2011,10/05/2011,19/05/2011,29/05/2011,31/05/2011,06/06/2011
358,03/05/2011,10/05/2011,19/05/2011,29/05/2011,31/05/2011,06/06/2011
359,03/05/2011,10/05/2011,19/05/2011,29/05/2011,31/05/2011,06/06/2011
360,03/05/2011,10/05/2011,19/05/2011,29/05/2011,31/05/2011,06/06/2011
361,03/05/2011,10/05/2011,19/05/2011,29/05/2011,31/05/2011,06/06/2011
362,03/05/2011,10/05/2011,19/05/2011,29/05/2011,31/05/2011,06/06/2011
363,03/05/2011,10/05/2011,19/05/2011,29/05/2011,31/05/2011,06/06/2011
364,03/05/2011,10/05/2011,19/05/2011,29/05/2011,31/05/2011,06/06/2011
365,03/05/2011,10/05/2011,19/05/2011,29/05/2011,31/05/2011,06/06/2011
366,03/05/2011,10/05/2011,19/05/2011,29/05/2011,31/05/2011,06/06/2011
367,03/05/2011,10/05/2011,19/05/2011,29/05/2011,31/05/2011,06/06/2011
368,03/05/2011,10/05/2011,19/05/2011,29/05/2011,31/05/2011,06/06/2011
369,03/05/2011,10/05/2011,19/05/2011,29/05/2011,31/05/2011,06/06/2011
370,03/05/2011,10/05/2011,19/05/2011,29/05/2011,31/05/2011,06/06/2011
371,03/05/2011,10/05/2011,19/05/2011,29/05/2011,31/05/2011,06/06/2011
372,03/05/2011,10/05/2011,19/05/2011,29/05/2011,31/05/2011,06/06/2011
373,03/05/2011,10/05/2011,19/05/2011,29/05/2011,31/05/2011,06/06/2011
374,03/05/2011,10/05/2011,19/05/2011,29/05/2011,31/05/2011,06/06/2011
375,03/05/2011,10/05/2011,19/05/2011,29/05/2011,31/05/2011,06/06/2011
376,03/05/2011,10/05/2011,19/05/2011,29/05/2011,31/05/2011,06/06/2011
377,03/05/2011,10/05/2011,19/05/2011,29/05/2011,31/05/2011,06/06/2011
378,03/05/2011,10/05/2011,19/05/2011,29/05/2011,31/05/2011,06/06/2011
379,03/05/2011,10/05/2011,19/05/2011,29/05/2011,31/05/2011,06/06/2011
380,03/05/2011,10/05/2011,19/05/2011,29/05/2011,31/05/2011,06/06/2011
381,03/05/2011,10/05/2011,19/05/2011,29/05/2011,31/05/2011,06/06/2011
382,03/05/2011,10/05/2011,19/05/2011,29/05/2011,31/05/2011,06/06/2011
383,03/05/2011,10/05/2011,19/05/2011,29/05/2011,31/05/2011,06/06/2011
384,03/05/2011,10/05/2011,19/05/2011,29/05/2011,31/05/2011,06/06/2011
385,03/05/2011,10/05/2011,19/05/2011,29/05/2011,31/05/2011,06/06/2011
386,03/05/2011,10/05/2011,19/05/2011,29/05/2011,31/05/2011,06/06/2011
387,03/05/2011,10/05/2011,19/05/2011,29/05/2011,31/05/2011,06/06/2011
388,03/05/2011,10/05/2011,19/05/2011,29/05/2011,31/05/2011,06/06/2011
389,03/05/2011,10/05/2011,19/05/2011,29/05/2011,31/05/2011,06/06/2011
390,03/05/2011,10/05/2011,19/05/2011,29/05/2011,31/05/2011,06/06/2011
391,03/05/2011,10/05/2011,19/05/2011,29/05/2011,31/05/2011,06/06/2011
392,03/05/2011,10/05/2011,19/05/2011,29/05/2011,31/05/2011,06/06/2011
393,03/05/2011,10/05/2011,19/05/2011,29/05/2011,31/05/2011,06/06/2011
394,03/05/2011,10/05/2011,19/05/2011,29/05/2011,31/05/2011,06/06/2011
395,03/05/2011,10/05/2011,19/05/2011,29/05/2011,31/05/2011,06/06/2011
396,03/05/2011,10/05/2011,19/05/2011,29/05/2011,31/05/2011,06/06/2011
397,03/05/2011,10/05/2011,19/05/2011,29/05/2011,31/05/2011,06/06/2011
398,03/05/2011,10/05/2011,19/05/2011,29/05/2011,31/05/2011,06/06/2011
399,03/05/2011,10/05/2011,19/05/2011,29/05/2011,31/05/2011,06/06/2011
400,03/05/2011,10/05/2011,19/05/2011,29/05/2011,31/05/2011,06/06/2011
401,03/05/2011,10/05/2011,19/05/2011,29/05/2011,31/05/2011,06/06/2011
402,03/05/2011,10/05/2011,19/05/2011,29/05/2011,31/05/2011,06/06/2011
403,03/05/2011,10/05/2011,19/05/2011,29/05/2011,31/05/2011,06/06/2011
404,03/05/2011,10/05/2011,19/05/2011,29/05/2011,31/05/2011,06/06/2011
405,03/05/2011,10/05/2011,19/05/2011,29/05/2011,31/05/2011,06/06/2011
406,03/05/2011,10/05/2011,19/05/2011,29/05/2011,31/05/2011,06/06/2011
407,03/05/2011,10/05/2011,19/05/2011,29/05/2011,31/05/2011,06/06/2011
408,03/05/2011,10/05/2011,19/05/2011,29/05/2011,31/05/2011,06/06/2011
409,03/05/2011,10/05/2011,19/05/2011,29/05/2011,31/05/2011,06/06/2011
410,03/05/2011,10/05/2011,19/05/2011,29/05/2011,31/05/2011,06/06/2011
411,03/05/2011,10/05/2011,19/05/2011,29/05/2011,31/05/2011,06/06/2011
412,03/05/2011,10/05/2011,19/05/2011,29/05/2011,31/05/2011,06/06/2011
413,03/05/2011,10/05/2011,19/05/2011,29/05/2011,31/05/2011,06/06/2011
414,03/05/2011,10/05/2011,19/05/2011,29/05/2011,31/05/2011,06/06/2011
415,03/05/2011,10/05/2011,19/05/2011,29/05/2011,31/05/2011,06/06/2011
416,03/05/2011,10/05/2011,19/05/2011,29/05/2011,31/05/2011,06/06/2011
417,03/05/2011,10/05/2011,19/05/2011,29/05/2011,31/05/2011,06/06/2011
418,03/05/2011,10/05/2011,19/05/2011,29/05/2011,31/05/2011,06/06/2011
419,03/05/2011,10/05/2011,19/05/2011,29/05/2011,31/05/2011,06/06/2011
420,03/05/2011,10/05/2011,19/05/2011,29/05/2011,31/05/2011,06/06/2011
