_ID,image1,image2,image3,image4,image5,image6,image7,image8,image9,image10,image11,image12,image13,image14,image15,image16,image17,image18,image19,image20,image21,image22,image23,image24,image25,image26,image27,image28,image29,image30,image31,image32,image33,image34,image35,image36,image37,image38,image39,image40
2,06/05/2025,07/05/2025,08/05/2025,13/05/2025,16/05/2025,17/05/2025,18/05/2025,19/05/2025,20/05/2025,21/05/2025,22/05/2025,23/05/2025,24/05/2025,25/05/2025,27/05/2025,28/05/2025,29/05/2025,01/06/2025,02/06/2025,04/06/2025,05/06/2025,06/06/2025,07/06/2025,08/06/2025,09/06/2025,10/06/2025,11/06/2025,12/06/2025,14/06/2025,15/06/2025,16/06/2025,17/06/2025,18/06/2025,19/06/2025,20/06/2025,21/06/2025,23/06/2025,24/06/2025,25/06/2025,29/06/2025
3,06/05/2025,07/05/2025,08/05/2025,13/05/2025,16/05/2025,17/05/2025,18/05/2025,19/05/2025,20/05/2025,21/05/2025,22/05/2025,23/05/2025,24/05/2025,25/05/2025,27/05/2025,28/05/2025,29/05/2025,01/06/2025,02/06/2025,04/06/2025,05/06/2025,06/06/2025,07/06/2025,08/06/2025,09/06/2025,10/06/2025,11/06/2025,12/06/2025,14/06/2025,15/06/2025,16/06/2025,17/06/2025,18/06/2025,19/06/2025,20/06/2025,21/06/2025,23/06/2025,24/06/2025,25/06/2025,29/06/2025
4,06/05/2025,07/05/2025,08/05/2025,13/05/2025,16/05/2025,17/05/2025,18/05/2025,19/05/2025,20/05/2025,21/05/2025,22/05/2025,23/05/2025,24/05/2025,25/05/2025,27/05/2025,28/05/2025,29/05/2025,01/06/2025,02/06/2025,04/06/2025,05/06/2025,06/06/2025,07/06/2025,08/06/2025,09/06/2025,10/06/2025,11/06/2025,12/06/2025,14/06/2025,15/06/2025,16/06/2025,17/06/2025,18/06/2025,19/06/2025,20/06/2025,21/06/2025,23/06/2025,24/06/2025,25/06/2025,29/06/2025
5,06/05/2025,07/05/2025,08/05/2025,13/05/2025,16/05/2025,17/05/2025,18/05/2025,19/05/2025,20/05/2025,21/05/2025,22/05/2025,23/05/2025,24/05/2025,25/05/2025,27/05/2025,28/05/2025,29/05/2025,01/06/2025,02/06/2025,04/06/2025,05/06/2025,06/06/2025,07/06/2025,08/06/2025,09/06/2025,10/06/2025,11/06/2025,12/06/2025,14/06/2025,15/06/2025,16/06/2025,17/06/2025,18/06/2025,19/06/2025,20/06/2025,21/06/2025,23/06/2025,24/06/2025,25/06/2025,29/06/2025
6,06/05/2025,07/05/2025,08/05/2025,13/05/2025,16/05/2025,17/05/2025,18/05/2025,19/05/2025,20/05/2025,21/05/2025,22/05/2025,23/05/2025,24/05/2025,25/05/2025,27/05/2025,28/05/2025,29/05/2025,01/06/2025,02/06/2025,04/06/2025,05/06/2025,06/06/2025,07/06/2025,08/06/2025,09/06/2025,10/06/2025,11/06/2025,12/06/2025,14/06/2025,15/06/2025,16/06/2025,17/06/2025,18/06/2025,19/06/2025,20/06/2025,21/06/2025,23/06/2025,24/06/2025,25/06/2025,29/06/2025
7,06/05/2025,07/05/2025,08/05/2025,13/05/2025,16/05/2025,17/05/2025,18/05/2025,19/05/2025,20/05/2025,21/05/2025,22/05/2025,23/05/2025,24/05/2025,25/05/2025,27/05/2025,28/05/2025,29/05/2025,01/06/2025,02/06/2025,04/06/2025,05/06/2025,06/06/2025,07/06/2025,08/06/2025,09/06/2025,10/06/2025,11/06/2025,12/06/2025,14/06/2025,15/06/2025,16/06/2025,17/06/2025,18/06/2025,19/06/2025,20/06/2025,21/06/2025,23/06/2025,24/06/2025,25/06/2025,29/06/2025
8,06/05/2025,07/05/2025,08/05/2025,13/05/2025,16/05/2025,17/05/2025,18/05/2025,19/05/2025,20/05/2025,21/05/2025,22/05/2025,23/05/2025,24/05/2025,25/05/2025,27/05/2025,28/05/2025,29/05/2025,01/06/2025,02/06/2025,04/06/2025,05/06/2025,06/06/2025,07/06/2025,08/06/2025,09/06/2025,10/06/2025,11/06/2025,12/06/2025,14/06/2025,15/06/2025,16/06/2025,17/06/2025,18/06/2025,19/06/2025,20/06/2025,21/06/2025,23/06/2025,24/06/2025,25/06/2025,29/06/2025
9,06/05/2025,07/05/2025,08/05/2025,13/05/2025,16/05/2025,17/05/2025,18/05/2025,19/05/2025,20/05/2025,21/05/2025,22/05/2025,23/05/2025,24/05/2025,25/05/2025,27/05/2025,28/05/2025,29/05/2025,01/06/2025,02/06/2025,04/06/2025,05/06/2025,06/06/2025,07/06/2025,08/06/2025,09/06/2025,10/06/2025,11/06/2025,12/06/2025,14/06/2025,15/06/2025,16/06/2025,17/06/2025,18/06/2025,19/06/2025,20/06/2025,21/06/2025,23/06/2025,24/06/2025,25/06/2025,29/06/2025
10,06/05/2025,07/05/2025,08/05/2025,13/05/2025,16/05/2025,17/05/2025,18/05/2025,19/05/2025,20/05/2025,21/05/2025,22/05/2025,23/05/2025,24/05/2025,25/05/2025,27/05/2025,28/05/2025,29/05/2025,01/06/2025,02/06/2025,04/06/2025,05/06/2025,06/06/2025,07/06/2025,08/06/2025,09/06/2025,10/06/2025,11/06/2025,12/06/2025,14/06/2025,15/06/2025,16/06/2025,17/06/2025,18/06/2025,19/06/2025,20/06/2025,21/06/2025,23/06/2025,24/06/2025,25/06/2025,29/06/2025
11,06/05/2025,07/05/2025,08/05/2025,13/05/2025,16/05/2025,17/05/2025,18/05/2025,19/05/2025,20/05/2025,21/05/2025,22/05/2025,23/05/2025,24/05/2025,25/05/2025,27/05/2025,28/05/2025,29/05/2025,01/06/2025,02/06/2025,04/06/2025,05/06/2025,06/06/2025,07/06/2025,08/06/2025,09/06/2025,10/06/2025,11/06/2025,12/06/2025,14/06/2025,15/06/2025,16/06/2025,17/06/2025,18/06/2025,19/06/2025,20/06/2025,21/06/2025,23/06/2025,24/06/2025,25/06/2025,29/06/2025
12,06/05/2025,07/05/2025,08/05/2025,13/05/2025,16/05/2025,17/05/2025,18/05/2025,19/05/2025,20/05/2025,21/05/2025,22/05/2025,23/05/2025,24/05/2025,25/05/2025,27/05/2025,28/05/2025,29/05/2025,01/06/2025,02/06/2025,04/06/2025,05/06/2025,06/06/2025,07/06/2025,08/06/2025,09/06/2025,10/06/2025,11/06/2025,12/06/2025,14/06/2025,15/06/2025,16/06/2025,17/06/2025,18/06/2025,19/06/2025,20/06/2025,21/06/2025,23/06/2025,24/06/2025,25/06/2025,29/06/2025
13,06/05/2025,07/05/2025,08/05/2025,13/05/2025,16/05/2025,17/05/2025,18/05/2025,19/05/2025,20/05/2025,21/05/2025,22/05/2025,23/05/2025,24/05/2025,25/05/2025,27/05/2025,28/05/2025,29/05/2025,01/06/2025,02/06/2025,04/06/2025,05/06/2025,06/06/2025,07/06/2025,08/06/2025,09/06/2025,10/06/2025,11/06/2025,12/06/2025,14/06/2025,15/06/2025,16/06/2025,17/06/2025,18/06/2025,19/06/2025,20/06/2025,21/06/2025,23/06/2025,24/06/2025,25/06/2025,29/06/2025
14,06/05/2025,07/05/2025,08/05/2025,13/05/2025,16/05/2025,17/05/2025,18/05/2025,19/05/2025,20/05/2025,21/05/2025,22/05/2025,23/05/2025,24/05/2025,25/05/2025,27/05/2025,28/05/2025,29/05/2025,01/06/2025,02/06/2025,04/06/2025,05/06/2025,06/06/2025,07/06/2025,08/06/2025,09/06/2025,10/06/2025,11/06/2025,12/06/2025,14/06/2025,15/06/2025,16/06/2025,17/06/2025,18/06/2025,19/06/2025,20/06/2025,21/06/2025,23/06/2025,24/06/2025,25/06/2025,29/06/2025
15,06/05/2025,07/05/2025,08/05/2025,13/05/2025,16/05/2025,17/05/2025,18/05/2025,19/05/2025,20/05/2025,21/05/2025,22/05/2025,23/05/2025,24/05/2025,25/05/2025,27/05/2025,28/05/2025,29/05/2025,01/06/2025,02/06/2025,04/06/2025,05/06/2025,06/06/2025,07/06/2025,08/06/2025,09/06/2025,10/06/2025,11/06/2025,12/06/2025,14/06/2025,15/06/2025,16/06/2025,17/06/2025,18/06/2025,19/06/2025,20/06/2025,21/06/2025,23/06/2025,24/06/2025,25/06/2025,29/06/2025
16,06/05/2025,07/05/2025,08/05/2025,13/05/2025,16/05/2025,17/05/2025,18/05/2025,19/05/2025,20/05/2025,21/05/2025,22/05/2025,23/05/2025,24/05/2025,25/05/2025,27/05/2025,28/05/2025,29/05/2025,01/06/2025,02/06/2025,04/06/2025,05/06/2025,06/06/2025,07/06/2025,08/06/2025,09/06/2025,10/06/2025,11/06/2025,12/06/2025,14/06/2025,15/06/2025,16/06/2025,17/06/2025,18/06/2025,19/06/2025,20/06/2025,21/06/2025,23/06/2025,24/06/2025,25/06/2025,29/06/2025
17,06/05/2025,07/05/2025,08/05/2025,13/05/2025,16/05/2025,17/05/2025,18/05/2025,19/05/2025,20/05/2025,21/05/2025,22/05/2025,23/05/2025,24/05/2025,25/05/2025,27/05/2025,28/05/2025,29/05/2025,01/06/2025,02/06/2025,04/06/2025,05/06/2025,06/06/2025,07/06/2025,08/06/2025,09/06/2025,10/06/2025,11/06/2025,12/06/2025,14/06/2025,15/06/2025,16/06/2025,17/06/2025,18/06/2025,19/06/2025,20/06/2025,21/06/2025,23/06/2025,24/06/2025,25/06/2025,29/06/2025
18,06/05/2025,07/05/2025,08/05/2025,13/05/2025,16/05/2025,17/05/2025,18/05/2025,19/05/2025,20/05/2025,21/05/2025,22/05/2025,23/05/2025,24/05/2025,25/05/2025,27/05/2025,28/05/2025,29/05/2025,01/06/2025,02/06/2025,04/06/2025,05/06/2025,06/06/2025,07/06/2025,08/06/2025,09/06/2025,10/06/2025,11/06/2025,12/06/2025,14/06/2025,15/06/2025,16/06/2025,17/06/2025,18/06/2025,19/06/2025,20/06/2025,21/06/2025,23/06/2025,24/06/2025,25/06/2025,29/06/2025
19,06/05/2025,07/05/2025,08/05/2025,13/05/2025,16/05/2025,17/05/2025,18/05/2025,19/05/2025,20/05/2025,21/05/2025,22/05/2025,23/05/2025,24/05/2025,25/05/2025,27/05/2025,28/05/2025,29/05/2025,01/06/2025,02/06/2025,04/06/2025,05/06/2025,06/06/2025,07/06/2025,08/06/2025,09/06/2025,10/06/2025,11/06/2025,12/06/2025,14/06/2025,15/06/2025,16/06/2025,17/06/2025,18/06/2025,19/06/2025,20/06/2025,21/06/2025,23/06/2025,24/06/2025,25/06/2025,29/06/2025
20,06/05/2025,07/05/2025,08/05/2025,13/05/2025,16/05/2025,17/05/2025,18/05/2025,19/05/2025,20/05/2025,21/05/2025,22/05/2025,23/05/2025,24/05/2025,25/05/2025,27/05/2025,28/05/2025,29/05/2025,01/06/2025,02/06/2025,04/06/2025,05/06/2025,06/06/2025,07/06/2025,08/06/2025,09/06/2025,10/06/2025,11/06/2025,12/06/2025,14/06/2025,15/06/2025,16/06/2025,17/06/2025,18/06/2025,19/06/2025,20/06/2025,21/06/2025,23/06/2025,24/06/2025,25/06/2025,29/06/2025
21,06/05/2025,07/05/2025,08/05/2025,13/05/2025,16/05/2025,17/05/2025,18/05/2025,19/05/2025,20/05/2025,21/05/2025,22/05/2025,23/05/2025,24/05/2025,25/05/2025,27/05/2025,28/05/2025,29/05/2025,01/06/2025,02/06/2025,04/06/2025,05/06/2025,06/06/2025,07/06/2025,08/06/2025,09/06/2025,10/06/2025,11/06/2025,12/06/2025,14/06/2025,15/06/2025,16/06/2025,17/06/2025,18/06/2025,19/06/2025,20/06/2025,21/06/2025,23/06/2025,24/06/2025,25/06/2025,29/06/2025
22,06/05/2025,07/05/2025,08/05/2025,13/05/2025,16/05/2025,17/05/2025,18/05/2025,19/05/2025,20/05/2025,21/05/2025,22/05/2025,23/05/2025,24/05/2025,25/05/2025,27/05/2025,28/05/2025,29/05/2025,01/06/2025,02/06/2025,04/06/2025,05/06/2025,06/06/2025,07/06/2025,08/06/2025,09/06/2025,10/06/2025,11/06/2025,12/06/2025,14/06/2025,15/06/2025,16/06/2025,17/06/2025,18/06/2025,19/06/2025,20/06/2025,21/06/2025,23/06/2025,24/06/2025,25/06/2025,29/06/2025
23,06/05/2025,07/05/2025,08/05/2025,13/05/2025,16/05/2025,17/05/2025,18/05/2025,19/05/2025,20/05/2025,21/05/2025,22/05/2025,23/05/2025,24/05/2025,25/05/2025,27/05/2025,28/05/2025,29/05/2025,01/06/2025,02/06/2025,04/06/2025,05/06/2025,06/06/2025,07/06/2025,08/06/2025,09/06/2025,10/06/2025,11/06/2025,12/06/2025,14/06/2025,15/06/2025,16/06/2025,17/06/2025,18/06/2025,19/06/2025,20/06/2025,21/06/2025,23/06/2025,24/06/2025,25/06/2025,29/06/2025
24,06/05/2025,07/05/2025,08/05/2025,13/05/2025,16/05/2025,17/05/2025,18/05/2025,19/05/2025,20/05/2025,21/05/2025,22/05/2025,23/05/2025,24/05/2025,25/05/2025,27/05/2025,28/05/2025,29/05/2025,01/06/2025,02/06/2025,04/06/2025,05/06/2025,06/06/2025,07/06/2025,08/06/2025,09/06/2025,10/06/2025,11/06/2025,12/06/2025,14/06/2025,15/06/2025,16/06/2025,17/06/2025,18/06/2025,19/06/2025,20/06/2025,21/06/2025,23/06/2025,24/06/2025,25/06/2025,29/06/2025
25,06/05/2025,07/05/2025,08/05/2025,13/05/2025,16/05/2025,17/05/2025,18/05/2025,19/05/2025,20/05/2025,21/05/2025,22/05/2025,23/05/2025,24/05/2025,25/05/2025,27/05/2025,28/05/2025,29/05/2025,01/06/2025,02/06/2025,04/06/2025,05/06/2025,06/06/2025,07/06/2025,08/06/2025,09/06/2025,10/06/2025,11/06/2025,12/06/2025,14/06/2025,15/06/2025,16/06/2025,17/06/2025,18/06/2025,19/06/2025,20/06/2025,21/06/2025,23/06/2025,24/06/2025,25/06/2025,29/06/2025
26,06/05/2025,07/05/2025,08/05/2025,13/05/2025,16/05/2025,17/05/2025,18/05/2025,19/05/2025,20/05/2025,21/05/2025,22/05/2025,23/05/2025,24/05/2025,25/05/2025,27/05/2025,28/05/2025,29/05/2025,01/06/2025,02/06/2025,04/06/2025,05/06/2025,06/06/2025,07/06/2025,08/06/2025,09/06/2025,10/06/2025,11/06/2025,12/06/2025,14/06/2025,15/06/2025,16/06/2025,17/06/2025,18/06/2025,19/06/2025,20/06/2025,21/06/2025,23/06/2025,24/06/2025,25/06/2025,29/06/2025
27,06/05/2025,07/05/2025,08/05/2025,13/05/2025,16/05/2025,17/05/2025,18/05/2025,19/05/2025,20/05/2025,21/05/2025,22/05/2025,23/05/2025,24/05/2025,25/05/2025,27/05/2025,28/05/2025,29/05/2025,01/06/2025,02/06/2025,04/06/2025,05/06/2025,06/06/2025,07/06/2025,08/06/2025,09/06/2025,10/06/2025,11/06/2025,12/06/2025,14/06/2025,15/06/2025,16/06/2025,17/06/2025,18/06/2025,19/06/2025,20/06/2025,21/06/2025,23/06/2025,24/06/2025,25/06/2025,29/06/2025
28,06/05/2025,07/05/2025,08/05/2025,13/05/2025,16/05/2025,17/05/2025,18/05/2025,19/05/2025,20/05/2025,21/05/2025,22/05/2025,23/05/2025,24/05/2025,25/05/2025,27/05/2025,28/05/2025,29/05/2025,01/06/2025,02/06/2025,04/06/2025,05/06/2025,06/06/2025,07/06/2025,08/06/2025,09/06/2025,10/06/2025,11/06/2025,12/06/2025,14/06/2025,15/06/2025,16/06/2025,17/06/2025,18/06/2025,19/06/2025,20/06/2025,21/06/2025,23/06/2025,24/06/2025,25/06/2025,29/06/2025
29,06/05/2025,07/05/2025,08/05/2025,13/05/2025,16/05/2025,17/05/2025,18/05/2025,19/05/2025,20/05/2025,21/05/2025,22/05/2025,23/05/2025,24/05/2025,25/05/2025,27/05/2025,28/05/2025,29/05/2025,01/06/2025,02/06/2025,04/06/2025,05/06/2025,06/06/2025,07/06/2025,08/06/2025,09/06/2025,10/06/2025,11/06/2025,12/06/2025,14/06/2025,15/06/2025,16/06/2025,17/06/2025,18/06/2025,19/06/2025,20/06/2025,21/06/2025,23/06/2025,24/06/2025,25/06/2025,29/06/2025
30,06/05/2025,07/05/2025,08/05/2025,13/05/2025,16/05/2025,17/05/2025,18/05/2025,19/05/2025,20/05/2025,21/05/2025,22/05/2025,23/05/2025,24/05/2025,25/05/2025,27/05/2025,28/05/2025,29/05/2025,01/06/2025,02/06/2025,04/06/2025,05/06/2025,06/06/2025,07/06/2025,08/06/2025,09/06/2025,10/06/2025,11/06/2025,12/06/2025,14/06/2025,15/06/2025,16/06/2025,17/06/2025,18/06/2025,19/06/2025,20/06/2025,21/06/2025,23/06/2025,24/06/2025,25/06/2025,29/06/2025
31,06/05/2025,07/05/2025,08/05/2025,13/05/2025,16/05/2025,17/05/2025,18/05/2025,19/05/2025,20/05/2025,21/05/2025,22/05/2025,23/05/2025,24/05/2025,25/05/2025,27/05/2025,28/05/2025,29/05/2025,01/06/2025,02/06/2025,04/06/2025,05/06/2025,06/06/2025,07/06/2025,08/06/2025,09/06/2025,10/06/2025,11/06/2025,12/06/2025,14/06/2025,15/06/2025,16/06/2025,17/06/2025,18/06/2025,19/06/2025,20/06/2025,21/06/2025,23/06/2025,24/06/2025,25/06/2025,29/06/2025
32,06/05/2025,07/05/2025,08/05/2025,13/05/2025,16/05/2025,17/05/2025,18/05/2025,19/05/2025,20/05/2025,21/05/2025,22/05/2025,23/05/2025,24/05/2025,25/05/2025,27/05/2025,28/05/2025,29/05/2025,01/06/2025,02/06/2025,04/06/2025,05/06/2025,06/06/2025,07/06/2025,08/06/2025,09/06/2025,10/06/2025,11/06/2025,12/06/2025,14/06/2025,15/06/2025,16/06/2025,17/06/2025,18/06/2025,19/06/2025,20/06/2025,21/06/2025,23/06/2025,24/06/2025,25/06/2025,29/06/2025
33,06/05/2025,07/05/2025,08/05/2025,13/05/2025,16/05/2025,17/05/2025,18/05/2025,19/05/2025,20/05/2025,21/05/2025,22/05/2025,23/05/2025,24/05/2025,25/05/2025,27/05/2025,28/05/2025,29/05/2025,01/06/2025,02/06/2025,04/06/2025,05/06/2025,06/06/2025,07/06/2025,08/06/2025,09/06/2025,10/06/2025,11/06/2025,12/06/2025,14/06/2025,15/06/2025,16/06/2025,17/06/2025,18/06/2025,19/06/2025,20/06/2025,21/06/2025,23/06/2025,24/06/2025,25/06/2025,29/06/2025
34,06/05/2025,07/05/2025,08/05/2025,13/05/2025,16/05/2025,17/05/2025,18/05/2025,19/05/2025,20/05/2025,21/05/2025,22/05/2025,23/05/2025,24/05/2025,25/05/2025,27/05/2025,28/05/2025,29/05/2025,01/06/2025,02/06/2025,04/06/2025,05/06/2025,06/06/2025,07/06/2025,08/06/2025,09/06/2025,10/06/2025,11/06/2025,12/06/2025,14/06/2025,15/06/2025,16/06/2025,17/06/2025,18/06/2025,19/06/2025,20/06/2025,21/06/2025,23/06/2025,24/06/2025,25/06/2025,29/06/2025
35,06/05/2025,07/05/2025,08/05/2025,13/05/2025,16/05/2025,17/05/2025,18/05/2025,19/05/2025,20/05/2025,21/05/2025,22/05/2025,23/05/2025,24/05/2025,25/05/2025,27/05/2025,28/05/2025,29/05/2025,01/06/2025,02/06/2025,04/06/2025,05/06/2025,06/06/2025,07/06/2025,08/06/2025,09/06/2025,10/06/2025,11/06/2025,12/06/2025,14/06/2025,15/06/2025,16/06/2025,17/06/2025,18/06/2025,19/06/2025,20/06/2025,21/06/2025,23/06/2025,24/06/2025,25/06/2025,29/06/2025
36,06/05/2025,07/05/2025,08/05/2025,13/05/2025,16/05/2025,17/05/2025,18/05/2025,19/05/2025,20/05/2025,21/05/2025,22/05/2025,23/05/2025,24/05/2025,25/05/2025,27/05/2025,28/05/2025,29/05/2025,01/06/2025,02/06/2025,04/06/2025,05/06/2025,06/06/2025,07/06/2025,08/06/2025,09/06/2025,10/06/2025,11/06/2025,12/06/2025,14/06/2025,15/06/2025,16/06/2025,17/06/2025,18/06/2025,19/06/2025,20/06/2025,21/06/2025,23/06/2025,24/06/2025,25/06/2025,29/06/2025
37,06/05/2025,07/05/2025,08/05/2025,13/05/2025,16/05/2025,17/05/2025,18/05/2025,19/05/2025,20/05/2025,21/05/2025,22/05/2025,23/05/2025,24/05/2025,25/05/2025,27/05/2025,28/05/2025,29/05/2025,01/06/2025,02/06/2025,04/06/2025,05/06/2025,06/06/2025,07/06/2025,08/06/2025,09/06/2025,10/06/2025,11/06/2025,12/06/2025,14/06/2025,15/06/2025,16/06/2025,17/06/2025,18/06/2025,19/06/2025,20/06/2025,21/06/2025,23/06/2025,24/06/2025,25/06/2025,29/06/2025
38,06/05/2025,07/05/2025,08/05/2025,13/05/2025,16/05/2025,17/05/2025,18/05/2025,19/05/2025,20/05/2025,21/05/2025,22/05/2025,23/05/2025,24/05/2025,25/05/2025,27/05/2025,28/05/2025,29/05/2025,01/06/2025,02/06/2025,04/06/2025,05/06/2025,06/06/2025,07/06/2025,08/06/2025,09/06/2025,10/06/2025,11/06/2025,12/06/2025,14/06/2025,15/06/2025,16/06/2025,17/06/2025,18/06/2025,19/06/2025,20/06/2025,21/06/2025,23/06/2025,24/06/2025,25/06/2025,29/06/2025
39,06/05/2025,07/05/2025,08/05/2025,13/05/2025,16/05/2025,17/05/2025,18/05/2025,19/05/2025,20/05/2025,21/05/2025,22/05/2025,23/05/2025,24/05/2025,25/05/2025,27/05/2025,28/05/2025,29/05/2025,01/06/2025,02/06/2025,04/06/2025,05/06/2025,06/06/2025,07/06/2025,08/06/2025,09/06/2025,10/06/2025,11/06/2025,12/06/2025,14/06/2025,15/06/2025,16/06/2025,17/06/2025,18/06/2025,19/06/2025,20/06/2025,21/06/2025,23/06/2025,24/06/2025,25/06/2025,29/06/2025
40,06/05/2025,07/05/2025,08/05/2025,13/05/2025,16/05/2025,17/05/2025,18/05/2025,19/05/2025,20/05/2025,21/05/2025,22/05/2025,23/05/2025,24/05/2025,25/05/2025,27/05/2025,28/05/2025,29/05/2025,01/06/2025,02/06/2025,04/06/2025,05/06/2025,06/06/2025,07/06/2025,08/06/2025,09/06/2025,10/06/2025,11/06/2025,12/06/2025,14/06/2025,15/06/2025,16/06/2025,17/06/2025,18/06/2025,19/06/2025,20/06/2025,21/06/2025,23/06/2025,24/06/2025,25/06/2025,29/06/2025
41,06/05/2025,07/05/2025,08/05/2025,13/05/2025,16/05/2025,17/05/2025,18/05/2025,19/05/2025,20/05/2025,21/05/2025,22/05/2025,23/05/2025,24/05/2025,25/05/2025,27/05/2025,28/05/2025,29/05/2025,01/06/2025,02/06/2025,04/06/2025,05/06/2025,06/06/2025,07/06/2025,08/06/2025,09/06/2025,10/06/2025,11/06/2025,12/06/2025,14/06/2025,15/06/2025,16/06/2025,17/06/2025,18/06/2025,19/06/2025,20/06/2025,21/06/2025,23/06/2025,24/06/2025,25/06/2025,29/06/2025
42,06/05/2025,07/05/2025,08/05/2025,13/05/2025,16/05/2025,17/05/2025,18/05/2025,19/05/2025,20/05/2025,21/05/2025,22/05/2025,23/05/2025,24/05/2025,25/05/2025,27/05/2025,28/05/2025,29/05/2025,01/06/2025,02/06/2025,04/06/2025,05/06/2025,06/06/2025,07/06/2025,08/06/2025,09/06/2025,10/06/2025,11/06/2025,12/06/2025,14/06/2025,15/06/2025,16/06/2025,17/06/2025,18/06/2025,19/06/2025,20/06/2025,21/06/2025,23/06/2025,24/06/2025,25/06/2025,29/06/2025
43,06/05/2025,07/05/2025,08/05/2025,13/05/2025,16/05/2025,17/05/2025,18/05/2025,19/05/2025,20/05/2025,21/05/2025,22/05/2025,23/05/2025,24/05/2025,25/05/2025,27/05/2025,28/05/2025,29/05/2025,01/06/2025,02/06/2025,04/06/2025,05/06/2025,06/06/2025,07/06/2025,08/06/2025,09/06/2025,10/06/2025,11/06/2025,12/06/2025,14/06/2025,15/06/2025,16/06/2025,17/06/2025,18/06/2025,19/06/2025,20/06/2025,21/06/2025,23/06/2025,24/06/2025,25/06/2025,29/06/2025
44,06/05/2025,07/05/2025,08/05/2025,13/05/2025,16/05/2025,17/05/2025,18/05/2025,19/05/2025,20/05/2025,21/05/2025,22/05/2025,23/05/2025,24/05/2025,25/05/2025,27/05/2025,28/05/2025,29/05/2025,01/06/2025,02/06/2025,04/06/2025,05/06/2025,06/06/2025,07/06/2025,08/06/2025,09/06/2025,10/06/2025,11/06/2025,12/06/2025,14/06/2025,15/06/2025,16/06/2025,17/06/2025,18/06/2025,19/06/2025,20/06/2025,21/06/2025,23/06/2025,24/06/2025,25/06/2025,29/06/2025
45,06/05/2025,07/05/2025,08/05/2025,13/05/2025,16/05/2025,17/05/2025,18/05/2025,19/05/2025,20/05/2025,21/05/2025,22/05/2025,23/05/2025,24/05/2025,25/05/2025,27/05/2025,28/05/2025,29/05/2025,01/06/2025,02/06/2025,04/06/2025,05/06/2025,06/06/2025,07/06/2025,08/06/2025,09/06/2025,10/06/2025,11/06/2025,12/06/2025,14/06/2025,15/06/2025,16/06/2025,17/06/2025,18/06/2025,19/06/2025,20/06/2025,21/06/2025,23/06/2025,24/06/2025,25/06/2025,29/06/2025
46,06/05/2025,07/05/2025,08/05/2025,13/05/2025,16/05/2025,17/05/2025,18/05/2025,19/05/2025,20/05/2025,21/05/2025,22/05/2025,23/05/2025,24/05/2025,25/05/2025,27/05/2025,28/05/2025,29/05/2025,01/06/2025,02/06/2025,04/06/2025,05/06/2025,06/06/2025,07/06/2025,08/06/2025,09/06/2025,10/06/2025,11/06/2025,12/06/2025,14/06/2025,15/06/2025,16/06/2025,17/06/2025,18/06/2025,19/06/2025,20/06/2025,21/06/2025,23/06/2025,24/06/2025,25/06/2025,29/06/2025
47,06/05/2025,07/05/2025,08/05/2025,13/05/2025,16/05/2025,17/05/2025,18/05/2025,19/05/2025,20/05/2025,21/05/2025,22/05/2025,23/05/2025,24/05/2025,25/05/2025,27/05/2025,28/05/2025,29/05/2025,01/06/2025,02/06/2025,04/06/2025,05/06/2025,06/06/2025,07/06/2025,08/06/2025,09/06/2025,10/06/2025,11/06/2025,12/06/2025,14/06/2025,15/06/2025,16/06/2025,17/06/2025,18/06/2025,19/06/2025,20/06/2025,21/06/2025,23/06/2025,24/06/2025,25/06/2025,29/06/2025
48,06/05/2025,07/05/2025,08/05/2025,13/05/2025,16/05/2025,17/05/2025,18/05/2025,19/05/2025,20/05/2025,21/05/2025,22/05/2025,23/05/2025,24/05/2025,25/05/2025,27/05/2025,28/05/2025,29/05/2025,01/06/2025,02/06/2025,04/06/2025,05/06/2025,06/06/2025,07/06/2025,08/06/2025,09/06/2025,10/06/2025,11/06/2025,12/06/2025,14/06/2025,15/06/2025,16/06/2025,17/06/2025,18/06/2025,19/06/2025,20/06/2025,21/06/2025,23/06/2025,24/06/2025,25/06/2025,29/06/2025
49,06/05/2025,07/05/2025,08/05/2025,13/05/2025,16/05/2025,17/05/2025,18/05/2025,19/05/2025,20/05/2025,21/05/2025,22/05/2025,23/05/2025,24/05/2025,25/05/2025,27/05/2025,28/05/2025,29/05/2025,01/06/2025,02/06/2025,04/06/2025,05/06/2025,06/06/2025,07/06/2025,08/06/2025,09/06/2025,10/06/2025,11/06/2025,12/06/2025,14/06/2025,15/06/2025,16/06/2025,17/06/2025,18/06/2025,19/06/2025,20/06/2025,21/06/2025,23/06/2025,24/06/2025,25/06/2025,29/06/2025
50,06/05/2025,07/05/2025,08/05/2025,13/05/2025,16/05/2025,17/05/2025,18/05/2025,19/05/2025,20/05/2025,21/05/2025,22/05/2025,23/05/2025,24/05/2025,25/05/2025,27/05/2025,28/05/2025,29/05/2025,01/06/2025,02/06/2025,04/06/2025,05/06/2025,06/06/2025,07/06/2025,08/06/2025,09/06/2025,10/06/2025,11/06/2025,12/06/2025,14/06/2025,15/06/2025,16/06/2025,17/06/2025,18/06/2025,19/06/2025,20/06/2025,21/06/2025,23/06/2025,24/06/2025,25/06/2025,29/06/2025
51,06/05/2025,07/05/2025,08/05/2025,13/05/2025,16/05/2025,17/05/2025,18/05/2025,19/05/2025,20/05/2025,21/05/2025,22/05/2025,23/05/2025,24/05/2025,25/05/2025,27/05/2025,28/05/2025,29/05/2025,01/06/2025,02/06/2025,04/06/2025,05/06/2025,06/06/2025,07/06/2025,08/06/2025,09/06/2025,10/06/2025,11/06/2025,12/06/2025,14/06/2025,15/06/2025,16/06/2025,17/06/2025,18/06/2025,19/06/2025,20/06/2025,21/06/2025,23/06/2025,24/06/2025,25/06/2025,29/06/2025
52,06/05/2025,07/05/2025,08/05/2025,13/05/2025,16/05/2025,17/05/2025,18/05/2025,19/05/2025,20/05/2025,21/05/2025,22/05/2025,23/05/2025,24/05/2025,25/05/2025,27/05/2025,28/05/2025,29/05/2025,01/06/2025,02/06/2025,04/06/2025,05/06/2025,06/06/2025,07/06/2025,08/06/2025,09/06/2025,10/06/2025,11/06/2025,12/06/2025,14/06/2025,15/06/2025,16/06/2025,17/06/2025,18/06/2025,19/06/2025,20/06/2025,21/06/2025,23/06/2025,24/06/2025,25/06/2025,29/06/2025
53,06/05/2025,07/05/2025,08/05/2025,13/05/2025,16/05/2025,17/05/2025,18/05/2025,19/05/2025,20/05/2025,21/05/2025,22/05/2025,23/05/2025,24/05/2025,25/05/2025,27/05/2025,28/05/2025,29/05/2025,01/06/2025,02/06/2025,04/06/2025,05/06/2025,06/06/2025,07/06/2025,08/06/2025,09/06/2025,10/06/2025,11/06/2025,12/06/2025,14/06/2025,15/06/2025,16/06/2025,17/06/2025,18/06/2025,19/06/2025,20/06/2025,21/06/2025,23/06/2025,24/06/2025,25/06/2025,29/06/2025
54,06/05/2025,07/05/2025,08/05/2025,13/05/2025,16/05/2025,17/05/2025,18/05/2025,19/05/2025,20/05/2025,21/05/2025,22/05/2025,23/05/2025,24/05/2025,25/05/2025,27/05/2025,28/05/2025,29/05/2025,01/06/2025,02/06/2025,04/06/2025,05/06/2025,06/06/2025,07/06/2025,08/06/2025,09/06/2025,10/06/2025,11/06/2025,12/06/2025,14/06/2025,15/06/2025,16/06/2025,17/06/2025,18/06/2025,19/06/2025,20/06/2025,21/06/2025,23/06/2025,24/06/2025,25/06/2025,29/06/2025
55,06/05/2025,07/05/2025,08/05/2025,13/05/2025,16/05/2025,17/05/2025,18/05/2025,19/05/2025,20/05/2025,21/05/2025,22/05/2025,23/05/2025,24/05/2025,25/05/2025,27/05/2025,28/05/2025,29/05/2025,01/06/2025,02/06/2025,04/06/2025,05/06/2025,06/06/2025,07/06/2025,08/06/2025,09/06/2025,10/06/2025,11/06/2025,12/06/2025,14/06/2025,15/06/2025,16/06/2025,17/06/2025,18/06/2025,19/06/2025,20/06/2025,21/06/2025,23/06/2025,24/06/2025,25/06/2025,29/06/2025
56,06/05/2025,07/05/2025,08/05/2025,13/05/2025,16/05/2025,17/05/2025,18/05/2025,19/05/2025,20/05/2025,21/05/2025,22/05/2025,23/05/2025,24/05/2025,25/05/2025,27/05/2025,28/05/2025,29/05/2025,01/06/2025,02/06/2025,04/06/2025,05/06/2025,06/06/2025,07/06/2025,08/06/2025,09/06/2025,10/06/2025,11/06/2025,12/06/2025,14/06/2025,15/06/2025,16/06/2025,17/06/2025,18/06/2025,19/06/2025,20/06/2025,21/06/2025,23/06/2025,24/06/2025,25/06/2025,29/06/2025
57,06/05/2025,07/05/2025,08/05/2025,13/05/2025,16/05/2025,17/05/2025,18/05/2025,19/05/2025,20/05/2025,21/05/2025,22/05/2025,23/05/2025,24/05/2025,25/05/2025,27/05/2025,28/05/2025,29/05/2025,01/06/2025,02/06/2025,04/06/2025,05/06/2025,06/06/2025,07/06/2025,08/06/2025,09/06/2025,10/06/2025,11/06/2025,12/06/2025,14/06/2025,15/06/2025,16/06/2025,17/06/2025,18/06/2025,19/06/2025,20/06/2025,21/06/2025,23/06/2025,24/06/2025,25/06/2025,29/06/2025
58,06/05/2025,07/05/2025,08/05/2025,13/05/2025,16/05/2025,17/05/2025,18/05/2025,19/05/2025,20/05/2025,21/05/2025,22/05/2025,23/05/2025,24/05/2025,25/05/2025,27/05/2025,28/05/2025,29/05/2025,01/06/2025,02/06/2025,04/06/2025,05/06/2025,06/06/2025,07/06/2025,08/06/2025,09/06/2025,10/06/2025,11/06/2025,12/06/2025,14/06/2025,15/06/2025,16/06/2025,17/06/2025,18/06/2025,19/06/2025,20/06/2025,21/06/2025,23/06/2025,24/06/2025,25/06/2025,29/06/2025
59,06/05/2025,07/05/2025,08/05/2025,13/05/2025,16/05/2025,17/05/2025,18/05/2025,19/05/2025,20/05/2025,21/05/2025,22/05/2025,23/05/2025,24/05/2025,25/05/2025,27/05/2025,28/05/2025,29/05/2025,01/06/2025,02/06/2025,04/06/2025,05/06/2025,06/06/2025,07/06/2025,08/06/2025,09/06/2025,10/06/2025,11/06/2025,12/06/2025,14/06/2025,15/06/2025,16/06/2025,17/06/2025,18/06/2025,19/06/2025,20/06/2025,21/06/2025,23/06/2025,24/06/2025,25/06/2025,29/06/2025
60,06/05/2025,07/05/2025,08/05/2025,13/05/2025,16/05/2025,17/05/2025,18/05/2025,19/05/2025,20/05/2025,21/05/2025,22/05/2025,23/05/2025,24/05/2025,25/05/2025,27/05/2025,28/05/2025,29/05/2025,01/06/2025,02/06/2025,04/06/2025,05/06/2025,06/06/2025,07/06/2025,08/06/2025,09/06/2025,10/06/2025,11/06/2025,12/06/2025,14/06/2025,15/06/2025,16/06/2025,17/06/2025,18/06/2025,19/06/2025,20/06/2025,21/06/2025,23/06/2025,24/06/2025,25/06/2025,29/06/2025
61,06/05/2025,07/05/2025,08/05/2025,13/05/2025,16/05/2025,17/05/2025,18/05/2025,19/05/2025,20/05/2025,21/05/2025,22/05/2025,23/05/2025,24/05/2025,25/05/2025,27/05/2025,28/05/2025,29/05/2025,01/06/2025,02/06/2025,04/06/2025,05/06/2025,06/06/2025,07/06/2025,08/06/2025,09/06/2025,10/06/2025,11/06/2025,12/06/2025,14/06/2025,15/06/2025,16/06/2025,17/06/2025,18/06/2025,19/06/2025,20/06/2025,21/06/2025,23/06/2025,24/06/2025,25/06/2025,29/06/2025
62,06/05/2025,07/05/2025,08/05/2025,13/05/2025,16/05/2025,17/05/2025,18/05/2025,19/05/2025,20/05/2025,21/05/2025,22/05/2025,23/05/2025,24/05/2025,25/05/2025,27/05/2025,28/05/2025,29/05/2025,01/06/2025,02/06/2025,04/06/2025,05/06/2025,06/06/2025,07/06/2025,08/06/2025,09/06/2025,10/06/2025,11/06/2025,12/06/2025,14/06/2025,15/06/2025,16/06/2025,17/06/2025,18/06/2025,19/06/2025,20/06/2025,21/06/2025,23/06/2025,24/06/2025,25/06/2025,29/06/2025
63,06/05/2025,07/05/2025,08/05/2025,13/05/2025,16/05/2025,17/05/2025,18/05/2025,19/05/2025,20/05/2025,21/05/2025,22/05/2025,23/05/2025,24/05/2025,25/05/2025,27/05/2025,28/05/2025,29/05/2025,01/06/2025,02/06/2025,04/06/2025,05/06/2025,06/06/2025,07/06/2025,08/06/2025,09/06/2025,10/06/2025,11/06/2025,12/06/2025,14/06/2025,15/06/2025,16/06/2025,17/06/2025,18/06/2025,19/06/2025,20/06/2025,21/06/2025,23/06/2025,24/06/2025,25/06/2025,29/06/2025
64,06/05/2025,07/05/2025,08/05/2025,13/05/2025,16/05/2025,17/05/2025,18/05/2025,19/05/2025,20/05/2025,21/05/2025,22/05/2025,23/05/2025,24/05/2025,25/05/2025,27/05/2025,28/05/2025,29/05/2025,01/06/2025,02/06/2025,04/06/2025,05/06/2025,06/06/2025,07/06/2025,08/06/2025,09/06/2025,10/06/2025,11/06/2025,12/06/2025,14/06/2025,15/06/2025,16/06/2025,17/06/2025,18/06/2025,19/06/2025,20/06/2025,21/06/2025,23/06/2025,24/06/2025,25/06/2025,29/06/2025
65,06/05/2025,07/05/2025,08/05/2025,13/05/2025,16/05/2025,17/05/2025,18/05/2025,19/05/2025,20/05/2025,21/05/2025,22/05/2025,23/05/2025,24/05/2025,25/05/2025,27/05/2025,28/05/2025,29/05/2025,01/06/2025,02/06/2025,04/06/2025,05/06/2025,06/06/2025,07/06/2025,08/06/2025,09/06/2025,10/06/2025,11/06/2025,12/06/2025,14/06/2025,15/06/2025,16/06/2025,17/06/2025,18/06/2025,19/06/2025,20/06/2025,21/06/2025,23/06/2025,24/06/2025,25/06/2025,29/06/2025
66,06/05/2025,07/05/2025,08/05/2025,13/05/2025,16/05/2025,17/05/2025,18/05/2025,19/05/2025,20/05/2025,21/05/2025,22/05/2025,23/05/2025,24/05/2025,25/05/2025,27/05/2025,28/05/2025,29/05/2025,01/06/2025,02/06/2025,04/06/2025,05/06/2025,06/06/2025,07/06/2025,08/06/2025,09/06/2025,10/06/2025,11/06/2025,12/06/2025,14/06/2025,15/06/2025,16/06/2025,17/06/2025,18/06/2025,19/06/2025,20/06/2025,21/06/2025,23/06/2025,24/06/2025,25/06/2025,29/06/2025
67,06/05/2025,07/05/2025,08/05/2025,13/05/2025,16/05/2025,17/05/2025,18/05/2025,19/05/2025,20/05/2025,21/05/2025,22/05/2025,23/05/2025,24/05/2025,25/05/2025,27/05/2025,28/05/2025,29/05/2025,01/06/2025,02/06/2025,04/06/2025,05/06/2025,06/06/2025,07/06/2025,08/06/2025,09/06/2025,10/06/2025,11/06/2025,12/06/2025,14/06/2025,15/06/2025,16/06/2025,17/06/2025,18/06/2025,19/06/2025,20/06/2025,21/06/2025,23/06/2025,24/06/2025,25/06/2025,29/06/2025
68,06/05/2025,07/05/2025,08/05/2025,13/05/2025,16/05/2025,17/05/2025,18/05/2025,19/05/2025,20/05/2025,21/05/2025,22/05/2025,23/05/2025,24/05/2025,25/05/2025,27/05/2025,28/05/2025,29/05/2025,01/06/2025,02/06/2025,04/06/2025,05/06/2025,06/06/2025,07/06/2025,08/06/2025,09/06/2025,10/06/2025,11/06/2025,12/06/2025,14/06/2025,15/06/2025,16/06/2025,17/06/2025,18/06/2025,19/06/2025,20/06/2025,21/06/2025,23/06/2025,24/06/2025,25/06/2025,29/06/2025
69,06/05/2025,07/05/2025,08/05/2025,13/05/2025,16/05/2025,17/05/2025,18/05/2025,19/05/2025,20/05/2025,21/05/2025,22/05/2025,23/05/2025,24/05/2025,25/05/2025,27/05/2025,28/05/2025,29/05/2025,01/06/2025,02/06/2025,04/06/2025,05/06/2025,06/06/2025,07/06/2025,08/06/2025,09/06/2025,10/06/2025,11/06/2025,12/06/2025,14/06/2025,15/06/2025,16/06/2025,17/06/2025,18/06/2025,19/06/2025,20/06/2025,21/06/2025,23/06/2025,24/06/2025,25/06/2025,29/06/2025
70,06/05/2025,07/05/2025,08/05/2025,13/05/2025,16/05/2025,17/05/2025,18/05/2025,19/05/2025,20/05/2025,21/05/2025,22/05/2025,23/05/2025,24/05/2025,25/05/2025,27/05/2025,28/05/2025,29/05/2025,01/06/2025,02/06/2025,04/06/2025,05/06/2025,06/06/2025,07/06/2025,08/06/2025,09/06/2025,10/06/2025,11/06/2025,12/06/2025,14/06/2025,15/06/2025,16/06/2025,17/06/2025,18/06/2025,19/06/2025,20/06/2025,21/06/2025,23/06/2025,24/06/2025,25/06/2025,29/06/2025
71,06/05/2025,07/05/2025,08/05/2025,13/05/2025,16/05/2025,17/05/2025,18/05/2025,19/05/2025,20/05/2025,21/05/2025,22/05/2025,23/05/2025,24/05/2025,25/05/2025,27/05/2025,28/05/2025,29/05/2025,01/06/2025,02/06/2025,04/06/2025,05/06/2025,06/06/2025,07/06/2025,08/06/2025,09/06/2025,10/06/2025,11/06/2025,12/06/2025,14/06/2025,15/06/2025,16/06/2025,17/06/2025,18/06/2025,19/06/2025,20/06/2025,21/06/2025,23/06/2025,24/06/2025,25/06/2025,29/06/2025
72,06/05/2025,07/05/2025,08/05/2025,13/05/2025,16/05/2025,17/05/2025,18/05/2025,19/05/2025,20/05/2025,21/05/2025,22/05/2025,23/05/2025,24/05/2025,25/05/2025,27/05/2025,28/05/2025,29/05/2025,01/06/2025,02/06/2025,04/06/2025,05/06/2025,06/06/2025,07/06/2025,08/06/2025,09/06/2025,10/06/2025,11/06/2025,12/06/2025,14/06/2025,15/06/2025,16/06/2025,17/06/2025,18/06/2025,19/06/2025,20/06/2025,21/06/2025,23/06/2025,24/06/2025,25/06/2025,29/06/2025
73,06/05/2025,07/05/2025,08/05/2025,13/05/2025,16/05/2025,17/05/2025,18/05/2025,19/05/2025,20/05/2025,21/05/2025,22/05/2025,23/05/2025,24/05/2025,25/05/2025,27/05/2025,28/05/2025,29/05/2025,01/06/2025,02/06/2025,04/06/2025,05/06/2025,06/06/2025,07/06/2025,08/06/2025,09/06/2025,10/06/2025,11/06/2025,12/06/2025,14/06/2025,15/06/2025,16/06/2025,17/06/2025,18/06/2025,19/06/2025,20/06/2025,21/06/2025,23/06/2025,24/06/2025,25/06/2025,29/06/2025
74,06/05/2025,07/05/2025,08/05/2025,13/05/2025,16/05/2025,17/05/2025,18/05/2025,19/05/2025,20/05/2025,21/05/2025,22/05/2025,23/05/2025,24/05/2025,25/05/2025,27/05/2025,28/05/2025,29/05/2025,01/06/2025,02/06/2025,04/06/2025,05/06/2025,06/06/2025,07/06/2025,08/06/2025,09/06/2025,10/06/2025,11/06/2025,12/06/2025,14/06/2025,15/06/2025,16/06/2025,17/06/2025,18/06/2025,19/06/2025,20/06/2025,21/06/2025,23/06/2025,24/06/2025,25/06/2025,29/06/2025
75,06/05/2025,07/05/2025,08/05/2025,13/05/2025,16/05/2025,17/05/2025,18/05/2025,19/05/2025,20/05/2025,21/05/2025,22/05/2025,23/05/2025,24/05/2025,25/05/2025,27/05/2025,28/05/2025,29/05/2025,01/06/2025,02/06/2025,04/06/2025,05/06/2025,06/06/2025,07/06/2025,08/06/2025,09/06/2025,10/06/2025,11/06/2025,12/06/2025,14/06/2025,15/06/2025,16/06/2025,17/06/2025,18/06/2025,19/06/2025,20/06/2025,21/06/2025,23/06/2025,24/06/2025,25/06/2025,29/06/2025
76,06/05/2025,07/05/2025,08/05/2025,13/05/2025,16/05/2025,17/05/2025,18/05/2025,19/05/2025,20/05/2025,21/05/2025,22/05/2025,23/05/2025,24/05/2025,25/05/2025,27/05/2025,28/05/2025,29/05/2025,01/06/2025,02/06/2025,04/06/2025,05/06/2025,06/06/2025,07/06/2025,08/06/2025,09/06/2025,10/06/2025,11/06/2025,12/06/2025,14/06/2025,15/06/2025,16/06/2025,17/06/2025,18/06/2025,19/06/2025,20/06/2025,21/06/2025,23/06/2025,24/06/2025,25/06/2025,29/06/2025
77,06/05/2025,07/05/2025,08/05/2025,13/05/2025,16/05/2025,17/05/2025,18/05/2025,19/05/2025,20/05/2025,21/05/2025,22/05/2025,23/05/2025,24/05/2025,25/05/2025,27/05/2025,28/05/2025,29/05/2025,01/06/2025,02/06/2025,04/06/2025,05/06/2025,06/06/2025,07/06/2025,08/06/2025,09/06/2025,10/06/2025,11/06/2025,12/06/2025,14/06/2025,15/06/2025,16/06/2025,17/06/2025,18/06/2025,19/06/2025,20/06/2025,21/06/2025,23/06/2025,24/06/2025,25/06/2025,29/06/2025
78,06/05/2025,07/05/2025,08/05/2025,13/05/2025,16/05/2025,17/05/2025,18/05/2025,19/05/2025,20/05/2025,21/05/2025,22/05/2025,23/05/2025,24/05/2025,25/05/2025,27/05/2025,28/05/2025,29/05/2025,01/06/2025,02/06/2025,04/06/2025,05/06/2025,06/06/2025,07/06/2025,08/06/2025,09/06/2025,10/06/2025,11/06/2025,12/06/2025,14/06/2025,15/06/2025,16/06/2025,17/06/2025,18/06/2025,19/06/2025,20/06/2025,21/06/2025,23/06/2025,24/06/2025,25/06/2025,29/06/2025
79,06/05/2025,07/05/2025,08/05/2025,13/05/2025,16/05/2025,17/05/2025,18/05/2025,19/05/2025,20/05/2025,21/05/2025,22/05/2025,23/05/2025,24/05/2025,25/05/2025,27/05/2025,28/05/2025,29/05/2025,01/06/2025,02/06/2025,04/06/2025,05/06/2025,06/06/2025,07/06/2025,08/06/2025,09/06/2025,10/06/2025,11/06/2025,12/06/2025,14/06/2025,15/06/2025,16/06/2025,17/06/2025,18/06/2025,19/06/2025,20/06/2025,21/06/2025,23/06/2025,24/06/2025,25/06/2025,29/06/2025
80,06/05/2025,07/05/2025,08/05/2025,13/05/2025,16/05/2025,17/05/2025,18/05/2025,19/05/2025,20/05/2025,21/05/2025,22/05/2025,23/05/2025,24/05/2025,25/05/2025,27/05/2025,28/05/2025,29/05/2025,01/06/2025,02/06/2025,04/06/2025,05/06/2025,06/06/2025,07/06/2025,08/06/2025,09/06/2025,10/06/2025,11/06/2025,12/06/2025,14/06/2025,15/06/2025,16/06/2025,17/06/2025,18/06/2025,19/06/2025,20/06/2025,21/06/2025,23/06/2025,24/06/2025,25/06/2025,29/06/2025
81,06/05/2025,07/05/2025,08/05/2025,13/05/2025,16/05/2025,17/05/2025,18/05/2025,19/05/2025,20/05/2025,21/05/2025,22/05/2025,23/05/2025,24/05/2025,25/05/2025,27/05/2025,28/05/2025,29/05/2025,01/06/2025,02/06/2025,04/06/2025,05/06/2025,06/06/2025,07/06/2025,08/06/2025,09/06/2025,10/06/2025,11/06/2025,12/06/2025,14/06/2025,15/06/2025,16/06/2025,17/06/2025,18/06/2025,19/06/2025,20/06/2025,21/06/2025,23/06/2025,24/06/2025,25/06/2025,29/06/2025
82,06/05/2025,07/05/2025,08/05/2025,13/05/2025,16/05/2025,17/05/2025,18/05/2025,19/05/2025,20/05/2025,21/05/2025,22/05/2025,23/05/2025,24/05/2025,25/05/2025,27/05/2025,28/05/2025,29/05/2025,01/06/2025,02/06/2025,04/06/2025,05/06/2025,06/06/2025,07/06/2025,08/06/2025,09/06/2025,10/06/2025,11/06/2025,12/06/2025,14/06/2025,15/06/2025,16/06/2025,17/06/2025,18/06/2025,19/06/2025,20/06/2025,21/06/2025,23/06/2025,24/06/2025,25/06/2025,29/06/2025
83,06/05/2025,07/05/2025,08/05/2025,13/05/2025,16/05/2025,17/05/2025,18/05/2025,19/05/2025,20/05/2025,21/05/2025,22/05/2025,23/05/2025,24/05/2025,25/05/2025,27/05/2025,28/05/2025,29/05/2025,01/06/2025,02/06/2025,04/06/2025,05/06/2025,06/06/2025,07/06/2025,08/06/2025,09/06/2025,10/06/2025,11/06/2025,12/06/2025,14/06/2025,15/06/2025,16/06/2025,17/06/2025,18/06/2025,19/06/2025,20/06/2025,21/06/2025,23/06/2025,24/06/2025,25/06/2025,29/06/2025
84,06/05/2025,07/05/2025,08/05/2025,13/05/2025,16/05/2025,17/05/2025,18/05/2025,19/05/2025,20/05/2025,21/05/2025,22/05/2025,23/05/2025,24/05/2025,25/05/2025,27/05/2025,28/05/2025,29/05/2025,01/06/2025,02/06/2025,04/06/2025,05/06/2025,06/06/2025,07/06/2025,08/06/2025,09/06/2025,10/06/2025,11/06/2025,12/06/2025,14/06/2025,15/06/2025,16/06/2025,17/06/2025,18/06/2025,19/06/2025,20/06/2025,21/06/2025,23/06/2025,24/06/2025,25/06/2025,29/06/2025
85,06/05/2025,07/05/2025,08/05/2025,13/05/2025,16/05/2025,17/05/2025,18/05/2025,19/05/2025,20/05/2025,21/05/2025,22/05/2025,23/05/2025,24/05/2025,25/05/2025,27/05/2025,28/05/2025,29/05/2025,01/06/2025,02/06/2025,04/06/2025,05/06/2025,06/06/2025,07/06/2025,08/06/2025,09/06/2025,10/06/2025,11/06/2025,12/06/2025,14/06/2025,15/06/2025,16/06/2025,17/06/2025,18/06/2025,19/06/2025,20/06/2025,21/06/2025,23/06/2025,24/06/2025,25/06/2025,29/06/2025
86,06/05/2025,07/05/2025,08/05/2025,13/05/2025,16/05/2025,17/05/2025,18/05/2025,19/05/2025,20/05/2025,21/05/2025,22/05/2025,23/05/2025,24/05/2025,25/05/2025,27/05/2025,28/05/2025,29/05/2025,01/06/2025,02/06/2025,04/06/2025,05/06/2025,06/06/2025,07/06/2025,08/06/2025,09/06/2025,10/06/2025,11/06/2025,12/06/2025,14/06/2025,15/06/2025,16/06/2025,17/06/2025,18/06/2025,19/06/2025,20/06/2025,21/06/2025,23/06/2025,24/06/2025,25/06/2025,29/06/2025
87,06/05/2025,07/05/2025,08/05/2025,13/05/2025,16/05/2025,17/05/2025,18/05/2025,19/05/2025,20/05/2025,21/05/2025,22/05/2025,23/05/2025,24/05/2025,25/05/2025,27/05/2025,28/05/2025,29/05/2025,01/06/2025,02/06/2025,04/06/2025,05/06/2025,06/06/2025,07/06/2025,08/06/2025,09/06/2025,10/06/2025,11/06/2025,12/06/2025,14/06/2025,15/06/2025,16/06/2025,17/06/2025,18/06/2025,19/06/2025,20/06/2025,21/06/2025,23/06/2025,24/06/2025,25/06/2025,29/06/2025
88,06/05/2025,07/05/2025,08/05/2025,13/05/2025,16/05/2025,17/05/2025,18/05/2025,19/05/2025,20/05/2025,21/05/2025,22/05/2025,23/05/2025,24/05/2025,25/05/2025,27/05/2025,28/05/2025,29/05/2025,01/06/2025,02/06/2025,04/06/2025,05/06/2025,06/06/2025,07/06/2025,08/06/2025,09/06/2025,10/06/2025,11/06/2025,12/06/2025,14/06/2025,15/06/2025,16/06/2025,17/06/2025,18/06/2025,19/06/2025,20/06/2025,21/06/2025,23/06/2025,24/06/2025,25/06/2025,29/06/2025
89,06/05/2025,07/05/2025,08/05/2025,13/05/2025,16/05/2025,17/05/2025,18/05/2025,19/05/2025,20/05/2025,21/05/2025,22/05/2025,23/05/2025,24/05/2025,25/05/2025,27/05/2025,28/05/2025,29/05/2025,01/06/2025,02/06/2025,04/06/2025,05/06/2025,06/06/2025,07/06/2025,08/06/2025,09/06/2025,10/06/2025,11/06/2025,12/06/2025,14/06/2025,15/06/2025,16/06/2025,17/06/2025,18/06/2025,19/06/2025,20/06/2025,21/06/2025,23/06/2025,24/06/2025,25/06/2025,29/06/2025
90,06/05/2025,07/05/2025,08/05/2025,13/05/2025,16/05/2025,17/05/2025,18/05/2025,19/05/2025,20/05/2025,21/05/2025,22/05/2025,23/05/2025,24/05/2025,25/05/2025,27/05/2025,28/05/2025,29/05/2025,01/06/2025,02/06/2025,04/06/2025,05/06/2025,06/06/2025,07/06/2025,08/06/2025,09/06/2025,10/06/2025,11/06/2025,12/06/2025,14/06/2025,15/06/2025,16/06/2025,17/06/2025,18/06/2025,19/06/2025,20/06/2025,21/06/2025,23/06/2025,24/06/2025,25/06/2025,29/06/2025
91,06/05/2025,07/05/2025,08/05/2025,13/05/2025,16/05/2025,17/05/2025,18/05/2025,19/05/2025,20/05/2025,21/05/2025,22/05/2025,23/05/2025,24/05/2025,25/05/2025,27/05/2025,28/05/2025,29/05/2025,01/06/2025,02/06/2025,04/06/2025,05/06/2025,06/06/2025,07/06/2025,08/06/2025,09/06/2025,10/06/2025,11/06/2025,12/06/2025,14/06/2025,15/06/2025,16/06/2025,17/06/2025,18/06/2025,19/06/2025,20/06/2025,21/06/2025,23/06/2025,24/06/2025,25/06/2025,29/06/2025
92,06/05/2025,07/05/2025,08/05/2025,13/05/2025,16/05/2025,17/05/2025,18/05/2025,19/05/2025,20/05/2025,21/05/2025,22/05/2025,23/05/2025,24/05/2025,25/05/2025,27/05/2025,28/05/2025,29/05/2025,01/06/2025,02/06/2025,04/06/2025,05/06/2025,06/06/2025,07/06/2025,08/06/2025,09/06/2025,10/06/2025,11/06/2025,12/06/2025,14/06/2025,15/06/2025,16/06/2025,17/06/2025,18/06/2025,19/06/2025,20/06/2025,21/06/2025,23/06/2025,24/06/2025,25/06/2025,29/06/2025
93,06/05/2025,07/05/2025,08/05/2025,13/05/2025,16/05/2025,17/05/2025,18/05/2025,19/05/2025,20/05/2025,21/05/2025,22/05/2025,23/05/2025,24/05/2025,25/05/2025,27/05/2025,28/05/2025,29/05/2025,01/06/2025,02/06/2025,04/06/2025,05/06/2025,06/06/2025,07/06/2025,08/06/2025,09/06/2025,10/06/2025,11/06/2025,12/06/2025,14/06/2025,15/06/2025,16/06/2025,17/06/2025,18/06/2025,19/06/2025,20/06/2025,21/06/2025,23/06/2025,24/06/2025,25/06/2025,29/06/2025
94,06/05/2025,07/05/2025,08/05/2025,13/05/2025,16/05/2025,17/05/2025,18/05/2025,19/05/2025,20/05/2025,21/05/2025,22/05/2025,23/05/2025,24/05/2025,25/05/2025,27/05/2025,28/05/2025,29/05/2025,01/06/2025,02/06/2025,04/06/2025,05/06/2025,06/06/2025,07/06/2025,08/06/2025,09/06/2025,10/06/2025,11/06/2025,12/06/2025,14/06/2025,15/06/2025,16/06/2025,17/06/2025,18/06/2025,19/06/2025,20/06/2025,21/06/2025,23/06/2025,24/06/2025,25/06/2025,29/06/2025
95,06/05/2025,07/05/2025,08/05/2025,13/05/2025,16/05/2025,17/05/2025,18/05/2025,19/05/2025,20/05/2025,21/05/2025,22/05/2025,23/05/2025,24/05/2025,25/05/2025,27/05/2025,28/05/2025,29/05/2025,01/06/2025,02/06/2025,04/06/2025,05/06/2025,06/06/2025,07/06/2025,08/06/2025,09/06/2025,10/06/2025,11/06/2025,12/06/2025,14/06/2025,15/06/2025,16/06/2025,17/06/2025,18/06/2025,19/06/2025,20/06/2025,21/06/2025,23/06/2025,24/06/2025,25/06/2025,29/06/2025
96,06/05/2025,07/05/2025,08/05/2025,13/05/2025,16/05/2025,17/05/2025,18/05/2025,19/05/2025,20/05/2025,21/05/2025,22/05/2025,23/05/2025,24/05/2025,25/05/2025,27/05/2025,28/05/2025,29/05/2025,01/06/2025,02/06/2025,04/06/2025,05/06/2025,06/06/2025,07/06/2025,08/06/2025,09/06/2025,10/06/2025,11/06/2025,12/06/2025,14/06/2025,15/06/2025,16/06/2025,17/06/2025,18/06/2025,19/06/2025,20/06/2025,21/06/2025,23/06/2025,24/06/2025,25/06/2025,29/06/2025
97,06/05/2025,07/05/2025,08/05/2025,13/05/2025,16/05/2025,17/05/2025,18/05/2025,19/05/2025,20/05/2025,21/05/2025,22/05/2025,23/05/2025,24/05/2025,25/05/2025,27/05/2025,28/05/2025,29/05/2025,01/06/2025,02/06/2025,04/06/2025,05/06/2025,06/06/2025,07/06/2025,08/06/2025,09/06/2025,10/06/2025,11/06/2025,12/06/2025,14/06/2025,15/06/2025,16/06/2025,17/06/2025,18/06/2025,19/06/2025,20/06/2025,21/06/2025,23/06/2025,24/06/2025,25/06/2025,29/06/2025
98,06/05/2025,07/05/2025,08/05/2025,13/05/2025,16/05/2025,17/05/2025,18/05/2025,19/05/2025,20/05/2025,21/05/2025,22/05/2025,23/05/2025,24/05/2025,25/05/2025,27/05/2025,28/05/2025,29/05/2025,01/06/2025,02/06/2025,04/06/2025,05/06/2025,06/06/2025,07/06/2025,08/06/2025,09/06/2025,10/06/2025,11/06/2025,12/06/2025,14/06/2025,15/06/2025,16/06/2025,17/06/2025,18/06/2025,19/06/2025,20/06/2025,21/06/2025,23/06/2025,24/06/2025,25/06/2025,29/06/2025
99,06/05/2025,07/05/2025,08/05/2025,13/05/2025,16/05/2025,17/05/2025,18/05/2025,19/05/2025,20/05/2025,21/05/2025,22/05/2025,23/05/2025,24/05/2025,25/05/2025,27/05/2025,28/05/2025,29/05/2025,01/06/2025,02/06/2025,04/06/2025,05/06/2025,06/06/2025,07/06/2025,08/06/2025,09/06/2025,10/06/2025,11/06/2025,12/06/2025,14/06/2025,15/06/2025,16/06/2025,17/06/2025,18/06/2025,19/06/2025,20/06/2025,21/06/2025,23/06/2025,24/06/2025,25/06/2025,29/06/2025
100,06/05/2025,07/05/2025,08/05/2025,13/05/2025,16/05/2025,17/05/2025,18/05/2025,19/05/2025,20/05/2025,21/05/2025,22/05/2025,23/05/2025,24/05/2025,25/05/2025,27/05/2025,28/05/2025,29/05/2025,01/06/2025,02/06/2025,04/06/2025,05/06/2025,06/06/2025,07/06/2025,08/06/2025,09/06/2025,10/06/2025,11/06/2025,12/06/2025,14/06/2025,15/06/2025,16/06/2025,17/06/2025,18/06/2025,19/06/2025,20/06/2025,21/06/2025,23/06/2025,24/06/2025,25/06/2025,29/06/2025
101,06/05/2025,07/05/2025,08/05/2025,13/05/2025,16/05/2025,17/05/2025,18/05/2025,19/05/2025,20/05/2025,21/05/2025,22/05/2025,23/05/2025,24/05/2025,25/05/2025,27/05/2025,28/05/2025,29/05/2025,01/06/2025,02/06/2025,04/06/2025,05/06/2025,06/06/2025,07/06/2025,08/06/2025,09/06/2025,10/06/2025,11/06/2025,12/06/2025,14/06/2025,15/06/2025,16/06/2025,17/06/2025,18/06/2025,19/06/2025,20/06/2025,21/06/2025,23/06/2025,24/06/2025,25/06/2025,29/06/2025
102,06/05/2025,07/05/2025,08/05/2025,13/05/2025,16/05/2025,17/05/2025,18/05/2025,19/05/2025,20/05/2025,21/05/2025,22/05/2025,23/05/2025,24/05/2025,25/05/2025,27/05/2025,28/05/2025,29/05/2025,01/06/2025,02/06/2025,04/06/2025,05/06/2025,06/06/2025,07/06/2025,08/06/2025,09/06/2025,10/06/2025,11/06/2025,12/06/2025,14/06/2025,15/06/2025,16/06/2025,17/06/2025,18/06/2025,19/06/2025,20/06/2025,21/06/2025,23/06/2025,24/06/2025,25/06/2025,29/06/2025
103,06/05/2025,07/05/2025,08/05/2025,13/05/2025,16/05/2025,17/05/2025,18/05/2025,19/05/2025,20/05/2025,21/05/2025,22/05/2025,23/05/2025,24/05/2025,25/05/2025,27/05/2025,28/05/2025,29/05/2025,01/06/2025,02/06/2025,04/06/2025,05/06/2025,06/06/2025,07/06/2025,08/06/2025,09/06/2025,10/06/2025,11/06/2025,12/06/2025,14/06/2025,15/06/2025,16/06/2025,17/06/2025,18/06/2025,19/06/2025,20/06/2025,21/06/2025,23/06/2025,24/06/2025,25/06/2025,29/06/2025
104,06/05/2025,07/05/2025,08/05/2025,13/05/2025,16/05/2025,17/05/2025,18/05/2025,19/05/2025,20/05/2025,21/05/2025,22/05/2025,23/05/2025,24/05/2025,25/05/2025,27/05/2025,28/05/2025,29/05/2025,01/06/2025,02/06/2025,04/06/2025,05/06/2025,06/06/2025,07/06/2025,08/06/2025,09/06/2025,10/06/2025,11/06/2025,12/06/2025,14/06/2025,15/06/2025,16/06/2025,17/06/2025,18/06/2025,19/06/2025,20/06/2025,21/06/2025,23/06/2025,24/06/2025,25/06/2025,29/06/2025
105,06/05/2025,07/05/2025,08/05/2025,13/05/2025,16/05/2025,17/05/2025,18/05/2025,19/05/2025,20/05/2025,21/05/2025,22/05/2025,23/05/2025,24/05/2025,25/05/2025,27/05/2025,28/05/2025,29/05/2025,01/06/2025,02/06/2025,04/06/2025,05/06/2025,06/06/2025,07/06/2025,08/06/2025,09/06/2025,10/06/2025,11/06/2025,12/06/2025,14/06/2025,15/06/2025,16/06/2025,17/06/2025,18/06/2025,19/06/2025,20/06/2025,21/06/2025,23/06/2025,24/06/2025,25/06/2025,29/06/2025
106,06/05/2025,07/05/2025,08/05/2025,13/05/2025,16/05/2025,17/05/2025,18/05/2025,19/05/2025,20/05/2025,21/05/2025,22/05/2025,23/05/2025,24/05/2025,25/05/2025,27/05/2025,28/05/2025,29/05/2025,01/06/2025,02/06/2025,04/06/2025,05/06/2025,06/06/2025,07/06/2025,08/06/2025,09/06/2025,10/06/2025,11/06/2025,12/06/2025,14/06/2025,15/06/2025,16/06/2025,17/06/2025,18/06/2025,19/06/2025,20/06/2025,21/06/2025,23/06/2025,24/06/2025,25/06/2025,29/06/2025
107,06/05/2025,07/05/2025,08/05/2025,13/05/2025,16/05/2025,17/05/2025,18/05/2025,19/05/2025,20/05/2025,21/05/2025,22/05/2025,23/05/2025,24/05/2025,25/05/2025,27/05/2025,28/05/2025,29/05/2025,01/06/2025,02/06/2025,04/06/2025,05/06/2025,06/06/2025,07/06/2025,08/06/2025,09/06/2025,10/06/2025,11/06/2025,12/06/2025,14/06/2025,15/06/2025,16/06/2025,17/06/2025,18/06/2025,19/06/2025,20/06/2025,21/06/2025,23/06/2025,24/06/2025,25/06/2025,29/06/2025
108,06/05/2025,07/05/2025,08/05/2025,13/05/2025,16/05/2025,17/05/2025,18/05/2025,19/05/2025,20/05/2025,21/05/2025,22/05/2025,23/05/2025,24/05/2025,25/05/2025,27/05/2025,28/05/2025,29/05/2025,01/06/2025,02/06/2025,04/06/2025,05/06/2025,06/06/2025,07/06/2025,08/06/2025,09/06/2025,10/06/2025,11/06/2025,12/06/2025,14/06/2025,15/06/2025,16/06/2025,17/06/2025,18/06/2025,19/06/2025,20/06/2025,21/06/2025,23/06/2025,24/06/2025,25/06/2025,29/06/2025
109,06/05/2025,07/05/2025,08/05/2025,13/05/2025,16/05/2025,17/05/2025,18/05/2025,19/05/2025,20/05/2025,21/05/2025,22/05/2025,23/05/2025,24/05/2025,25/05/2025,27/05/2025,28/05/2025,29/05/2025,01/06/2025,02/06/2025,04/06/2025,05/06/2025,06/06/2025,07/06/2025,08/06/2025,09/06/2025,10/06/2025,11/06/2025,12/06/2025,14/06/2025,15/06/2025,16/06/2025,17/06/2025,18/06/2025,19/06/2025,20/06/2025,21/06/2025,23/06/2025,24/06/2025,25/06/2025,29/06/2025
110,06/05/2025,07/05/2025,08/05/2025,13/05/2025,16/05/2025,17/05/2025,18/05/2025,19/05/2025,20/05/2025,21/05/2025,22/05/2025,23/05/2025,24/05/2025,25/05/2025,27/05/2025,28/05/2025,29/05/2025,01/06/2025,02/06/2025,04/06/2025,05/06/2025,06/06/2025,07/06/2025,08/06/2025,09/06/2025,10/06/2025,11/06/2025,12/06/2025,14/06/2025,15/06/2025,16/06/2025,17/06/2025,18/06/2025,19/06/2025,20/06/2025,21/06/2025,23/06/2025,24/06/2025,25/06/2025,29/06/2025
111,06/05/2025,07/05/2025,08/05/2025,13/05/2025,16/05/2025,17/05/2025,18/05/2025,19/05/2025,20/05/2025,21/05/2025,22/05/2025,23/05/2025,24/05/2025,25/05/2025,27/05/2025,28/05/2025,29/05/2025,01/06/2025,02/06/2025,04/06/2025,05/06/2025,06/06/2025,07/06/2025,08/06/2025,09/06/2025,10/06/2025,11/06/2025,12/06/2025,14/06/2025,15/06/2025,16/06/2025,17/06/2025,18/06/2025,19/06/2025,20/06/2025,21/06/2025,23/06/2025,24/06/2025,25/06/2025,29/06/2025
112,06/05/2025,07/05/2025,08/05/2025,13/05/2025,16/05/2025,17/05/2025,18/05/2025,19/05/2025,20/05/2025,21/05/2025,22/05/2025,23/05/2025,24/05/2025,25/05/2025,27/05/2025,28/05/2025,29/05/2025,01/06/2025,02/06/2025,04/06/2025,05/06/2025,06/06/2025,07/06/2025,08/06/2025,09/06/2025,10/06/2025,11/06/2025,12/06/2025,14/06/2025,15/06/2025,16/06/2025,17/06/2025,18/06/2025,19/06/2025,20/06/2025,21/06/2025,23/06/2025,24/06/2025,25/06/2025,29/06/2025
113,06/05/2025,07/05/2025,08/05/2025,13/05/2025,16/05/2025,17/05/2025,18/05/2025,19/05/2025,20/05/2025,21/05/2025,22/05/2025,23/05/2025,24/05/2025,25/05/2025,27/05/2025,28/05/2025,29/05/2025,01/06/2025,02/06/2025,04/06/2025,05/06/2025,06/06/2025,07/06/2025,08/06/2025,09/06/2025,10/06/2025,11/06/2025,12/06/2025,14/06/2025,15/06/2025,16/06/2025,17/06/2025,18/06/2025,19/06/2025,20/06/2025,21/06/2025,23/06/2025,24/06/2025,25/06/2025,29/06/2025
114,06/05/2025,07/05/2025,08/05/2025,13/05/2025,16/05/2025,17/05/2025,18/05/2025,19/05/2025,20/05/2025,21/05/2025,22/05/2025,23/05/2025,24/05/2025,25/05/2025,27/05/2025,28/05/2025,29/05/2025,01/06/2025,02/06/2025,04/06/2025,05/06/2025,06/06/2025,07/06/2025,08/06/2025,09/06/2025,10/06/2025,11/06/2025,12/06/2025,14/06/2025,15/06/2025,16/06/2025,17/06/2025,18/06/2025,19/06/2025,20/06/2025,21/06/2025,23/06/2025,24/06/2025,25/06/2025,29/06/2025
115,06/05/2025,07/05/2025,08/05/2025,13/05/2025,16/05/2025,17/05/2025,18/05/2025,19/05/2025,20/05/2025,21/05/2025,22/05/2025,23/05/2025,24/05/2025,25/05/2025,27/05/2025,28/05/2025,29/05/2025,01/06/2025,02/06/2025,04/06/2025,05/06/2025,06/06/2025,07/06/2025,08/06/2025,09/06/2025,10/06/2025,11/06/2025,12/06/2025,14/06/2025,15/06/2025,16/06/2025,17/06/2025,18/06/2025,19/06/2025,20/06/2025,21/06/2025,23/06/2025,24/06/2025,25/06/2025,29/06/2025
116,06/05/2025,07/05/2025,08/05/2025,13/05/2025,16/05/2025,17/05/2025,18/05/2025,19/05/2025,20/05/2025,21/05/2025,22/05/2025,23/05/2025,24/05/2025,25/05/2025,27/05/2025,28/05/2025,29/05/2025,01/06/2025,02/06/2025,04/06/2025,05/06/2025,06/06/2025,07/06/2025,08/06/2025,09/06/2025,10/06/2025,11/06/2025,12/06/2025,14/06/2025,15/06/2025,16/06/2025,17/06/2025,18/06/2025,19/06/2025,20/06/2025,21/06/2025,23/06/2025,24/06/2025,25/06/2025,29/06/2025
117,06/05/2025,07/05/2025,08/05/2025,13/05/2025,16/05/2025,17/05/2025,18/05/2025,19/05/2025,20/05/2025,21/05/2025,22/05/2025,23/05/2025,24/05/2025,25/05/2025,27/05/2025,28/05/2025,29/05/2025,01/06/2025,02/06/2025,04/06/2025,05/06/2025,06/06/2025,07/06/2025,08/06/2025,09/06/2025,10/06/2025,11/06/2025,12/06/2025,14/06/2025,15/06/2025,16/06/2025,17/06/2025,18/06/2025,19/06/2025,20/06/2025,21/06/2025,23/06/2025,24/06/2025,25/06/2025,29/06/2025
118,06/05/2025,07/05/2025,08/05/2025,13/05/2025,16/05/2025,17/05/2025,18/05/2025,19/05/2025,20/05/2025,21/05/2025,22/05/2025,23/05/2025,24/05/2025,25/05/2025,27/05/2025,28/05/2025,29/05/2025,01/06/2025,02/06/2025,04/06/2025,05/06/2025,06/06/2025,07/06/2025,08/06/2025,09/06/2025,10/06/2025,11/06/2025,12/06/2025,14/06/2025,15/06/2025,16/06/2025,17/06/2025,18/06/2025,19/06/2025,20/06/2025,21/06/2025,23/06/2025,24/06/2025,25/06/2025,29/06/2025
119,06/05/2025,07/05/2025,08/05/2025,13/05/2025,16/05/2025,17/05/2025,18/05/2025,19/05/2025,20/05/2025,21/05/2025,22/05/2025,23/05/2025,24/05/2025,25/05/2025,27/05/2025,28/05/2025,29/05/2025,01/06/2025,02/06/2025,04/06/2025,05/06/2025,06/06/2025,07/06/2025,08/06/2025,09/06/2025,10/06/2025,11/06/2025,12/06/2025,14/06/2025,15/06/2025,16/06/2025,17/06/2025,18/06/2025,19/06/2025,20/06/2025,21/06/2025,23/06/2025,24/06/2025,25/06/2025,29/06/2025
120,06/05/2025,07/05/2025,08/05/2025,13/05/2025,16/05/2025,17/05/2025,18/05/2025,19/05/2025,20/05/2025,21/05/2025,22/05/2025,23/05/2025,24/05/2025,25/05/2025,27/05/2025,28/05/2025,29/05/2025,01/06/2025,02/06/2025,04/06/2025,05/06/2025,06/06/2025,07/06/2025,08/06/2025,09/06/2025,10/06/2025,11/06/2025,12/06/2025,14/06/2025,15/06/2025,16/06/2025,17/06/2025,18/06/2025,19/06/2025,20/06/2025,21/06/2025,23/06/2025,24/06/2025,25/06/2025,29/06/2025
121,06/05/2025,07/05/2025,08/05/2025,13/05/2025,16/05/2025,17/05/2025,18/05/2025,19/05/2025,20/05/2025,21/05/2025,22/05/2025,23/05/2025,24/05/2025,25/05/2025,27/05/2025,28/05/2025,29/05/2025,01/06/2025,02/06/2025,04/06/2025,05/06/2025,06/06/2025,07/06/2025,08/06/2025,09/06/2025,10/06/2025,11/06/2025,12/06/2025,14/06/2025,15/06/2025,16/06/2025,17/06/2025,18/06/2025,19/06/2025,20/06/2025,21/06/2025,23/06/2025,24/06/2025,25/06/2025,29/06/2025
122,06/05/2025,07/05/2025,08/05/2025,13/05/2025,16/05/2025,17/05/2025,18/05/2025,19/05/2025,20/05/2025,21/05/2025,22/05/2025,23/05/2025,24/05/2025,25/05/2025,27/05/2025,28/05/2025,29/05/2025,01/06/2025,02/06/2025,04/06/2025,05/06/2025,06/06/2025,07/06/2025,08/06/2025,09/06/2025,10/06/2025,11/06/2025,12/06/2025,14/06/2025,15/06/2025,16/06/2025,17/06/2025,18/06/2025,19/06/2025,20/06/2025,21/06/2025,23/06/2025,24/06/2025,25/06/2025,29/06/2025
123,06/05/2025,07/05/2025,08/05/2025,13/05/2025,16/05/2025,17/05/2025,18/05/2025,19/05/2025,20/05/2025,21/05/2025,22/05/2025,23/05/2025,24/05/2025,25/05/2025,27/05/2025,28/05/2025,29/05/2025,01/06/2025,02/06/2025,04/06/2025,05/06/2025,06/06/2025,07/06/2025,08/06/2025,09/06/2025,10/06/2025,11/06/2025,12/06/2025,14/06/2025,15/06/2025,16/06/2025,17/06/2025,18/06/2025,19/06/2025,20/06/2025,21/06/2025,23/06/2025,24/06/2025,25/06/2025,29/06/2025
124,06/05/2025,07/05/2025,08/05/2025,13/05/2025,16/05/2025,17/05/2025,18/05/2025,19/05/2025,20/05/2025,21/05/2025,22/05/2025,23/05/2025,24/05/2025,25/05/2025,27/05/2025,28/05/2025,29/05/2025,01/06/2025,02/06/2025,04/06/2025,05/06/2025,06/06/2025,07/06/2025,08/06/2025,09/06/2025,10/06/2025,11/06/2025,12/06/2025,14/06/2025,15/06/2025,16/06/2025,17/06/2025,18/06/2025,19/06/2025,20/06/2025,21/06/2025,23/06/2025,24/06/2025,25/06/2025,29/06/2025
125,06/05/2025,07/05/2025,08/05/2025,13/05/2025,16/05/2025,17/05/2025,18/05/2025,19/05/2025,20/05/2025,21/05/2025,22/05/2025,23/05/2025,24/05/2025,25/05/2025,27/05/2025,28/05/2025,29/05/2025,01/06/2025,02/06/2025,04/06/2025,05/06/2025,06/06/2025,07/06/2025,08/06/2025,09/06/2025,10/06/2025,11/06/2025,12/06/2025,14/06/2025,15/06/2025,16/06/2025,17/06/2025,18/06/2025,19/06/2025,20/06/2025,21/06/2025,23/06/2025,24/06/2025,25/06/2025,29/06/2025
126,06/05/2025,07/05/2025,08/05/2025,13/05/2025,16/05/2025,17/05/2025,18/05/2025,19/05/2025,20/05/2025,21/05/2025,22/05/2025,23/05/2025,24/05/2025,25/05/2025,27/05/2025,28/05/2025,29/05/2025,01/06/2025,02/06/2025,04/06/2025,05/06/2025,06/06/2025,07/06/2025,08/06/2025,09/06/2025,10/06/2025,11/06/2025,12/06/2025,14/06/2025,15/06/2025,16/06/2025,17/06/2025,18/06/2025,19/06/2025,20/06/2025,21/06/2025,23/06/2025,24/06/2025,25/06/2025,29/06/2025
127,06/05/2025,07/05/2025,08/05/2025,13/05/2025,16/05/2025,17/05/2025,18/05/2025,19/05/2025,20/05/2025,21/05/2025,22/05/2025,23/05/2025,24/05/2025,25/05/2025,27/05/2025,28/05/2025,29/05/2025,01/06/2025,02/06/2025,04/06/2025,05/06/2025,06/06/2025,07/06/2025,08/06/2025,09/06/2025,10/06/2025,11/06/2025,12/06/2025,14/06/2025,15/06/2025,16/06/2025,17/06/2025,18/06/2025,19/06/2025,20/06/2025,21/06/2025,23/06/2025,24/06/2025,25/06/2025,29/06/2025
128,06/05/2025,07/05/2025,08/05/2025,13/05/2025,16/05/2025,17/05/2025,18/05/2025,19/05/2025,20/05/2025,21/05/2025,22/05/2025,23/05/2025,24/05/2025,25/05/2025,27/05/2025,28/05/2025,29/05/2025,01/06/2025,02/06/2025,04/06/2025,05/06/2025,06/06/2025,07/06/2025,08/06/2025,09/06/2025,10/06/2025,11/06/2025,12/06/2025,14/06/2025,15/06/2025,16/06/2025,17/06/2025,18/06/2025,19/06/2025,20/06/2025,21/06/2025,23/06/2025,24/06/2025,25/06/2025,29/06/2025
129,06/05/2025,07/05/2025,08/05/2025,13/05/2025,16/05/2025,17/05/2025,18/05/2025,19/05/2025,20/05/2025,21/05/2025,22/05/2025,23/05/2025,24/05/2025,25/05/2025,27/05/2025,28/05/2025,29/05/2025,01/06/2025,02/06/2025,04/06/2025,05/06/2025,06/06/2025,07/06/2025,08/06/2025,09/06/2025,10/06/2025,11/06/2025,12/06/2025,14/06/2025,15/06/2025,16/06/2025,17/06/2025,18/06/2025,19/06/2025,20/06/2025,21/06/2025,23/06/2025,24/06/2025,25/06/2025,29/06/2025
130,06/05/2025,07/05/2025,08/05/2025,13/05/2025,16/05/2025,17/05/2025,18/05/2025,19/05/2025,20/05/2025,21/05/2025,22/05/2025,23/05/2025,24/05/2025,25/05/2025,27/05/2025,28/05/2025,29/05/2025,01/06/2025,02/06/2025,04/06/2025,05/06/2025,06/06/2025,07/06/2025,08/06/2025,09/06/2025,10/06/2025,11/06/2025,12/06/2025,14/06/2025,15/06/2025,16/06/2025,17/06/2025,18/06/2025,19/06/2025,20/06/2025,21/06/2025,23/06/2025,24/06/2025,25/06/2025,29/06/2025
131,06/05/2025,07/05/2025,08/05/2025,13/05/2025,16/05/2025,17/05/2025,18/05/2025,19/05/2025,20/05/2025,21/05/2025,22/05/2025,23/05/2025,24/05/2025,25/05/2025,27/05/2025,28/05/2025,29/05/2025,01/06/2025,02/06/2025,04/06/2025,05/06/2025,06/06/2025,07/06/2025,08/06/2025,09/06/2025,10/06/2025,11/06/2025,12/06/2025,14/06/2025,15/06/2025,16/06/2025,17/06/2025,18/06/2025,19/06/2025,20/06/2025,21/06/2025,23/06/2025,24/06/2025,25/06/2025,29/06/2025
132,06/05/2025,07/05/2025,08/05/2025,13/05/2025,16/05/2025,17/05/2025,18/05/2025,19/05/2025,20/05/2025,21/05/2025,22/05/2025,23/05/2025,24/05/2025,25/05/2025,27/05/2025,28/05/2025,29/05/2025,01/06/2025,02/06/2025,04/06/2025,05/06/2025,06/06/2025,07/06/2025,08/06/2025,09/06/2025,10/06/2025,11/06/2025,12/06/2025,14/06/2025,15/06/2025,16/06/2025,17/06/2025,18/06/2025,19/06/2025,20/06/2025,21/06/2025,23/06/2025,24/06/2025,25/06/2025,29/06/2025
133,06/05/2025,07/05/2025,08/05/2025,13/05/2025,16/05/2025,17/05/2025,18/05/2025,19/05/2025,20/05/2025,21/05/2025,22/05/2025,23/05/2025,24/05/2025,25/05/2025,27/05/2025,28/05/2025,29/05/2025,01/06/2025,02/06/2025,04/06/2025,05/06/2025,06/06/2025,07/06/2025,08/06/2025,09/06/2025,10/06/2025,11/06/2025,12/06/2025,14/06/2025,15/06/2025,16/06/2025,17/06/2025,18/06/2025,19/06/2025,20/06/2025,21/06/2025,23/06/2025,24/06/2025,25/06/2025,29/06/2025
134,06/05/2025,07/05/2025,08/05/2025,13/05/2025,16/05/2025,17/05/2025,18/05/2025,19/05/2025,20/05/2025,21/05/2025,22/05/2025,23/05/2025,24/05/2025,25/05/2025,27/05/2025,28/05/2025,29/05/2025,01/06/2025,02/06/2025,04/06/2025,05/06/2025,06/06/2025,07/06/2025,08/06/2025,09/06/2025,10/06/2025,11/06/2025,12/06/2025,14/06/2025,15/06/2025,16/06/2025,17/06/2025,18/06/2025,19/06/2025,20/06/2025,21/06/2025,23/06/2025,24/06/2025,25/06/2025,29/06/2025
135,06/05/2025,07/05/2025,08/05/2025,13/05/2025,16/05/2025,17/05/2025,18/05/2025,19/05/2025,20/05/2025,21/05/2025,22/05/2025,23/05/2025,24/05/2025,25/05/2025,27/05/2025,28/05/2025,29/05/2025,01/06/2025,02/06/2025,04/06/2025,05/06/2025,06/06/2025,07/06/2025,08/06/2025,09/06/2025,10/06/2025,11/06/2025,12/06/2025,14/06/2025,15/06/2025,16/06/2025,17/06/2025,18/06/2025,19/06/2025,20/06/2025,21/06/2025,23/06/2025,24/06/2025,25/06/2025,29/06/2025
136,06/05/2025,07/05/2025,08/05/2025,13/05/2025,16/05/2025,17/05/2025,18/05/2025,19/05/2025,20/05/2025,21/05/2025,22/05/2025,23/05/2025,24/05/2025,25/05/2025,27/05/2025,28/05/2025,29/05/2025,01/06/2025,02/06/2025,04/06/2025,05/06/2025,06/06/2025,07/06/2025,08/06/2025,09/06/2025,10/06/2025,11/06/2025,12/06/2025,14/06/2025,15/06/2025,16/06/2025,17/06/2025,18/06/2025,19/06/2025,20/06/2025,21/06/2025,23/06/2025,24/06/2025,25/06/2025,29/06/2025
137,06/05/2025,07/05/2025,08/05/2025,13/05/2025,16/05/2025,17/05/2025,18/05/2025,19/05/2025,20/05/2025,21/05/2025,22/05/2025,23/05/2025,24/05/2025,25/05/2025,27/05/2025,28/05/2025,29/05/2025,01/06/2025,02/06/2025,04/06/2025,05/06/2025,06/06/2025,07/06/2025,08/06/2025,09/06/2025,10/06/2025,11/06/2025,12/06/2025,14/06/2025,15/06/2025,16/06/2025,17/06/2025,18/06/2025,19/06/2025,20/06/2025,21/06/2025,23/06/2025,24/06/2025,25/06/2025,29/06/2025
138,06/05/2025,07/05/2025,08/05/2025,13/05/2025,16/05/2025,17/05/2025,18/05/2025,19/05/2025,20/05/2025,21/05/2025,22/05/2025,23/05/2025,24/05/2025,25/05/2025,27/05/2025,28/05/2025,29/05/2025,01/06/2025,02/06/2025,04/06/2025,05/06/2025,06/06/2025,07/06/2025,08/06/2025,09/06/2025,10/06/2025,11/06/2025,12/06/2025,14/06/2025,15/06/2025,16/06/2025,17/06/2025,18/06/2025,19/06/2025,20/06/2025,21/06/2025,23/06/2025,24/06/2025,25/06/2025,29/06/2025
139,06/05/2025,07/05/2025,08/05/2025,13/05/2025,16/05/2025,17/05/2025,18/05/2025,19/05/2025,20/05/2025,21/05/2025,22/05/2025,23/05/2025,24/05/2025,25/05/2025,27/05/2025,28/05/2025,29/05/2025,01/06/2025,02/06/2025,04/06/2025,05/06/2025,06/06/2025,07/06/2025,08/06/2025,09/06/2025,10/06/2025,11/06/2025,12/06/2025,14/06/2025,15/06/2025,16/06/2025,17/06/2025,18/06/2025,19/06/2025,20/06/2025,21/06/2025,23/06/2025,24/06/2025,25/06/2025,29/06/2025
140,06/05/2025,07/05/2025,08/05/2025,13/05/2025,16/05/2025,17/05/2025,18/05/2025,19/05/2025,20/05/2025,21/05/2025,22/05/2025,23/05/2025,24/05/2025,25/05/2025,27/05/2025,28/05/2025,29/05/2025,01/06/2025,02/06/2025,04/06/2025,05/06/2025,06/06/2025,07/06/2025,08/06/2025,09/06/2025,10/06/2025,11/06/2025,12/06/2025,14/06/2025,15/06/2025,16/06/2025,17/06/2025,18/06/2025,19/06/2025,20/06/2025,21/06/2025,23/06/2025,24/06/2025,25/06/2025,29/06/2025
141,06/05/2025,07/05/2025,08/05/2025,13/05/2025,16/05/2025,17/05/2025,18/05/2025,19/05/2025,20/05/2025,21/05/2025,22/05/2025,23/05/2025,24/05/2025,25/05/2025,27/05/2025,28/05/2025,29/05/2025,01/06/2025,02/06/2025,04/06/2025,05/06/2025,06/06/2025,07/06/2025,08/06/2025,09/06/2025,10/06/2025,11/06/2025,12/06/2025,14/06/2025,15/06/2025,16/06/2025,17/06/2025,18/06/2025,19/06/2025,20/06/2025,21/06/2025,23/06/2025,24/06/2025,25/06/2025,29/06/2025
142,06/05/2025,07/05/2025,08/05/2025,13/05/2025,16/05/2025,17/05/2025,18/05/2025,19/05/2025,20/05/2025,21/05/2025,22/05/2025,23/05/2025,24/05/2025,25/05/2025,27/05/2025,28/05/2025,29/05/2025,01/06/2025,02/06/2025,04/06/2025,05/06/2025,06/06/2025,07/06/2025,08/06/2025,09/06/2025,10/06/2025,11/06/2025,12/06/2025,14/06/2025,15/06/2025,16/06/2025,17/06/2025,18/06/2025,19/06/2025,20/06/2025,21/06/2025,23/06/2025,24/06/2025,25/06/2025,29/06/2025
143,06/05/2025,07/05/2025,08/05/2025,13/05/2025,16/05/2025,17/05/2025,18/05/2025,19/05/2025,20/05/2025,21/05/2025,22/05/2025,23/05/2025,24/05/2025,25/05/2025,27/05/2025,28/05/2025,29/05/2025,01/06/2025,02/06/2025,04/06/2025,05/06/2025,06/06/2025,07/06/2025,08/06/2025,09/06/2025,10/06/2025,11/06/2025,12/06/2025,14/06/2025,15/06/2025,16/06/2025,17/06/2025,18/06/2025,19/06/2025,20/06/2025,21/06/2025,23/06/2025,24/06/2025,25/06/2025,29/06/2025
144,06/05/2025,07/05/2025,08/05/2025,13/05/2025,16/05/2025,17/05/2025,18/05/2025,19/05/2025,20/05/2025,21/05/2025,22/05/2025,23/05/2025,24/05/2025,25/05/2025,27/05/2025,28/05/2025,29/05/2025,01/06/2025,02/06/2025,04/06/2025,05/06/2025,06/06/2025,07/06/2025,08/06/2025,09/06/2025,10/06/2025,11/06/2025,12/06/2025,14/06/2025,15/06/2025,16/06/2025,17/06/2025,18/06/2025,19/06/2025,20/06/2025,21/06/2025,23/06/2025,24/06/2025,25/06/2025,29/06/2025
145,06/05/2025,07/05/2025,08/05/2025,13/05/2025,16/05/2025,17/05/2025,18/05/2025,19/05/2025,20/05/2025,21/05/2025,22/05/2025,23/05/2025,24/05/2025,25/05/2025,27/05/2025,28/05/2025,29/05/2025,01/06/2025,02/06/2025,04/06/2025,05/06/2025,06/06/2025,07/06/2025,08/06/2025,09/06/2025,10/06/2025,11/06/2025,12/06/2025,14/06/2025,15/06/2025,16/06/2025,17/06/2025,18/06/2025,19/06/2025,20/06/2025,21/06/2025,23/06/2025,24/06/2025,25/06/2025,29/06/2025
146,06/05/2025,07/05/2025,08/05/2025,13/05/2025,16/05/2025,17/05/2025,18/05/2025,19/05/2025,20/05/2025,21/05/2025,22/05/2025,23/05/2025,24/05/2025,25/05/2025,27/05/2025,28/05/2025,29/05/2025,01/06/2025,02/06/2025,04/06/2025,05/06/2025,06/06/2025,07/06/2025,08/06/2025,09/06/2025,10/06/2025,11/06/2025,12/06/2025,14/06/2025,15/06/2025,16/06/2025,17/06/2025,18/06/2025,19/06/2025,20/06/2025,21/06/2025,23/06/2025,24/06/2025,25/06/2025,29/06/2025
147,06/05/2025,07/05/2025,08/05/2025,13/05/2025,16/05/2025,17/05/2025,18/05/2025,19/05/2025,20/05/2025,21/05/2025,22/05/2025,23/05/2025,24/05/2025,25/05/2025,27/05/2025,28/05/2025,29/05/2025,01/06/2025,02/06/2025,04/06/2025,05/06/2025,06/06/2025,07/06/2025,08/06/2025,09/06/2025,10/06/2025,11/06/2025,12/06/2025,14/06/2025,15/06/2025,16/06/2025,17/06/2025,18/06/2025,19/06/2025,20/06/2025,21/06/2025,23/06/2025,24/06/2025,25/06/2025,29/06/2025
148,06/05/2025,07/05/2025,08/05/2025,13/05/2025,16/05/2025,17/05/2025,18/05/2025,19/05/2025,20/05/2025,21/05/2025,22/05/2025,23/05/2025,24/05/2025,25/05/2025,27/05/2025,28/05/2025,29/05/2025,01/06/2025,02/06/2025,04/06/2025,05/06/2025,06/06/2025,07/06/2025,08/06/2025,09/06/2025,10/06/2025,11/06/2025,12/06/2025,14/06/2025,15/06/2025,16/06/2025,17/06/2025,18/06/2025,19/06/2025,20/06/2025,21/06/2025,23/06/2025,24/06/2025,25/06/2025,29/06/2025
149,06/05/2025,07/05/2025,08/05/2025,13/05/2025,16/05/2025,17/05/2025,18/05/2025,19/05/2025,20/05/2025,21/05/2025,22/05/2025,23/05/2025,24/05/2025,25/05/2025,27/05/2025,28/05/2025,29/05/2025,01/06/2025,02/06/2025,04/06/2025,05/06/2025,06/06/2025,07/06/2025,08/06/2025,09/06/2025,10/06/2025,11/06/2025,12/06/2025,14/06/2025,15/06/2025,16/06/2025,17/06/2025,18/06/2025,19/06/2025,20/06/2025,21/06/2025,23/06/2025,24/06/2025,25/06/2025,29/06/2025
150,06/05/2025,07/05/2025,08/05/2025,13/05/2025,16/05/2025,17/05/2025,18/05/2025,19/05/2025,20/05/2025,21/05/2025,22/05/2025,23/05/2025,24/05/2025,25/05/2025,27/05/2025,28/05/2025,29/05/2025,01/06/2025,02/06/2025,04/06/2025,05/06/2025,06/06/2025,07/06/2025,08/06/2025,09/06/2025,10/06/2025,11/06/2025,12/06/2025,14/06/2025,15/06/2025,16/06/2025,17/06/2025,18/06/2025,19/06/2025,20/06/2025,21/06/2025,23/06/2025,24/06/2025,25/06/2025,29/06/2025
151,06/05/2025,07/05/2025,08/05/2025,13/05/2025,16/05/2025,17/05/2025,18/05/2025,19/05/2025,20/05/2025,21/05/2025,22/05/2025,23/05/2025,24/05/2025,25/05/2025,27/05/2025,28/05/2025,29/05/2025,01/06/2025,02/06/2025,04/06/2025,05/06/2025,06/06/2025,07/06/2025,08/06/2025,09/06/2025,10/06/2025,11/06/2025,12/06/2025,14/06/2025,15/06/2025,16/06/2025,17/06/2025,18/06/2025,19/06/2025,20/06/2025,21/06/2025,23/06/2025,24/06/2025,25/06/2025,29/06/2025
152,06/05/2025,07/05/2025,08/05/2025,13/05/2025,16/05/2025,17/05/2025,18/05/2025,19/05/2025,20/05/2025,21/05/2025,22/05/2025,23/05/2025,24/05/2025,25/05/2025,27/05/2025,28/05/2025,29/05/2025,01/06/2025,02/06/2025,04/06/2025,05/06/2025,06/06/2025,07/06/2025,08/06/2025,09/06/2025,10/06/2025,11/06/2025,12/06/2025,14/06/2025,15/06/2025,16/06/2025,17/06/2025,18/06/2025,19/06/2025,20/06/2025,21/06/2025,23/06/2025,24/06/2025,25/06/2025,29/06/2025
153,06/05/2025,07/05/2025,08/05/2025,13/05/2025,16/05/2025,17/05/2025,18/05/2025,19/05/2025,20/05/2025,21/05/2025,22/05/2025,23/05/2025,24/05/2025,25/05/2025,27/05/2025,28/05/2025,29/05/2025,01/06/2025,02/06/2025,04/06/2025,05/06/2025,06/06/2025,07/06/2025,08/06/2025,09/06/2025,10/06/2025,11/06/2025,12/06/2025,14/06/2025,15/06/2025,16/06/2025,17/06/2025,18/06/2025,19/06/2025,20/06/2025,21/06/2025,23/06/2025,24/06/2025,25/06/2025,29/06/2025
154,06/05/2025,07/05/2025,08/05/2025,13/05/2025,16/05/2025,17/05/2025,18/05/2025,19/05/2025,20/05/2025,21/05/2025,22/05/2025,23/05/2025,24/05/2025,25/05/2025,27/05/2025,28/05/2025,29/05/2025,01/06/2025,02/06/2025,04/06/2025,05/06/2025,06/06/2025,07/06/2025,08/06/2025,09/06/2025,10/06/2025,11/06/2025,12/06/2025,14/06/2025,15/06/2025,16/06/2025,17/06/2025,18/06/2025,19/06/2025,20/06/2025,21/06/2025,23/06/2025,24/06/2025,25/06/2025,29/06/2025
155,06/05/2025,07/05/2025,08/05/2025,13/05/2025,16/05/2025,17/05/2025,18/05/2025,19/05/2025,20/05/2025,21/05/2025,22/05/2025,23/05/2025,24/05/2025,25/05/2025,27/05/2025,28/05/2025,29/05/2025,01/06/2025,02/06/2025,04/06/2025,05/06/2025,06/06/2025,07/06/2025,08/06/2025,09/06/2025,10/06/2025,11/06/2025,12/06/2025,14/06/2025,15/06/2025,16/06/2025,17/06/2025,18/06/2025,19/06/2025,20/06/2025,21/06/2025,23/06/2025,24/06/2025,25/06/2025,29/06/2025
156,06/05/2025,07/05/2025,08/05/2025,13/05/2025,16/05/2025,17/05/2025,18/05/2025,19/05/2025,20/05/2025,21/05/2025,22/05/2025,23/05/2025,24/05/2025,25/05/2025,27/05/2025,28/05/2025,29/05/2025,01/06/2025,02/06/2025,04/06/2025,05/06/2025,06/06/2025,07/06/2025,08/06/2025,09/06/2025,10/06/2025,11/06/2025,12/06/2025,14/06/2025,15/06/2025,16/06/2025,17/06/2025,18/06/2025,19/06/2025,20/06/2025,21/06/2025,23/06/2025,24/06/2025,25/06/2025,29/06/2025
157,06/05/2025,07/05/2025,08/05/2025,13/05/2025,16/05/2025,17/05/2025,18/05/2025,19/05/2025,20/05/2025,21/05/2025,22/05/2025,23/05/2025,24/05/2025,25/05/2025,27/05/2025,28/05/2025,29/05/2025,01/06/2025,02/06/2025,04/06/2025,05/06/2025,06/06/2025,07/06/2025,08/06/2025,09/06/2025,10/06/2025,11/06/2025,12/06/2025,14/06/2025,15/06/2025,16/06/2025,17/06/2025,18/06/2025,19/06/2025,20/06/2025,21/06/2025,23/06/2025,24/06/2025,25/06/2025,29/06/2025
158,06/05/2025,07/05/2025,08/05/2025,13/05/2025,16/05/2025,17/05/2025,18/05/2025,19/05/2025,20/05/2025,21/05/2025,22/05/2025,23/05/2025,24/05/2025,25/05/2025,27/05/2025,28/05/2025,29/05/2025,01/06/2025,02/06/2025,04/06/2025,05/06/2025,06/06/2025,07/06/2025,08/06/2025,09/06/2025,10/06/2025,11/06/2025,12/06/2025,14/06/2025,15/06/2025,16/06/2025,17/06/2025,18/06/2025,19/06/2025,20/06/2025,21/06/2025,23/06/2025,24/06/2025,25/06/2025,29/06/2025
159,06/05/2025,07/05/2025,08/05/2025,13/05/2025,16/05/2025,17/05/2025,18/05/2025,19/05/2025,20/05/2025,21/05/2025,22/05/2025,23/05/2025,24/05/2025,25/05/2025,27/05/2025,28/05/2025,29/05/2025,01/06/2025,02/06/2025,04/06/2025,05/06/2025,06/06/2025,07/06/2025,08/06/2025,09/06/2025,10/06/2025,11/06/2025,12/06/2025,14/06/2025,15/06/2025,16/06/2025,17/06/2025,18/06/2025,19/06/2025,20/06/2025,21/06/2025,23/06/2025,24/06/2025,25/06/2025,29/06/2025
160,06/05/2025,07/05/2025,08/05/2025,13/05/2025,16/05/2025,17/05/2025,18/05/2025,19/05/2025,20/05/2025,21/05/2025,22/05/2025,23/05/2025,24/05/2025,25/05/2025,27/05/2025,28/05/2025,29/05/2025,01/06/2025,02/06/2025,04/06/2025,05/06/2025,06/06/2025,07/06/2025,08/06/2025,09/06/2025,10/06/2025,11/06/2025,12/06/2025,14/06/2025,15/06/2025,16/06/2025,17/06/2025,18/06/2025,19/06/2025,20/06/2025,21/06/2025,23/06/2025,24/06/2025,25/06/2025,29/06/2025
161,06/05/2025,07/05/2025,08/05/2025,13/05/2025,16/05/2025,17/05/2025,18/05/2025,19/05/2025,20/05/2025,21/05/2025,22/05/2025,23/05/2025,24/05/2025,25/05/2025,27/05/2025,28/05/2025,29/05/2025,01/06/2025,02/06/2025,04/06/2025,05/06/2025,06/06/2025,07/06/2025,08/06/2025,09/06/2025,10/06/2025,11/06/2025,12/06/2025,14/06/2025,15/06/2025,16/06/2025,17/06/2025,18/06/2025,19/06/2025,20/06/2025,21/06/2025,23/06/2025,24/06/2025,25/06/2025,29/06/2025
162,06/05/2025,07/05/2025,08/05/2025,13/05/2025,16/05/2025,17/05/2025,18/05/2025,19/05/2025,20/05/2025,21/05/2025,22/05/2025,23/05/2025,24/05/2025,25/05/2025,27/05/2025,28/05/2025,29/05/2025,01/06/2025,02/06/2025,04/06/2025,05/06/2025,06/06/2025,07/06/2025,08/06/2025,09/06/2025,10/06/2025,11/06/2025,12/06/2025,14/06/2025,15/06/2025,16/06/2025,17/06/2025,18/06/2025,19/06/2025,20/06/2025,21/06/2025,23/06/2025,24/06/2025,25/06/2025,29/06/2025
163,06/05/2025,07/05/2025,08/05/2025,13/05/2025,16/05/2025,17/05/2025,18/05/2025,19/05/2025,20/05/2025,21/05/2025,22/05/2025,23/05/2025,24/05/2025,25/05/2025,27/05/2025,28/05/2025,29/05/2025,01/06/2025,02/06/2025,04/06/2025,05/06/2025,06/06/2025,07/06/2025,08/06/2025,09/06/2025,10/06/2025,11/06/2025,12/06/2025,14/06/2025,15/06/2025,16/06/2025,17/06/2025,18/06/2025,19/06/2025,20/06/2025,21/06/2025,23/06/2025,24/06/2025,25/06/2025,29/06/2025
164,06/05/2025,07/05/2025,08/05/2025,13/05/2025,16/05/2025,17/05/2025,18/05/2025,19/05/2025,20/05/2025,21/05/2025,22/05/2025,23/05/2025,24/05/2025,25/05/2025,27/05/2025,28/05/2025,29/05/2025,01/06/2025,02/06/2025,04/06/2025,05/06/2025,06/06/2025,07/06/2025,08/06/2025,09/06/2025,10/06/2025,11/06/2025,12/06/2025,14/06/2025,15/06/2025,16/06/2025,17/06/2025,18/06/2025,19/06/2025,20/06/2025,21/06/2025,23/06/2025,24/06/2025,25/06/2025,29/06/2025
165,06/05/2025,07/05/2025,08/05/2025,13/05/2025,16/05/2025,17/05/2025,18/05/2025,19/05/2025,20/05/2025,21/05/2025,22/05/2025,23/05/2025,24/05/2025,25/05/2025,27/05/2025,28/05/2025,29/05/2025,01/06/2025,02/06/2025,04/06/2025,05/06/2025,06/06/2025,07/06/2025,08/06/2025,09/06/2025,10/06/2025,11/06/2025,12/06/2025,14/06/2025,15/06/2025,16/06/2025,17/06/2025,18/06/2025,19/06/2025,20/06/2025,21/06/2025,23/06/2025,24/06/2025,25/06/2025,29/06/2025
166,06/05/2025,07/05/2025,08/05/2025,13/05/2025,16/05/2025,17/05/2025,18/05/2025,19/05/2025,20/05/2025,21/05/2025,22/05/2025,23/05/2025,24/05/2025,25/05/2025,27/05/2025,28/05/2025,29/05/2025,01/06/2025,02/06/2025,04/06/2025,05/06/2025,06/06/2025,07/06/2025,08/06/2025,09/06/2025,10/06/2025,11/06/2025,12/06/2025,14/06/2025,15/06/2025,16/06/2025,17/06/2025,18/06/2025,19/06/2025,20/06/2025,21/06/2025,23/06/2025,24/06/2025,25/06/2025,29/06/2025
167,06/05/2025,07/05/2025,08/05/2025,13/05/2025,16/05/2025,17/05/2025,18/05/2025,19/05/2025,20/05/2025,21/05/2025,22/05/2025,23/05/2025,24/05/2025,25/05/2025,27/05/2025,28/05/2025,29/05/2025,01/06/2025,02/06/2025,04/06/2025,05/06/2025,06/06/2025,07/06/2025,08/06/2025,09/06/2025,10/06/2025,11/06/2025,12/06/2025,14/06/2025,15/06/2025,16/06/2025,17/06/2025,18/06/2025,19/06/2025,20/06/2025,21/06/2025,23/06/2025,24/06/2025,25/06/2025,29/06/2025
168,06/05/2025,07/05/2025,08/05/2025,13/05/2025,16/05/2025,17/05/2025,18/05/2025,19/05/2025,20/05/2025,21/05/2025,22/05/2025,23/05/2025,24/05/2025,25/05/2025,27/05/2025,28/05/2025,29/05/2025,01/06/2025,02/06/2025,04/06/2025,05/06/2025,06/06/2025,07/06/2025,08/06/2025,09/06/2025,10/06/2025,11/06/2025,12/06/2025,14/06/2025,15/06/2025,16/06/2025,17/06/2025,18/06/2025,19/06/2025,20/06/2025,21/06/2025,23/06/2025,24/06/2025,25/06/2025,29/06/2025
169,06/05/2025,07/05/2025,08/05/2025,13/05/2025,16/05/2025,17/05/2025,18/05/2025,19/05/2025,20/05/2025,21/05/2025,22/05/2025,23/05/2025,24/05/2025,25/05/2025,27/05/2025,28/05/2025,29/05/2025,01/06/2025,02/06/2025,04/06/2025,05/06/2025,06/06/2025,07/06/2025,08/06/2025,09/06/2025,10/06/2025,11/06/2025,12/06/2025,14/06/2025,15/06/2025,16/06/2025,17/06/2025,18/06/2025,19/06/2025,20/06/2025,21/06/2025,23/06/2025,24/06/2025,25/06/2025,29/06/2025
170,06/05/2025,07/05/2025,08/05/2025,13/05/2025,16/05/2025,17/05/2025,18/05/2025,19/05/2025,20/05/2025,21/05/2025,22/05/2025,23/05/2025,24/05/2025,25/05/2025,27/05/2025,28/05/2025,29/05/2025,01/06/2025,02/06/2025,04/06/2025,05/06/2025,06/06/2025,07/06/2025,08/06/2025,09/06/2025,10/06/2025,11/06/2025,12/06/2025,14/06/2025,15/06/2025,16/06/2025,17/06/2025,18/06/2025,19/06/2025,20/06/2025,21/06/2025,23/06/2025,24/06/2025,25/06/2025,29/06/2025
171,06/05/2025,07/05/2025,08/05/2025,13/05/2025,16/05/2025,17/05/2025,18/05/2025,19/05/2025,20/05/2025,21/05/2025,22/05/2025,23/05/2025,24/05/2025,25/05/2025,27/05/2025,28/05/2025,29/05/2025,01/06/2025,02/06/2025,04/06/2025,05/06/2025,06/06/2025,07/06/2025,08/06/2025,09/06/2025,10/06/2025,11/06/2025,12/06/2025,14/06/2025,15/06/2025,16/06/2025,17/06/2025,18/06/2025,19/06/2025,20/06/2025,21/06/2025,23/06/2025,24/06/2025,25/06/2025,29/06/2025
172,06/05/2025,07/05/2025,08/05/2025,13/05/2025,16/05/2025,17/05/2025,18/05/2025,19/05/2025,20/05/2025,21/05/2025,22/05/2025,23/05/2025,24/05/2025,25/05/2025,27/05/2025,28/05/2025,29/05/2025,01/06/2025,02/06/2025,04/06/2025,05/06/2025,06/06/2025,07/06/2025,08/06/2025,09/06/2025,10/06/2025,11/06/2025,12/06/2025,14/06/2025,15/06/2025,16/06/2025,17/06/2025,18/06/2025,19/06/2025,20/06/2025,21/06/2025,23/06/2025,24/06/2025,25/06/2025,29/06/2025
173,06/05/2025,07/05/2025,08/05/2025,13/05/2025,16/05/2025,17/05/2025,18/05/2025,19/05/2025,20/05/2025,21/05/2025,22/05/2025,23/05/2025,24/05/2025,25/05/2025,27/05/2025,28/05/2025,29/05/2025,01/06/2025,02/06/2025,04/06/2025,05/06/2025,06/06/2025,07/06/2025,08/06/2025,09/06/2025,10/06/2025,11/06/2025,12/06/2025,14/06/2025,15/06/2025,16/06/2025,17/06/2025,18/06/2025,19/06/2025,20/06/2025,21/06/2025,23/06/2025,24/06/2025,25/06/2025,29/06/2025
174,06/05/2025,07/05/2025,08/05/2025,13/05/2025,16/05/2025,17/05/2025,18/05/2025,19/05/2025,20/05/2025,21/05/2025,22/05/2025,23/05/2025,24/05/2025,25/05/2025,27/05/2025,28/05/2025,29/05/2025,01/06/2025,02/06/2025,04/06/2025,05/06/2025,06/06/2025,07/06/2025,08/06/2025,09/06/2025,10/06/2025,11/06/2025,12/06/2025,14/06/2025,15/06/2025,16/06/2025,17/06/2025,18/06/2025,19/06/2025,20/06/2025,21/06/2025,23/06/2025,24/06/2025,25/06/2025,29/06/2025
175,06/05/2025,07/05/2025,08/05/2025,13/05/2025,16/05/2025,17/05/2025,18/05/2025,19/05/2025,20/05/2025,21/05/2025,22/05/2025,23/05/2025,24/05/2025,25/05/2025,27/05/2025,28/05/2025,29/05/2025,01/06/2025,02/06/2025,04/06/2025,05/06/2025,06/06/2025,07/06/2025,08/06/2025,09/06/2025,10/06/2025,11/06/2025,12/06/2025,14/06/2025,15/06/2025,16/06/2025,17/06/2025,18/06/2025,19/06/2025,20/06/2025,21/06/2025,23/06/2025,24/06/2025,25/06/2025,29/06/2025
176,06/05/2025,07/05/2025,08/05/2025,13/05/2025,16/05/2025,17/05/2025,18/05/2025,19/05/2025,20/05/2025,21/05/2025,22/05/2025,23/05/2025,24/05/2025,25/05/2025,27/05/2025,28/05/2025,29/05/2025,01/06/2025,02/06/2025,04/06/2025,05/06/2025,06/06/2025,07/06/2025,08/06/2025,09/06/2025,10/06/2025,11/06/2025,12/06/2025,14/06/2025,15/06/2025,16/06/2025,17/06/2025,18/06/2025,19/06/2025,20/06/2025,21/06/2025,23/06/2025,24/06/2025,25/06/2025,29/06/2025
177,06/05/2025,07/05/2025,08/05/2025,13/05/2025,16/05/2025,17/05/2025,18/05/2025,19/05/2025,20/05/2025,21/05/2025,22/05/2025,23/05/2025,24/05/2025,25/05/2025,27/05/2025,28/05/2025,29/05/2025,01/06/2025,02/06/2025,04/06/2025,05/06/2025,06/06/2025,07/06/2025,08/06/2025,09/06/2025,10/06/2025,11/06/2025,12/06/2025,14/06/2025,15/06/2025,16/06/2025,17/06/2025,18/06/2025,19/06/2025,20/06/2025,21/06/2025,23/06/2025,24/06/2025,25/06/2025,29/06/2025
178,06/05/2025,07/05/2025,08/05/2025,13/05/2025,16/05/2025,17/05/2025,18/05/2025,19/05/2025,20/05/2025,21/05/2025,22/05/2025,23/05/2025,24/05/2025,25/05/2025,27/05/2025,28/05/2025,29/05/2025,01/06/2025,02/06/2025,04/06/2025,05/06/2025,06/06/2025,07/06/2025,08/06/2025,09/06/2025,10/06/2025,11/06/2025,12/06/2025,14/06/2025,15/06/2025,16/06/2025,17/06/2025,18/06/2025,19/06/2025,20/06/2025,21/06/2025,23/06/2025,24/06/2025,25/06/2025,29/06/2025
179,06/05/2025,07/05/2025,08/05/2025,13/05/2025,16/05/2025,17/05/2025,18/05/2025,19/05/2025,20/05/2025,21/05/2025,22/05/2025,23/05/2025,24/05/2025,25/05/2025,27/05/2025,28/05/2025,29/05/2025,01/06/2025,02/06/2025,04/06/2025,05/06/2025,06/06/2025,07/06/2025,08/06/2025,09/06/2025,10/06/2025,11/06/2025,12/06/2025,14/06/2025,15/06/2025,16/06/2025,17/06/2025,18/06/2025,19/06/2025,20/06/2025,21/06/2025,23/06/2025,24/06/2025,25/06/2025,29/06/2025
180,06/05/2025,07/05/2025,08/05/2025,13/05/2025,16/05/2025,17/05/2025,18/05/2025,19/05/2025,20/05/2025,21/05/2025,22/05/2025,23/05/2025,24/05/2025,25/05/2025,27/05/2025,28/05/2025,29/05/2025,01/06/2025,02/06/2025,04/06/2025,05/06/2025,06/06/2025,07/06/2025,08/06/2025,09/06/2025,10/06/2025,11/06/2025,12/06/2025,14/06/2025,15/06/2025,16/06/2025,17/06/2025,18/06/2025,19/06/2025,20/06/2025,21/06/2025,23/06/2025,24/06/2025,25/06/2025,29/06/2025
181,06/05/2025,07/05/2025,08/05/2025,13/05/2025,16/05/2025,17/05/2025,18/05/2025,19/05/2025,20/05/2025,21/05/2025,22/05/2025,23/05/2025,24/05/2025,25/05/2025,27/05/2025,28/05/2025,29/05/2025,01/06/2025,02/06/2025,04/06/2025,05/06/2025,06/06/2025,07/06/2025,08/06/2025,09/06/2025,10/06/2025,11/06/2025,12/06/2025,14/06/2025,15/06/2025,16/06/2025,17/06/2025,18/06/2025,19/06/2025,20/06/2025,21/06/2025,23/06/2025,24/06/2025,25/06/2025,29/06/2025
182,06/05/2025,07/05/2025,08/05/2025,13/05/2025,16/05/2025,17/05/2025,18/05/2025,19/05/2025,20/05/2025,21/05/2025,22/05/2025,23/05/2025,24/05/2025,25/05/2025,27/05/2025,28/05/2025,29/05/2025,01/06/2025,02/06/2025,04/06/2025,05/06/2025,06/06/2025,07/06/2025,08/06/2025,09/06/2025,10/06/2025,11/06/2025,12/06/2025,14/06/2025,15/06/2025,16/06/2025,17/06/2025,18/06/2025,19/06/2025,20/06/2025,21/06/2025,23/06/2025,24/06/2025,25/06/2025,29/06/2025
183,06/05/2025,07/05/2025,08/05/2025,13/05/2025,16/05/2025,17/05/2025,18/05/2025,19/05/2025,20/05/2025,21/05/2025,22/05/2025,23/05/2025,24/05/2025,25/05/2025,27/05/2025,28/05/2025,29/05/2025,01/06/2025,02/06/2025,04/06/2025,05/06/2025,06/06/2025,07/06/2025,08/06/2025,09/06/2025,10/06/2025,11/06/2025,12/06/2025,14/06/2025,15/06/2025,16/06/2025,17/06/2025,18/06/2025,19/06/2025,20/06/2025,21/06/2025,23/06/2025,24/06/2025,25/06/2025,29/06/2025
184,06/05/2025,07/05/2025,08/05/2025,13/05/2025,16/05/2025,17/05/2025,18/05/2025,19/05/2025,20/05/2025,21/05/2025,22/05/2025,23/05/2025,24/05/2025,25/05/2025,27/05/2025,28/05/2025,29/05/2025,01/06/2025,02/06/2025,04/06/2025,05/06/2025,06/06/2025,07/06/2025,08/06/2025,09/06/2025,10/06/2025,11/06/2025,12/06/2025,14/06/2025,15/06/2025,16/06/2025,17/06/2025,18/06/2025,19/06/2025,20/06/2025,21/06/2025,23/06/2025,24/06/2025,25/06/2025,29/06/2025
185,06/05/2025,07/05/2025,08/05/2025,13/05/2025,16/05/2025,17/05/2025,18/05/2025,19/05/2025,20/05/2025,21/05/2025,22/05/2025,23/05/2025,24/05/2025,25/05/2025,27/05/2025,28/05/2025,29/05/2025,01/06/2025,02/06/2025,04/06/2025,05/06/2025,06/06/2025,07/06/2025,08/06/2025,09/06/2025,10/06/2025,11/06/2025,12/06/2025,14/06/2025,15/06/2025,16/06/2025,17/06/2025,18/06/2025,19/06/2025,20/06/2025,21/06/2025,23/06/2025,24/06/2025,25/06/2025,29/06/2025
186,06/05/2025,07/05/2025,08/05/2025,13/05/2025,16/05/2025,17/05/2025,18/05/2025,19/05/2025,20/05/2025,21/05/2025,22/05/2025,23/05/2025,24/05/2025,25/05/2025,27/05/2025,28/05/2025,29/05/2025,01/06/2025,02/06/2025,04/06/2025,05/06/2025,06/06/2025,07/06/2025,08/06/2025,09/06/2025,10/06/2025,11/06/2025,12/06/2025,14/06/2025,15/06/2025,16/06/2025,17/06/2025,18/06/2025,19/06/2025,20/06/2025,21/06/2025,23/06/2025,24/06/2025,25/06/2025,29/06/2025
187,06/05/2025,07/05/2025,08/05/2025,13/05/2025,16/05/2025,17/05/2025,18/05/2025,19/05/2025,20/05/2025,21/05/2025,22/05/2025,23/05/2025,24/05/2025,25/05/2025,27/05/2025,28/05/2025,29/05/2025,01/06/2025,02/06/2025,04/06/2025,05/06/2025,06/06/2025,07/06/2025,08/06/2025,09/06/2025,10/06/2025,11/06/2025,12/06/2025,14/06/2025,15/06/2025,16/06/2025,17/06/2025,18/06/2025,19/06/2025,20/06/2025,21/06/2025,23/06/2025,24/06/2025,25/06/2025,29/06/2025
188,06/05/2025,07/05/2025,08/05/2025,13/05/2025,16/05/2025,17/05/2025,18/05/2025,19/05/2025,20/05/2025,21/05/2025,22/05/2025,23/05/2025,24/05/2025,25/05/2025,27/05/2025,28/05/2025,29/05/2025,01/06/2025,02/06/2025,04/06/2025,05/06/2025,06/06/2025,07/06/2025,08/06/2025,09/06/2025,10/06/2025,11/06/2025,12/06/2025,14/06/2025,15/06/2025,16/06/2025,17/06/2025,18/06/2025,19/06/2025,20/06/2025,21/06/2025,23/06/2025,24/06/2025,25/06/2025,29/06/2025
189,06/05/2025,07/05/2025,08/05/2025,13/05/2025,16/05/2025,17/05/2025,18/05/2025,19/05/2025,20/05/2025,21/05/2025,22/05/2025,23/05/2025,24/05/2025,25/05/2025,27/05/2025,28/05/2025,29/05/2025,01/06/2025,02/06/2025,04/06/2025,05/06/2025,06/06/2025,07/06/2025,08/06/2025,09/06/2025,10/06/2025,11/06/2025,12/06/2025,14/06/2025,15/06/2025,16/06/2025,17/06/2025,18/06/2025,19/06/2025,20/06/2025,21/06/2025,23/06/2025,24/06/2025,25/06/2025,29/06/2025
190,06/05/2025,07/05/2025,08/05/2025,13/05/2025,16/05/2025,17/05/2025,18/05/2025,19/05/2025,20/05/2025,21/05/2025,22/05/2025,23/05/2025,24/05/2025,25/05/2025,27/05/2025,28/05/2025,29/05/2025,01/06/2025,02/06/2025,04/06/2025,05/06/2025,06/06/2025,07/06/2025,08/06/2025,09/06/2025,10/06/2025,11/06/2025,12/06/2025,14/06/2025,15/06/2025,16/06/2025,17/06/2025,18/06/2025,19/06/2025,20/06/2025,21/06/2025,23/06/2025,24/06/2025,25/06/2025,29/06/2025
191,06/05/2025,07/05/2025,08/05/2025,13/05/2025,16/05/2025,17/05/2025,18/05/2025,19/05/2025,20/05/2025,21/05/2025,22/05/2025,23/05/2025,24/05/2025,25/05/2025,27/05/2025,28/05/2025,29/05/2025,01/06/2025,02/06/2025,04/06/2025,05/06/2025,06/06/2025,07/06/2025,08/06/2025,09/06/2025,10/06/2025,11/06/2025,12/06/2025,14/06/2025,15/06/2025,16/06/2025,17/06/2025,18/06/2025,19/06/2025,20/06/2025,21/06/2025,23/06/2025,24/06/2025,25/06/2025,29/06/2025
192,06/05/2025,07/05/2025,08/05/2025,13/05/2025,16/05/2025,17/05/2025,18/05/2025,19/05/2025,20/05/2025,21/05/2025,22/05/2025,23/05/2025,24/05/2025,25/05/2025,27/05/2025,28/05/2025,29/05/2025,01/06/2025,02/06/2025,04/06/2025,05/06/2025,06/06/2025,07/06/2025,08/06/2025,09/06/2025,10/06/2025,11/06/2025,12/06/2025,14/06/2025,15/06/2025,16/06/2025,17/06/2025,18/06/2025,19/06/2025,20/06/2025,21/06/2025,23/06/2025,24/06/2025,25/06/2025,29/06/2025
193,06/05/2025,07/05/2025,08/05/2025,13/05/2025,16/05/2025,17/05/2025,18/05/2025,19/05/2025,20/05/2025,21/05/2025,22/05/2025,23/05/2025,24/05/2025,25/05/2025,27/05/2025,28/05/2025,29/05/2025,01/06/2025,02/06/2025,04/06/2025,05/06/2025,06/06/2025,07/06/2025,08/06/2025,09/06/2025,10/06/2025,11/06/2025,12/06/2025,14/06/2025,15/06/2025,16/06/2025,17/06/2025,18/06/2025,19/06/2025,20/06/2025,21/06/2025,23/06/2025,24/06/2025,25/06/2025,29/06/2025
194,06/05/2025,07/05/2025,08/05/2025,13/05/2025,16/05/2025,17/05/2025,18/05/2025,19/05/2025,20/05/2025,21/05/2025,22/05/2025,23/05/2025,24/05/2025,25/05/2025,27/05/2025,28/05/2025,29/05/2025,01/06/2025,02/06/2025,04/06/2025,05/06/2025,06/06/2025,07/06/2025,08/06/2025,09/06/2025,10/06/2025,11/06/2025,12/06/2025,14/06/2025,15/06/2025,16/06/2025,17/06/2025,18/06/2025,19/06/2025,20/06/2025,21/06/2025,23/06/2025,24/06/2025,25/06/2025,29/06/2025
195,06/05/2025,07/05/2025,08/05/2025,13/05/2025,16/05/2025,17/05/2025,18/05/2025,19/05/2025,20/05/2025,21/05/2025,22/05/2025,23/05/2025,24/05/2025,25/05/2025,27/05/2025,28/05/2025,29/05/2025,01/06/2025,02/06/2025,04/06/2025,05/06/2025,06/06/2025,07/06/2025,08/06/2025,09/06/2025,10/06/2025,11/06/2025,12/06/2025,14/06/2025,15/06/2025,16/06/2025,17/06/2025,18/06/2025,19/06/2025,20/06/2025,21/06/2025,23/06/2025,24/06/2025,25/06/2025,29/06/2025
196,06/05/2025,07/05/2025,08/05/2025,13/05/2025,16/05/2025,17/05/2025,18/05/2025,19/05/2025,20/05/2025,21/05/2025,22/05/2025,23/05/2025,24/05/2025,25/05/2025,27/05/2025,28/05/2025,29/05/2025,01/06/2025,02/06/2025,04/06/2025,05/06/2025,06/06/2025,07/06/2025,08/06/2025,09/06/2025,10/06/2025,11/06/2025,12/06/2025,14/06/2025,15/06/2025,16/06/2025,17/06/2025,18/06/2025,19/06/2025,20/06/2025,21/06/2025,23/06/2025,24/06/2025,25/06/2025,29/06/2025
197,06/05/2025,07/05/2025,08/05/2025,13/05/2025,16/05/2025,17/05/2025,18/05/2025,19/05/2025,20/05/2025,21/05/2025,22/05/2025,23/05/2025,24/05/2025,25/05/2025,27/05/2025,28/05/2025,29/05/2025,01/06/2025,02/06/2025,04/06/2025,05/06/2025,06/06/2025,07/06/2025,08/06/2025,09/06/2025,10/06/2025,11/06/2025,12/06/2025,14/06/2025,15/06/2025,16/06/2025,17/06/2025,18/06/2025,19/06/2025,20/06/2025,21/06/2025,23/06/2025,24/06/2025,25/06/2025,29/06/2025
198,06/05/2025,07/05/2025,08/05/2025,13/05/2025,16/05/2025,17/05/2025,18/05/2025,19/05/2025,20/05/2025,21/05/2025,22/05/2025,23/05/2025,24/05/2025,25/05/2025,27/05/2025,28/05/2025,29/05/2025,01/06/2025,02/06/2025,04/06/2025,05/06/2025,06/06/2025,07/06/2025,08/06/2025,09/06/2025,10/06/2025,11/06/2025,12/06/2025,14/06/2025,15/06/2025,16/06/2025,17/06/2025,18/06/2025,19/06/2025,20/06/2025,21/06/2025,23/06/2025,24/06/2025,25/06/2025,29/06/2025
199,06/05/2025,07/05/2025,08/05/2025,13/05/2025,16/05/2025,17/05/2025,18/05/2025,19/05/2025,20/05/2025,21/05/2025,22/05/2025,23/05/2025,24/05/2025,25/05/2025,27/05/2025,28/05/2025,29/05/2025,01/06/2025,02/06/2025,04/06/2025,05/06/2025,06/06/2025,07/06/2025,08/06/2025,09/06/2025,10/06/2025,11/06/2025,12/06/2025,14/06/2025,15/06/2025,16/06/2025,17/06/2025,18/06/2025,19/06/2025,20/06/2025,21/06/2025,23/06/2025,24/06/2025,25/06/2025,29/06/2025
200,06/05/2025,07/05/2025,08/05/2025,13/05/2025,16/05/2025,17/05/2025,18/05/2025,19/05/2025,20/05/2025,21/05/2025,22/05/2025,23/05/2025,24/05/2025,25/05/2025,27/05/2025,28/05/2025,29/05/2025,01/06/2025,02/06/2025,04/06/2025,05/06/2025,06/06/2025,07/06/2025,08/06/2025,09/06/2025,10/06/2025,11/06/2025,12/06/2025,14/06/2025,15/06/2025,16/06/2025,17/06/2025,18/06/2025,19/06/2025,20/06/2025,21/06/2025,23/06/2025,24/06/2025,25/06/2025,29/06/2025
201,06/05/2025,07/05/2025,08/05/2025,13/05/2025,16/05/2025,17/05/2025,18/05/2025,19/05/2025,20/05/2025,21/05/2025,22/05/2025,23/05/2025,24/05/2025,25/05/2025,27/05/2025,28/05/2025,29/05/2025,01/06/2025,02/06/2025,04/06/2025,05/06/2025,06/06/2025,07/06/2025,08/06/2025,09/06/2025,10/06/2025,11/06/2025,12/06/2025,14/06/2025,15/06/2025,16/06/2025,17/06/2025,18/06/2025,19/06/2025,20/06/2025,21/06/2025,23/06/2025,24/06/2025,25/06/2025,29/06/2025
202,06/05/2025,07/05/2025,08/05/2025,13/05/2025,16/05/2025,17/05/2025,18/05/2025,19/05/2025,20/05/2025,21/05/2025,22/05/2025,23/05/2025,24/05/2025,25/05/2025,27/05/2025,28/05/2025,29/05/2025,01/06/2025,02/06/2025,04/06/2025,05/06/2025,06/06/2025,07/06/2025,08/06/2025,09/06/2025,10/06/2025,11/06/2025,12/06/2025,14/06/2025,15/06/2025,16/06/2025,17/06/2025,18/06/2025,19/06/2025,20/06/2025,21/06/2025,23/06/2025,24/06/2025,25/06/2025,29/06/2025
203,06/05/2025,07/05/2025,08/05/2025,13/05/2025,16/05/2025,17/05/2025,18/05/2025,19/05/2025,20/05/2025,21/05/2025,22/05/2025,23/05/2025,24/05/2025,25/05/2025,27/05/2025,28/05/2025,29/05/2025,01/06/2025,02/06/2025,04/06/2025,05/06/2025,06/06/2025,07/06/2025,08/06/2025,09/06/2025,10/06/2025,11/06/2025,12/06/2025,14/06/2025,15/06/2025,16/06/2025,17/06/2025,18/06/2025,19/06/2025,20/06/2025,21/06/2025,23/06/2025,24/06/2025,25/06/2025,29/06/2025
204,06/05/2025,07/05/2025,08/05/2025,13/05/2025,16/05/2025,17/05/2025,18/05/2025,19/05/2025,20/05/2025,21/05/2025,22/05/2025,23/05/2025,24/05/2025,25/05/2025,27/05/2025,28/05/2025,29/05/2025,01/06/2025,02/06/2025,04/06/2025,05/06/2025,06/06/2025,07/06/2025,08/06/2025,09/06/2025,10/06/2025,11/06/2025,12/06/2025,14/06/2025,15/06/2025,16/06/2025,17/06/2025,18/06/2025,19/06/2025,20/06/2025,21/06/2025,23/06/2025,24/06/2025,25/06/2025,29/06/2025
205,06/05/2025,07/05/2025,08/05/2025,13/05/2025,16/05/2025,17/05/2025,18/05/2025,19/05/2025,20/05/2025,21/05/2025,22/05/2025,23/05/2025,24/05/2025,25/05/2025,27/05/2025,28/05/2025,29/05/2025,01/06/2025,02/06/2025,04/06/2025,05/06/2025,06/06/2025,07/06/2025,08/06/2025,09/06/2025,10/06/2025,11/06/2025,12/06/2025,14/06/2025,15/06/2025,16/06/2025,17/06/2025,18/06/2025,19/06/2025,20/06/2025,21/06/2025,23/06/2025,24/06/2025,25/06/2025,29/06/2025
206,06/05/2025,07/05/2025,08/05/2025,13/05/2025,16/05/2025,17/05/2025,18/05/2025,19/05/2025,20/05/2025,21/05/2025,22/05/2025,23/05/2025,24/05/2025,25/05/2025,27/05/2025,28/05/2025,29/05/2025,01/06/2025,02/06/2025,04/06/2025,05/06/2025,06/06/2025,07/06/2025,08/06/2025,09/06/2025,10/06/2025,11/06/2025,12/06/2025,14/06/2025,15/06/2025,16/06/2025,17/06/2025,18/06/2025,19/06/2025,20/06/2025,21/06/2025,23/06/2025,24/06/2025,25/06/2025,29/06/2025
207,06/05/2025,07/05/2025,08/05/2025,13/05/2025,16/05/2025,17/05/2025,18/05/2025,19/05/2025,20/05/2025,21/05/2025,22/05/2025,23/05/2025,24/05/2025,25/05/2025,27/05/2025,28/05/2025,29/05/2025,01/06/2025,02/06/2025,04/06/2025,05/06/2025,06/06/2025,07/06/2025,08/06/2025,09/06/2025,10/06/2025,11/06/2025,12/06/2025,14/06/2025,15/06/2025,16/06/2025,17/06/2025,18/06/2025,19/06/2025,20/06/2025,21/06/2025,23/06/2025,24/06/2025,25/06/2025,29/06/2025
208,06/05/2025,07/05/2025,08/05/2025,13/05/2025,16/05/2025,17/05/2025,18/05/2025,19/05/2025,20/05/2025,21/05/2025,22/05/2025,23/05/2025,24/05/2025,25/05/2025,27/05/2025,28/05/2025,29/05/2025,01/06/2025,02/06/2025,04/06/2025,05/06/2025,06/06/2025,07/06/2025,08/06/2025,09/06/2025,10/06/2025,11/06/2025,12/06/2025,14/06/2025,15/06/2025,16/06/2025,17/06/2025,18/06/2025,19/06/2025,20/06/2025,21/06/2025,23/06/2025,24/06/2025,25/06/2025,29/06/2025
209,06/05/2025,07/05/2025,08/05/2025,13/05/2025,16/05/2025,17/05/2025,18/05/2025,19/05/2025,20/05/2025,21/05/2025,22/05/2025,23/05/2025,24/05/2025,25/05/2025,27/05/2025,28/05/2025,29/05/2025,01/06/2025,02/06/2025,04/06/2025,05/06/2025,06/06/2025,07/06/2025,08/06/2025,09/06/2025,10/06/2025,11/06/2025,12/06/2025,14/06/2025,15/06/2025,16/06/2025,17/06/2025,18/06/2025,19/06/2025,20/06/2025,21/06/2025,23/06/2025,24/06/2025,25/06/2025,29/06/2025
210,06/05/2025,07/05/2025,08/05/2025,13/05/2025,16/05/2025,17/05/2025,18/05/2025,19/05/2025,20/05/2025,21/05/2025,22/05/2025,23/05/2025,24/05/2025,25/05/2025,27/05/2025,28/05/2025,29/05/2025,01/06/2025,02/06/2025,04/06/2025,05/06/2025,06/06/2025,07/06/2025,08/06/2025,09/06/2025,10/06/2025,11/06/2025,12/06/2025,14/06/2025,15/06/2025,16/06/2025,17/06/2025,18/06/2025,19/06/2025,20/06/2025,21/06/2025,23/06/2025,24/06/2025,25/06/2025,29/06/2025
211,06/05/2025,07/05/2025,08/05/2025,13/05/2025,16/05/2025,17/05/2025,18/05/2025,19/05/2025,20/05/2025,21/05/2025,22/05/2025,23/05/2025,24/05/2025,25/05/2025,27/05/2025,28/05/2025,29/05/2025,01/06/2025,02/06/2025,04/06/2025,05/06/2025,06/06/2025,07/06/2025,08/06/2025,09/06/2025,10/06/2025,11/06/2025,12/06/2025,14/06/2025,15/06/2025,16/06/2025,17/06/2025,18/06/2025,19/06/2025,20/06/2025,21/06/2025,23/06/2025,24/06/2025,25/06/2025,29/06/2025
212,06/05/2025,07/05/2025,08/05/2025,13/05/2025,16/05/2025,17/05/2025,18/05/2025,19/05/2025,20/05/2025,21/05/2025,22/05/2025,23/05/2025,24/05/2025,25/05/2025,27/05/2025,28/05/2025,29/05/2025,01/06/2025,02/06/2025,04/06/2025,05/06/2025,06/06/2025,07/06/2025,08/06/2025,09/06/2025,10/06/2025,11/06/2025,12/06/2025,14/06/2025,15/06/2025,16/06/2025,17/06/2025,18/06/2025,19/06/2025,20/06/2025,21/06/2025,23/06/2025,24/06/2025,25/06/2025,29/06/2025
213,06/05/2025,07/05/2025,08/05/2025,13/05/2025,16/05/2025,17/05/2025,18/05/2025,19/05/2025,20/05/2025,21/05/2025,22/05/2025,23/05/2025,24/05/2025,25/05/2025,27/05/2025,28/05/2025,29/05/2025,01/06/2025,02/06/2025,04/06/2025,05/06/2025,06/06/2025,07/06/2025,08/06/2025,09/06/2025,10/06/2025,11/06/2025,12/06/2025,14/06/2025,15/06/2025,16/06/2025,17/06/2025,18/06/2025,19/06/2025,20/06/2025,21/06/2025,23/06/2025,24/06/2025,25/06/2025,29/06/2025
214,06/05/2025,07/05/2025,08/05/2025,13/05/2025,16/05/2025,17/05/2025,18/05/2025,19/05/2025,20/05/2025,21/05/2025,22/05/2025,23/05/2025,24/05/2025,25/05/2025,27/05/2025,28/05/2025,29/05/2025,01/06/2025,02/06/2025,04/06/2025,05/06/2025,06/06/2025,07/06/2025,08/06/2025,09/06/2025,10/06/2025,11/06/2025,12/06/2025,14/06/2025,15/06/2025,16/06/2025,17/06/2025,18/06/2025,19/06/2025,20/06/2025,21/06/2025,23/06/2025,24/06/2025,25/06/2025,29/06/2025
215,06/05/2025,07/05/2025,08/05/2025,13/05/2025,16/05/2025,17/05/2025,18/05/2025,19/05/2025,20/05/2025,21/05/2025,22/05/2025,23/05/2025,24/05/2025,25/05/2025,27/05/2025,28/05/2025,29/05/2025,01/06/2025,02/06/2025,04/06/2025,05/06/2025,06/06/2025,07/06/2025,08/06/2025,09/06/2025,10/06/2025,11/06/2025,12/06/2025,14/06/2025,15/06/2025,16/06/2025,17/06/2025,18/06/2025,19/06/2025,20/06/2025,21/06/2025,23/06/2025,24/06/2025,25/06/2025,29/06/2025
216,06/05/2025,07/05/2025,08/05/2025,13/05/2025,16/05/2025,17/05/2025,18/05/2025,19/05/2025,20/05/2025,21/05/2025,22/05/2025,23/05/2025,24/05/2025,25/05/2025,27/05/2025,28/05/2025,29/05/2025,01/06/2025,02/06/2025,04/06/2025,05/06/2025,06/06/2025,07/06/2025,08/06/2025,09/06/2025,10/06/2025,11/06/2025,12/06/2025,14/06/2025,15/06/2025,16/06/2025,17/06/2025,18/06/2025,19/06/2025,20/06/2025,21/06/2025,23/06/2025,24/06/2025,25/06/2025,29/06/2025
217,06/05/2025,07/05/2025,08/05/2025,13/05/2025,16/05/2025,17/05/2025,18/05/2025,19/05/2025,20/05/2025,21/05/2025,22/05/2025,23/05/2025,24/05/2025,25/05/2025,27/05/2025,28/05/2025,29/05/2025,01/06/2025,02/06/2025,04/06/2025,05/06/2025,06/06/2025,07/06/2025,08/06/2025,09/06/2025,10/06/2025,11/06/2025,12/06/2025,14/06/2025,15/06/2025,16/06/2025,17/06/2025,18/06/2025,19/06/2025,20/06/2025,21/06/2025,23/06/2025,24/06/2025,25/06/2025,29/06/2025
218,06/05/2025,07/05/2025,08/05/2025,13/05/2025,16/05/2025,17/05/2025,18/05/2025,19/05/2025,20/05/2025,21/05/2025,22/05/2025,23/05/2025,24/05/2025,25/05/2025,27/05/2025,28/05/2025,29/05/2025,01/06/2025,02/06/2025,04/06/2025,05/06/2025,06/06/2025,07/06/2025,08/06/2025,09/06/2025,10/06/2025,11/06/2025,12/06/2025,14/06/2025,15/06/2025,16/06/2025,17/06/2025,18/06/2025,19/06/2025,20/06/2025,21/06/2025,23/06/2025,24/06/2025,25/06/2025,29/06/2025
219,06/05/2025,07/05/2025,08/05/2025,13/05/2025,16/05/2025,17/05/2025,18/05/2025,19/05/2025,20/05/2025,21/05/2025,22/05/2025,23/05/2025,24/05/2025,25/05/2025,27/05/2025,28/05/2025,29/05/2025,01/06/2025,02/06/2025,04/06/2025,05/06/2025,06/06/2025,07/06/2025,08/06/2025,09/06/2025,10/06/2025,11/06/2025,12/06/2025,14/06/2025,15/06/2025,16/06/2025,17/06/2025,18/06/2025,19/06/2025,20/06/2025,21/06/2025,23/06/2025,24/06/2025,25/06/2025,29/06/2025
220,06/05/2025,07/05/2025,08/05/2025,13/05/2025,16/05/2025,17/05/2025,18/05/2025,19/05/2025,20/05/2025,21/05/2025,22/05/2025,23/05/2025,24/05/2025,25/05/2025,27/05/2025,28/05/2025,29/05/2025,01/06/2025,02/06/2025,04/06/2025,05/06/2025,06/06/2025,07/06/2025,08/06/2025,09/06/2025,10/06/2025,11/06/2025,12/06/2025,14/06/2025,15/06/2025,16/06/2025,17/06/2025,18/06/2025,19/06/2025,20/06/2025,21/06/2025,23/06/2025,24/06/2025,25/06/2025,29/06/2025
221,06/05/2025,07/05/2025,08/05/2025,13/05/2025,16/05/2025,17/05/2025,18/05/2025,19/05/2025,20/05/2025,21/05/2025,22/05/2025,23/05/2025,24/05/2025,25/05/2025,27/05/2025,28/05/2025,29/05/2025,01/06/2025,02/06/2025,04/06/2025,05/06/2025,06/06/2025,07/06/2025,08/06/2025,09/06/2025,10/06/2025,11/06/2025,12/06/2025,14/06/2025,15/06/2025,16/06/2025,17/06/2025,18/06/2025,19/06/2025,20/06/2025,21/06/2025,23/06/2025,24/06/2025,25/06/2025,29/06/2025
