ObjectID,image1
1.0,16/04/2010
2.0,16/04/2010
3.0,16/04/2010
4.0,16/04/2010
5.0,16/04/2010
6.0,16/04/2010
7.0,16/04/2010
8.0,16/04/2010
9.0,16/04/2010
10.0,16/04/2010
11.0,16/04/2010
12.0,16/04/2010
13.0,16/04/2010
14.0,16/04/2010
15.0,16/04/2010
16.0,16/04/2010
17.0,16/04/2010
18.0,16/04/2010
19.0,16/04/2010
20.0,16/04/2010
21.0,16/04/2010
22.0,16/04/2010
23.0,16/04/2010
24.0,16/04/2010
25.0,16/04/2010
26.0,16/04/2010
27.0,16/04/2010
28.0,16/04/2010
29.0,16/04/2010
30.0,16/04/2010
31.0,16/04/2010
32.0,16/04/2010
33.0,16/04/2010
34.0,16/04/2010
35.0,16/04/2010
36.0,16/04/2010
37.0,16/04/2010
38.0,16/04/2010
39.0,16/04/2010
40.0,16/04/2010
41.0,16/04/2010
42.0,16/04/2010
43.0,16/04/2010
44.0,16/04/2010
45.0,16/04/2010
46.0,16/04/2010
47.0,16/04/2010
48.0,16/04/2010
49.0,16/04/2010
50.0,16/04/2010
51.0,16/04/2010
52.0,16/04/2010
53.0,16/04/2010
54.0,16/04/2010
55.0,16/04/2010
56.0,16/04/2010
57.0,16/04/2010
58.0,16/04/2010
59.0,16/04/2010
60.0,16/04/2010
61.0,16/04/2010
62.0,16/04/2010
63.0,16/04/2010
64.0,16/04/2010
65.0,16/04/2010
66.0,16/04/2010
67.0,16/04/2010
68.0,16/04/2010
69.0,16/04/2010
70.0,16/04/2010
71.0,16/04/2010
72.0,16/04/2010
73.0,16/04/2010
74.0,16/04/2010
75.0,16/04/2010
76.0,16/04/2010
77.0,16/04/2010
78.0,16/04/2010
79.0,16/04/2010
80.0,16/04/2010
81.0,16/04/2010
82.0,16/04/2010
83.0,16/04/2010
84.0,16/04/2010
85.0,16/04/2010
86.0,16/04/2010
87.0,16/04/2010
88.0,16/04/2010
89.0,16/04/2010
90.0,16/04/2010
91.0,16/04/2010
92.0,16/04/2010
93.0,16/04/2010
94.0,16/04/2010
95.0,16/04/2010
96.0,16/04/2010
97.0,16/04/2010
98.0,16/04/2010
99.0,16/04/2010
100.0,16/04/2010
101.0,16/04/2010
102.0,16/04/2010
103.0,16/04/2010
104.0,16/04/2010
105.0,16/04/2010
106.0,16/04/2010
107.0,16/04/2010
108.0,16/04/2010
109.0,16/04/2010
110.0,16/04/2010
111.0,16/04/2010
112.0,16/04/2010
113.0,16/04/2010
114.0,16/04/2010
115.0,16/04/2010
116.0,16/04/2010
117.0,16/04/2010
118.0,16/04/2010
119.0,16/04/2010
120.0,16/04/2010
121.0,16/04/2010
122.0,16/04/2010
123.0,16/04/2010
124.0,16/04/2010
125.0,16/04/2010
126.0,16/04/2010
127.0,16/04/2010
128.0,16/04/2010
129.0,16/04/2010
130.0,16/04/2010
131.0,16/04/2010
132.0,16/04/2010
133.0,16/04/2010
134.0,16/04/2010
135.0,16/04/2010
136.0,16/04/2010
137.0,16/04/2010
138.0,16/04/2010
139.0,16/04/2010
140.0,16/04/2010
141.0,16/04/2010
142.0,16/04/2010
143.0,16/04/2010
144.0,16/04/2010
145.0,16/04/2010
146.0,16/04/2010
147.0,16/04/2010
148.0,16/04/2010
149.0,16/04/2010
150.0,16/04/2010
151.0,16/04/2010
152.0,16/04/2010
153.0,16/04/2010
154.0,16/04/2010
155.0,16/04/2010
156.0,16/04/2010
157.0,16/04/2010
158.0,16/04/2010
159.0,16/04/2010
160.0,16/04/2010
161.0,16/04/2010
162.0,16/04/2010
163.0,16/04/2010
164.0,16/04/2010
165.0,16/04/2010
166.0,16/04/2010
167.0,16/04/2010
168.0,16/04/2010
169.0,16/04/2010
170.0,16/04/2010
171.0,16/04/2010
172.0,16/04/2010
173.0,16/04/2010
174.0,16/04/2010
175.0,16/04/2010
176.0,16/04/2010
177.0,16/04/2010
178.0,16/04/2010
179.0,16/04/2010
180.0,16/04/2010
181.0,16/04/2010
182.0,16/04/2010
183.0,16/04/2010
184.0,16/04/2010
185.0,16/04/2010
186.0,16/04/2010
187.0,16/04/2010
188.0,16/04/2010
189.0,16/04/2010
190.0,16/04/2010
191.0,16/04/2010
192.0,16/04/2010
193.0,16/04/2010
194.0,16/04/2010
195.0,16/04/2010
196.0,16/04/2010
197.0,16/04/2010
198.0,16/04/2010
199.0,16/04/2010
200.0,16/04/2010
201.0,16/04/2010
202.0,16/04/2010
203.0,16/04/2010
204.0,16/04/2010
205.0,16/04/2010
206.0,16/04/2010
207.0,16/04/2010
208.0,16/04/2010
209.0,16/04/2010
210.0,16/04/2010
211.0,16/04/2010
212.0,16/04/2010
213.0,16/04/2010
214.0,16/04/2010
215.0,16/04/2010
216.0,16/04/2010
217.0,16/04/2010
218.0,16/04/2010
219.0,16/04/2010
220.0,16/04/2010
221.0,16/04/2010
222.0,16/04/2010
223.0,16/04/2010
224.0,16/04/2010
225.0,16/04/2010
226.0,16/04/2010
227.0,16/04/2010
228.0,16/04/2010
229.0,16/04/2010
230.0,16/04/2010
231.0,16/04/2010
232.0,16/04/2010
233.0,16/04/2010
234.0,16/04/2010
235.0,16/04/2010
236.0,16/04/2010
237.0,16/04/2010
238.0,16/04/2010
239.0,16/04/2010
240.0,16/04/2010
241.0,16/04/2010
242.0,16/04/2010
243.0,16/04/2010
244.0,16/04/2010
245.0,16/04/2010
246.0,16/04/2010
247.0,16/04/2010
248.0,16/04/2010
249.0,16/04/2010
250.0,16/04/2010
251.0,16/04/2010
252.0,16/04/2010
253.0,16/04/2010
254.0,16/04/2010
255.0,16/04/2010
256.0,16/04/2010
257.0,16/04/2010
258.0,16/04/2010
259.0,16/04/2010
260.0,16/04/2010
261.0,16/04/2010
262.0,16/04/2010
263.0,16/04/2010
264.0,16/04/2010
265.0,16/04/2010
266.0,16/04/2010
267.0,16/04/2010
268.0,16/04/2010
269.0,16/04/2010
270.0,16/04/2010
271.0,16/04/2010
272.0,16/04/2010
273.0,16/04/2010
274.0,16/04/2010
275.0,16/04/2010
276.0,16/04/2010
277.0,16/04/2010
278.0,16/04/2010
279.0,16/04/2010
280.0,16/04/2010
281.0,16/04/2010
282.0,16/04/2010
