ObjectID,image1,image2
1.0,12/04/2010,16/04/2010
2.0,12/04/2010,16/04/2010
3.0,12/04/2010,16/04/2010
4.0,12/04/2010,16/04/2010
5.0,12/04/2010,16/04/2010
6.0,12/04/2010,16/04/2010
7.0,12/04/2010,16/04/2010
8.0,12/04/2010,16/04/2010
9.0,12/04/2010,16/04/2010
10.0,12/04/2010,16/04/2010
11.0,12/04/2010,16/04/2010
12.0,12/04/2010,16/04/2010
13.0,12/04/2010,16/04/2010
14.0,12/04/2010,16/04/2010
15.0,12/04/2010,16/04/2010
16.0,12/04/2010,16/04/2010
17.0,12/04/2010,16/04/2010
18.0,12/04/2010,16/04/2010
19.0,12/04/2010,16/04/2010
20.0,12/04/2010,16/04/2010
21.0,12/04/2010,16/04/2010
22.0,12/04/2010,16/04/2010
23.0,12/04/2010,16/04/2010
24.0,12/04/2010,16/04/2010
25.0,12/04/2010,16/04/2010
26.0,12/04/2010,16/04/2010
27.0,12/04/2010,16/04/2010
28.0,12/04/2010,16/04/2010
29.0,12/04/2010,16/04/2010
30.0,12/04/2010,16/04/2010
31.0,12/04/2010,16/04/2010
32.0,12/04/2010,16/04/2010
33.0,12/04/2010,16/04/2010
34.0,12/04/2010,16/04/2010
35.0,12/04/2010,16/04/2010
36.0,12/04/2010,16/04/2010
37.0,12/04/2010,16/04/2010
38.0,12/04/2010,16/04/2010
39.0,12/04/2010,16/04/2010
40.0,12/04/2010,16/04/2010
41.0,12/04/2010,16/04/2010
42.0,12/04/2010,16/04/2010
43.0,12/04/2010,16/04/2010
44.0,12/04/2010,16/04/2010
45.0,12/04/2010,16/04/2010
46.0,12/04/2010,16/04/2010
47.0,12/04/2010,16/04/2010
48.0,12/04/2010,16/04/2010
49.0,12/04/2010,16/04/2010
50.0,12/04/2010,16/04/2010
51.0,12/04/2010,16/04/2010
52.0,12/04/2010,16/04/2010
53.0,12/04/2010,16/04/2010
54.0,12/04/2010,16/04/2010
55.0,12/04/2010,16/04/2010
56.0,12/04/2010,16/04/2010
57.0,12/04/2010,16/04/2010
58.0,12/04/2010,16/04/2010
59.0,12/04/2010,16/04/2010
60.0,12/04/2010,16/04/2010
61.0,12/04/2010,16/04/2010
62.0,12/04/2010,16/04/2010
63.0,12/04/2010,16/04/2010
64.0,12/04/2010,16/04/2010
65.0,12/04/2010,16/04/2010
66.0,12/04/2010,16/04/2010
67.0,12/04/2010,16/04/2010
68.0,12/04/2010,16/04/2010
69.0,12/04/2010,16/04/2010
70.0,12/04/2010,16/04/2010
71.0,12/04/2010,16/04/2010
72.0,12/04/2010,16/04/2010
73.0,12/04/2010,16/04/2010
74.0,12/04/2010,16/04/2010
75.0,12/04/2010,16/04/2010
76.0,12/04/2010,16/04/2010
77.0,12/04/2010,16/04/2010
78.0,12/04/2010,16/04/2010
79.0,12/04/2010,16/04/2010
80.0,12/04/2010,16/04/2010
81.0,12/04/2010,16/04/2010
82.0,12/04/2010,16/04/2010
83.0,12/04/2010,16/04/2010
84.0,12/04/2010,16/04/2010
85.0,12/04/2010,16/04/2010
86.0,12/04/2010,16/04/2010
87.0,12/04/2010,16/04/2010
88.0,12/04/2010,16/04/2010
89.0,12/04/2010,16/04/2010
90.0,12/04/2010,16/04/2010
91.0,12/04/2010,16/04/2010
92.0,12/04/2010,16/04/2010
93.0,12/04/2010,16/04/2010
94.0,12/04/2010,16/04/2010
95.0,12/04/2010,16/04/2010
96.0,12/04/2010,16/04/2010
97.0,12/04/2010,16/04/2010
98.0,12/04/2010,16/04/2010
99.0,12/04/2010,16/04/2010
100.0,12/04/2010,16/04/2010
101.0,12/04/2010,16/04/2010
102.0,12/04/2010,16/04/2010
103.0,12/04/2010,16/04/2010
104.0,12/04/2010,16/04/2010
105.0,12/04/2010,16/04/2010
106.0,12/04/2010,16/04/2010
107.0,12/04/2010,16/04/2010
108.0,12/04/2010,16/04/2010
109.0,12/04/2010,16/04/2010
110.0,12/04/2010,16/04/2010
111.0,12/04/2010,16/04/2010
112.0,12/04/2010,16/04/2010
113.0,12/04/2010,16/04/2010
114.0,12/04/2010,16/04/2010
115.0,12/04/2010,16/04/2010
116.0,12/04/2010,16/04/2010
117.0,12/04/2010,16/04/2010
118.0,12/04/2010,16/04/2010
119.0,12/04/2010,16/04/2010
120.0,12/04/2010,16/04/2010
121.0,12/04/2010,16/04/2010
122.0,12/04/2010,16/04/2010
123.0,12/04/2010,16/04/2010
124.0,12/04/2010,16/04/2010
125.0,12/04/2010,16/04/2010
126.0,12/04/2010,16/04/2010
127.0,12/04/2010,16/04/2010
128.0,12/04/2010,16/04/2010
129.0,12/04/2010,16/04/2010
130.0,12/04/2010,16/04/2010
131.0,12/04/2010,16/04/2010
132.0,12/04/2010,16/04/2010
133.0,12/04/2010,16/04/2010
134.0,12/04/2010,16/04/2010
135.0,12/04/2010,16/04/2010
136.0,12/04/2010,16/04/2010
137.0,12/04/2010,16/04/2010
138.0,12/04/2010,16/04/2010
139.0,12/04/2010,16/04/2010
140.0,12/04/2010,16/04/2010
141.0,12/04/2010,16/04/2010
142.0,12/04/2010,16/04/2010
143.0,12/04/2010,16/04/2010
144.0,12/04/2010,16/04/2010
145.0,12/04/2010,16/04/2010
146.0,12/04/2010,16/04/2010
147.0,12/04/2010,16/04/2010
148.0,12/04/2010,16/04/2010
149.0,12/04/2010,16/04/2010
150.0,12/04/2010,16/04/2010
151.0,12/04/2010,16/04/2010
152.0,12/04/2010,16/04/2010
153.0,12/04/2010,16/04/2010
154.0,12/04/2010,16/04/2010
155.0,12/04/2010,16/04/2010
156.0,12/04/2010,16/04/2010
157.0,12/04/2010,16/04/2010
158.0,12/04/2010,16/04/2010
159.0,12/04/2010,16/04/2010
160.0,12/04/2010,16/04/2010
161.0,12/04/2010,16/04/2010
162.0,12/04/2010,16/04/2010
163.0,12/04/2010,16/04/2010
164.0,12/04/2010,16/04/2010
165.0,12/04/2010,16/04/2010
166.0,12/04/2010,16/04/2010
167.0,12/04/2010,16/04/2010
168.0,12/04/2010,16/04/2010
169.0,12/04/2010,16/04/2010
170.0,12/04/2010,16/04/2010
171.0,12/04/2010,16/04/2010
172.0,12/04/2010,16/04/2010
173.0,12/04/2010,16/04/2010
174.0,12/04/2010,16/04/2010
175.0,12/04/2010,16/04/2010
176.0,12/04/2010,16/04/2010
177.0,12/04/2010,16/04/2010
178.0,12/04/2010,16/04/2010
179.0,12/04/2010,16/04/2010
180.0,12/04/2010,16/04/2010
181.0,12/04/2010,16/04/2010
182.0,12/04/2010,16/04/2010
183.0,12/04/2010,16/04/2010
184.0,12/04/2010,16/04/2010
185.0,12/04/2010,16/04/2010
186.0,12/04/2010,16/04/2010
187.0,12/04/2010,16/04/2010
188.0,12/04/2010,16/04/2010
189.0,12/04/2010,16/04/2010
190.0,12/04/2010,16/04/2010
191.0,12/04/2010,16/04/2010
192.0,12/04/2010,16/04/2010
193.0,12/04/2010,16/04/2010
194.0,12/04/2010,16/04/2010
195.0,12/04/2010,16/04/2010
196.0,12/04/2010,16/04/2010
197.0,12/04/2010,16/04/2010
198.0,12/04/2010,16/04/2010
199.0,12/04/2010,16/04/2010
200.0,12/04/2010,16/04/2010
201.0,12/04/2010,16/04/2010
202.0,12/04/2010,16/04/2010
203.0,12/04/2010,16/04/2010
204.0,12/04/2010,16/04/2010
205.0,12/04/2010,16/04/2010
206.0,12/04/2010,16/04/2010
207.0,12/04/2010,16/04/2010
208.0,12/04/2010,16/04/2010
209.0,12/04/2010,16/04/2010
210.0,12/04/2010,16/04/2010
211.0,12/04/2010,16/04/2010
212.0,12/04/2010,16/04/2010
213.0,12/04/2010,16/04/2010
214.0,12/04/2010,16/04/2010
215.0,12/04/2010,16/04/2010
216.0,12/04/2010,16/04/2010
217.0,12/04/2010,16/04/2010
218.0,12/04/2010,16/04/2010
219.0,12/04/2010,16/04/2010
220.0,12/04/2010,16/04/2010
221.0,12/04/2010,16/04/2010
222.0,12/04/2010,16/04/2010
223.0,12/04/2010,16/04/2010
224.0,12/04/2010,16/04/2010
225.0,12/04/2010,16/04/2010
226.0,12/04/2010,16/04/2010
227.0,12/04/2010,16/04/2010
228.0,12/04/2010,16/04/2010
229.0,12/04/2010,16/04/2010
230.0,12/04/2010,16/04/2010
231.0,12/04/2010,16/04/2010
232.0,12/04/2010,16/04/2010
233.0,12/04/2010,16/04/2010
234.0,12/04/2010,16/04/2010
235.0,12/04/2010,16/04/2010
236.0,12/04/2010,16/04/2010
237.0,12/04/2010,16/04/2010
238.0,12/04/2010,16/04/2010
239.0,12/04/2010,16/04/2010
240.0,12/04/2010,16/04/2010
241.0,12/04/2010,16/04/2010
242.0,12/04/2010,16/04/2010
243.0,12/04/2010,16/04/2010
244.0,12/04/2010,16/04/2010
245.0,12/04/2010,16/04/2010
246.0,12/04/2010,16/04/2010
247.0,12/04/2010,16/04/2010
248.0,12/04/2010,16/04/2010
249.0,12/04/2010,16/04/2010
250.0,12/04/2010,16/04/2010
251.0,12/04/2010,16/04/2010
252.0,12/04/2010,16/04/2010
253.0,12/04/2010,16/04/2010
254.0,12/04/2010,16/04/2010
255.0,12/04/2010,16/04/2010
256.0,12/04/2010,16/04/2010
257.0,12/04/2010,16/04/2010
258.0,12/04/2010,16/04/2010
259.0,12/04/2010,16/04/2010
260.0,12/04/2010,16/04/2010
261.0,12/04/2010,16/04/2010
262.0,12/04/2010,16/04/2010
263.0,12/04/2010,16/04/2010
264.0,12/04/2010,16/04/2010
265.0,12/04/2010,16/04/2010
266.0,12/04/2010,16/04/2010
267.0,12/04/2010,16/04/2010
268.0,12/04/2010,16/04/2010
269.0,12/04/2010,16/04/2010
270.0,12/04/2010,16/04/2010
271.0,12/04/2010,16/04/2010
272.0,12/04/2010,16/04/2010
273.0,12/04/2010,16/04/2010
274.0,12/04/2010,16/04/2010
275.0,12/04/2010,16/04/2010
276.0,12/04/2010,16/04/2010
277.0,12/04/2010,16/04/2010
278.0,12/04/2010,16/04/2010
279.0,12/04/2010,16/04/2010
280.0,12/04/2010,16/04/2010
281.0,12/04/2010,16/04/2010
282.0,12/04/2010,16/04/2010
283.0,12/04/2010,16/04/2010
284.0,12/04/2010,16/04/2010
285.0,12/04/2010,16/04/2010
286.0,12/04/2010,16/04/2010
287.0,12/04/2010,16/04/2010
288.0,12/04/2010,16/04/2010
289.0,12/04/2010,16/04/2010
290.0,12/04/2010,16/04/2010
291.0,12/04/2010,16/04/2010
292.0,12/04/2010,16/04/2010
293.0,12/04/2010,16/04/2010
294.0,12/04/2010,16/04/2010
295.0,12/04/2010,16/04/2010
296.0,12/04/2010,16/04/2010
297.0,12/04/2010,16/04/2010
298.0,12/04/2010,16/04/2010
299.0,12/04/2010,16/04/2010
300.0,12/04/2010,16/04/2010
301.0,12/04/2010,16/04/2010
302.0,12/04/2010,16/04/2010
303.0,12/04/2010,16/04/2010
304.0,12/04/2010,16/04/2010
305.0,12/04/2010,16/04/2010
306.0,12/04/2010,16/04/2010
307.0,12/04/2010,16/04/2010
308.0,12/04/2010,16/04/2010
309.0,12/04/2010,16/04/2010
310.0,12/04/2010,16/04/2010
311.0,12/04/2010,16/04/2010
312.0,12/04/2010,16/04/2010
313.0,12/04/2010,16/04/2010
314.0,12/04/2010,16/04/2010
315.0,12/04/2010,16/04/2010
316.0,12/04/2010,16/04/2010
317.0,12/04/2010,16/04/2010
318.0,12/04/2010,16/04/2010
319.0,12/04/2010,16/04/2010
320.0,12/04/2010,16/04/2010
321.0,12/04/2010,16/04/2010
322.0,12/04/2010,16/04/2010
323.0,12/04/2010,16/04/2010
324.0,12/04/2010,16/04/2010
325.0,12/04/2010,16/04/2010
326.0,12/04/2010,16/04/2010
327.0,12/04/2010,16/04/2010
328.0,12/04/2010,16/04/2010
329.0,12/04/2010,16/04/2010
330.0,12/04/2010,16/04/2010
331.0,12/04/2010,16/04/2010
332.0,12/04/2010,16/04/2010
333.0,12/04/2010,16/04/2010
334.0,12/04/2010,16/04/2010
335.0,12/04/2010,16/04/2010
336.0,12/04/2010,16/04/2010
337.0,12/04/2010,16/04/2010
338.0,12/04/2010,16/04/2010
339.0,12/04/2010,16/04/2010
340.0,12/04/2010,16/04/2010
341.0,12/04/2010,16/04/2010
342.0,12/04/2010,16/04/2010
343.0,12/04/2010,16/04/2010
344.0,12/04/2010,16/04/2010
345.0,12/04/2010,16/04/2010
346.0,12/04/2010,16/04/2010
347.0,12/04/2010,16/04/2010
348.0,12/04/2010,16/04/2010
349.0,12/04/2010,16/04/2010
350.0,12/04/2010,16/04/2010
351.0,12/04/2010,16/04/2010
352.0,12/04/2010,16/04/2010
353.0,12/04/2010,16/04/2010
354.0,12/04/2010,16/04/2010
355.0,12/04/2010,16/04/2010
356.0,12/04/2010,16/04/2010
357.0,12/04/2010,16/04/2010
358.0,12/04/2010,16/04/2010
359.0,12/04/2010,16/04/2010
360.0,12/04/2010,16/04/2010
361.0,12/04/2010,16/04/2010
362.0,12/04/2010,16/04/2010
363.0,12/04/2010,16/04/2010
364.0,12/04/2010,16/04/2010
365.0,12/04/2010,16/04/2010
366.0,12/04/2010,16/04/2010
367.0,12/04/2010,16/04/2010
368.0,12/04/2010,16/04/2010
369.0,12/04/2010,16/04/2010
370.0,12/04/2010,16/04/2010
371.0,12/04/2010,16/04/2010
372.0,12/04/2010,16/04/2010
373.0,12/04/2010,16/04/2010
374.0,12/04/2010,16/04/2010
375.0,12/04/2010,16/04/2010
376.0,12/04/2010,16/04/2010
377.0,12/04/2010,16/04/2010
378.0,12/04/2010,16/04/2010
379.0,12/04/2010,16/04/2010
380.0,12/04/2010,16/04/2010
381.0,12/04/2010,16/04/2010
382.0,12/04/2010,16/04/2010
383.0,12/04/2010,16/04/2010
384.0,12/04/2010,16/04/2010
385.0,12/04/2010,16/04/2010
386.0,12/04/2010,16/04/2010
387.0,12/04/2010,16/04/2010
388.0,12/04/2010,16/04/2010
389.0,12/04/2010,16/04/2010
390.0,12/04/2010,16/04/2010
391.0,12/04/2010,16/04/2010
392.0,12/04/2010,16/04/2010
393.0,12/04/2010,16/04/2010
394.0,12/04/2010,16/04/2010
395.0,12/04/2010,16/04/2010
396.0,12/04/2010,16/04/2010
397.0,12/04/2010,16/04/2010
398.0,12/04/2010,16/04/2010
399.0,12/04/2010,16/04/2010
400.0,12/04/2010,16/04/2010
401.0,12/04/2010,16/04/2010
402.0,12/04/2010,16/04/2010
403.0,12/04/2010,16/04/2010
404.0,12/04/2010,16/04/2010
405.0,12/04/2010,16/04/2010
406.0,12/04/2010,16/04/2010
407.0,12/04/2010,16/04/2010
408.0,12/04/2010,16/04/2010
409.0,12/04/2010,16/04/2010
410.0,12/04/2010,16/04/2010
411.0,12/04/2010,16/04/2010
412.0,12/04/2010,16/04/2010
413.0,12/04/2010,16/04/2010
414.0,12/04/2010,16/04/2010
415.0,12/04/2010,16/04/2010
416.0,12/04/2010,16/04/2010
417.0,12/04/2010,16/04/2010
418.0,12/04/2010,16/04/2010
419.0,12/04/2010,16/04/2010
420.0,12/04/2010,16/04/2010
421.0,12/04/2010,16/04/2010
422.0,12/04/2010,16/04/2010
423.0,12/04/2010,16/04/2010
424.0,12/04/2010,16/04/2010
425.0,12/04/2010,16/04/2010
426.0,12/04/2010,16/04/2010
427.0,12/04/2010,16/04/2010
428.0,12/04/2010,16/04/2010
429.0,12/04/2010,16/04/2010
430.0,12/04/2010,16/04/2010
431.0,12/04/2010,16/04/2010
432.0,12/04/2010,16/04/2010
433.0,12/04/2010,16/04/2010
434.0,12/04/2010,16/04/2010
435.0,12/04/2010,16/04/2010
436.0,12/04/2010,16/04/2010
437.0,12/04/2010,16/04/2010
438.0,12/04/2010,16/04/2010
439.0,12/04/2010,16/04/2010
440.0,12/04/2010,16/04/2010
441.0,12/04/2010,16/04/2010
442.0,12/04/2010,16/04/2010
443.0,12/04/2010,16/04/2010
444.0,12/04/2010,16/04/2010
445.0,12/04/2010,16/04/2010
446.0,12/04/2010,16/04/2010
447.0,12/04/2010,16/04/2010
448.0,12/04/2010,16/04/2010
449.0,12/04/2010,16/04/2010
450.0,12/04/2010,16/04/2010
451.0,12/04/2010,16/04/2010
452.0,12/04/2010,16/04/2010
453.0,12/04/2010,16/04/2010
454.0,12/04/2010,16/04/2010
455.0,12/04/2010,16/04/2010
456.0,12/04/2010,16/04/2010
457.0,12/04/2010,16/04/2010
458.0,12/04/2010,16/04/2010
459.0,12/04/2010,16/04/2010
460.0,12/04/2010,16/04/2010
461.0,12/04/2010,16/04/2010
462.0,12/04/2010,16/04/2010
463.0,12/04/2010,16/04/2010
464.0,12/04/2010,16/04/2010
465.0,12/04/2010,16/04/2010
466.0,12/04/2010,16/04/2010
467.0,12/04/2010,16/04/2010
468.0,12/04/2010,16/04/2010
469.0,12/04/2010,16/04/2010
470.0,12/04/2010,16/04/2010
471.0,12/04/2010,16/04/2010
472.0,12/04/2010,16/04/2010
473.0,12/04/2010,16/04/2010
474.0,12/04/2010,16/04/2010
475.0,12/04/2010,16/04/2010
476.0,12/04/2010,16/04/2010
477.0,12/04/2010,16/04/2010
478.0,12/04/2010,16/04/2010
479.0,12/04/2010,16/04/2010
480.0,12/04/2010,16/04/2010
481.0,12/04/2010,16/04/2010
482.0,12/04/2010,16/04/2010
483.0,12/04/2010,16/04/2010
484.0,12/04/2010,16/04/2010
485.0,12/04/2010,16/04/2010
486.0,12/04/2010,16/04/2010
487.0,12/04/2010,16/04/2010
488.0,12/04/2010,16/04/2010
489.0,12/04/2010,16/04/2010
490.0,12/04/2010,16/04/2010
491.0,12/04/2010,16/04/2010
492.0,12/04/2010,16/04/2010
493.0,12/04/2010,16/04/2010
494.0,12/04/2010,16/04/2010
495.0,12/04/2010,16/04/2010
496.0,12/04/2010,16/04/2010
497.0,12/04/2010,16/04/2010
498.0,12/04/2010,16/04/2010
499.0,12/04/2010,16/04/2010
500.0,12/04/2010,16/04/2010
501.0,12/04/2010,16/04/2010
502.0,12/04/2010,16/04/2010
503.0,12/04/2010,16/04/2010
504.0,12/04/2010,16/04/2010
505.0,12/04/2010,16/04/2010
506.0,12/04/2010,16/04/2010
507.0,12/04/2010,16/04/2010
508.0,12/04/2010,16/04/2010
509.0,12/04/2010,16/04/2010
510.0,12/04/2010,16/04/2010
511.0,12/04/2010,16/04/2010
512.0,12/04/2010,16/04/2010
513.0,12/04/2010,16/04/2010
514.0,12/04/2010,16/04/2010
515.0,12/04/2010,16/04/2010
516.0,12/04/2010,16/04/2010
517.0,12/04/2010,16/04/2010
518.0,12/04/2010,16/04/2010
519.0,12/04/2010,16/04/2010
520.0,12/04/2010,16/04/2010
521.0,12/04/2010,16/04/2010
522.0,12/04/2010,16/04/2010
523.0,12/04/2010,16/04/2010
524.0,12/04/2010,16/04/2010
525.0,12/04/2010,16/04/2010
526.0,12/04/2010,16/04/2010
527.0,12/04/2010,16/04/2010
528.0,12/04/2010,16/04/2010
