_ID,image1,image2,image3,image4,image5,image6,image7,image8,image9,image10,image11,image12,image13,image14,image15,image16,image17,image18,image19,image20,image21,image22,image23,image24,image25,image26,image27,image28,image29,image30,image31,image32,image33,image34,image35,image36,image37,image38,image39,image40,image41,image42,image43
4,21/05/2025,22/05/2025,23/05/2025,24/05/2025,25/05/2025,27/05/2025,28/05/2025,29/05/2025,30/05/2025,01/06/2025,02/06/2025,04/06/2025,05/06/2025,07/06/2025,08/06/2025,09/06/2025,10/06/2025,11/06/2025,12/06/2025,14/06/2025,15/06/2025,16/06/2025,17/06/2025,18/06/2025,19/06/2025,20/06/2025,21/06/2025,22/06/2025,23/06/2025,24/06/2025,25/06/2025,29/06/2025,30/06/2025,03/07/2025,04/07/2025,05/07/2025,06/07/2025,08/07/2025,09/07/2025,10/07/2025,12/07/2025,14/07/2025,15/07/2025
5,21/05/2025,22/05/2025,23/05/2025,24/05/2025,25/05/2025,27/05/2025,28/05/2025,29/05/2025,30/05/2025,01/06/2025,02/06/2025,04/06/2025,05/06/2025,07/06/2025,08/06/2025,09/06/2025,10/06/2025,11/06/2025,12/06/2025,14/06/2025,15/06/2025,16/06/2025,17/06/2025,18/06/2025,19/06/2025,20/06/2025,21/06/2025,22/06/2025,23/06/2025,24/06/2025,25/06/2025,29/06/2025,30/06/2025,03/07/2025,04/07/2025,05/07/2025,06/07/2025,08/07/2025,09/07/2025,10/07/2025,12/07/2025,14/07/2025,15/07/2025
6,21/05/2025,22/05/2025,23/05/2025,24/05/2025,25/05/2025,27/05/2025,28/05/2025,29/05/2025,30/05/2025,01/06/2025,02/06/2025,04/06/2025,05/06/2025,07/06/2025,08/06/2025,09/06/2025,10/06/2025,11/06/2025,12/06/2025,14/06/2025,15/06/2025,16/06/2025,17/06/2025,18/06/2025,19/06/2025,20/06/2025,21/06/2025,22/06/2025,23/06/2025,24/06/2025,25/06/2025,29/06/2025,30/06/2025,03/07/2025,04/07/2025,05/07/2025,06/07/2025,08/07/2025,09/07/2025,10/07/2025,12/07/2025,14/07/2025,15/07/2025
7,21/05/2025,22/05/2025,23/05/2025,24/05/2025,25/05/2025,27/05/2025,28/05/2025,29/05/2025,30/05/2025,01/06/2025,02/06/2025,04/06/2025,05/06/2025,07/06/2025,08/06/2025,09/06/2025,10/06/2025,11/06/2025,12/06/2025,14/06/2025,15/06/2025,16/06/2025,17/06/2025,18/06/2025,19/06/2025,20/06/2025,21/06/2025,22/06/2025,23/06/2025,24/06/2025,25/06/2025,29/06/2025,30/06/2025,03/07/2025,04/07/2025,05/07/2025,06/07/2025,08/07/2025,09/07/2025,10/07/2025,12/07/2025,14/07/2025,15/07/2025
8,21/05/2025,22/05/2025,23/05/2025,24/05/2025,25/05/2025,27/05/2025,28/05/2025,29/05/2025,30/05/2025,01/06/2025,02/06/2025,04/06/2025,05/06/2025,07/06/2025,08/06/2025,09/06/2025,10/06/2025,11/06/2025,12/06/2025,14/06/2025,15/06/2025,16/06/2025,17/06/2025,18/06/2025,19/06/2025,20/06/2025,21/06/2025,22/06/2025,23/06/2025,24/06/2025,25/06/2025,29/06/2025,30/06/2025,03/07/2025,04/07/2025,05/07/2025,06/07/2025,08/07/2025,09/07/2025,10/07/2025,12/07/2025,14/07/2025,15/07/2025
9,21/05/2025,22/05/2025,23/05/2025,24/05/2025,25/05/2025,27/05/2025,28/05/2025,29/05/2025,30/05/2025,01/06/2025,02/06/2025,04/06/2025,05/06/2025,07/06/2025,08/06/2025,09/06/2025,10/06/2025,11/06/2025,12/06/2025,14/06/2025,15/06/2025,16/06/2025,17/06/2025,18/06/2025,19/06/2025,20/06/2025,21/06/2025,22/06/2025,23/06/2025,24/06/2025,25/06/2025,29/06/2025,30/06/2025,03/07/2025,04/07/2025,05/07/2025,06/07/2025,08/07/2025,09/07/2025,10/07/2025,12/07/2025,14/07/2025,15/07/2025
10,21/05/2025,22/05/2025,23/05/2025,24/05/2025,25/05/2025,27/05/2025,28/05/2025,29/05/2025,30/05/2025,01/06/2025,02/06/2025,04/06/2025,05/06/2025,07/06/2025,08/06/2025,09/06/2025,10/06/2025,11/06/2025,12/06/2025,14/06/2025,15/06/2025,16/06/2025,17/06/2025,18/06/2025,19/06/2025,20/06/2025,21/06/2025,22/06/2025,23/06/2025,24/06/2025,25/06/2025,29/06/2025,30/06/2025,03/07/2025,04/07/2025,05/07/2025,06/07/2025,08/07/2025,09/07/2025,10/07/2025,12/07/2025,14/07/2025,15/07/2025
11,21/05/2025,22/05/2025,23/05/2025,24/05/2025,25/05/2025,27/05/2025,28/05/2025,29/05/2025,30/05/2025,01/06/2025,02/06/2025,04/06/2025,05/06/2025,07/06/2025,08/06/2025,09/06/2025,10/06/2025,11/06/2025,12/06/2025,14/06/2025,15/06/2025,16/06/2025,17/06/2025,18/06/2025,19/06/2025,20/06/2025,21/06/2025,22/06/2025,23/06/2025,24/06/2025,25/06/2025,29/06/2025,30/06/2025,03/07/2025,04/07/2025,05/07/2025,06/07/2025,08/07/2025,09/07/2025,10/07/2025,12/07/2025,14/07/2025,15/07/2025
12,21/05/2025,22/05/2025,23/05/2025,24/05/2025,25/05/2025,27/05/2025,28/05/2025,29/05/2025,30/05/2025,01/06/2025,02/06/2025,04/06/2025,05/06/2025,07/06/2025,08/06/2025,09/06/2025,10/06/2025,11/06/2025,12/06/2025,14/06/2025,15/06/2025,16/06/2025,17/06/2025,18/06/2025,19/06/2025,20/06/2025,21/06/2025,22/06/2025,23/06/2025,24/06/2025,25/06/2025,29/06/2025,30/06/2025,03/07/2025,04/07/2025,05/07/2025,06/07/2025,08/07/2025,09/07/2025,10/07/2025,12/07/2025,14/07/2025,15/07/2025
13,21/05/2025,22/05/2025,23/05/2025,24/05/2025,25/05/2025,27/05/2025,28/05/2025,29/05/2025,30/05/2025,01/06/2025,02/06/2025,04/06/2025,05/06/2025,07/06/2025,08/06/2025,09/06/2025,10/06/2025,11/06/2025,12/06/2025,14/06/2025,15/06/2025,16/06/2025,17/06/2025,18/06/2025,19/06/2025,20/06/2025,21/06/2025,22/06/2025,23/06/2025,24/06/2025,25/06/2025,29/06/2025,30/06/2025,03/07/2025,04/07/2025,05/07/2025,06/07/2025,08/07/2025,09/07/2025,10/07/2025,12/07/2025,14/07/2025,15/07/2025
14,21/05/2025,22/05/2025,23/05/2025,24/05/2025,25/05/2025,27/05/2025,28/05/2025,29/05/2025,30/05/2025,01/06/2025,02/06/2025,04/06/2025,05/06/2025,07/06/2025,08/06/2025,09/06/2025,10/06/2025,11/06/2025,12/06/2025,14/06/2025,15/06/2025,16/06/2025,17/06/2025,18/06/2025,19/06/2025,20/06/2025,21/06/2025,22/06/2025,23/06/2025,24/06/2025,25/06/2025,29/06/2025,30/06/2025,03/07/2025,04/07/2025,05/07/2025,06/07/2025,08/07/2025,09/07/2025,10/07/2025,12/07/2025,14/07/2025,15/07/2025
15,21/05/2025,22/05/2025,23/05/2025,24/05/2025,25/05/2025,27/05/2025,28/05/2025,29/05/2025,30/05/2025,01/06/2025,02/06/2025,04/06/2025,05/06/2025,07/06/2025,08/06/2025,09/06/2025,10/06/2025,11/06/2025,12/06/2025,14/06/2025,15/06/2025,16/06/2025,17/06/2025,18/06/2025,19/06/2025,20/06/2025,21/06/2025,22/06/2025,23/06/2025,24/06/2025,25/06/2025,29/06/2025,30/06/2025,03/07/2025,04/07/2025,05/07/2025,06/07/2025,08/07/2025,09/07/2025,10/07/2025,12/07/2025,14/07/2025,15/07/2025
16,21/05/2025,22/05/2025,23/05/2025,24/05/2025,25/05/2025,27/05/2025,28/05/2025,29/05/2025,30/05/2025,01/06/2025,02/06/2025,04/06/2025,05/06/2025,07/06/2025,08/06/2025,09/06/2025,10/06/2025,11/06/2025,12/06/2025,14/06/2025,15/06/2025,16/06/2025,17/06/2025,18/06/2025,19/06/2025,20/06/2025,21/06/2025,22/06/2025,23/06/2025,24/06/2025,25/06/2025,29/06/2025,30/06/2025,03/07/2025,04/07/2025,05/07/2025,06/07/2025,08/07/2025,09/07/2025,10/07/2025,12/07/2025,14/07/2025,15/07/2025
17,21/05/2025,22/05/2025,23/05/2025,24/05/2025,25/05/2025,27/05/2025,28/05/2025,29/05/2025,30/05/2025,01/06/2025,02/06/2025,04/06/2025,05/06/2025,07/06/2025,08/06/2025,09/06/2025,10/06/2025,11/06/2025,12/06/2025,14/06/2025,15/06/2025,16/06/2025,17/06/2025,18/06/2025,19/06/2025,20/06/2025,21/06/2025,22/06/2025,23/06/2025,24/06/2025,25/06/2025,29/06/2025,30/06/2025,03/07/2025,04/07/2025,05/07/2025,06/07/2025,08/07/2025,09/07/2025,10/07/2025,12/07/2025,14/07/2025,15/07/2025
18,21/05/2025,22/05/2025,23/05/2025,24/05/2025,25/05/2025,27/05/2025,28/05/2025,29/05/2025,30/05/2025,01/06/2025,02/06/2025,04/06/2025,05/06/2025,07/06/2025,08/06/2025,09/06/2025,10/06/2025,11/06/2025,12/06/2025,14/06/2025,15/06/2025,16/06/2025,17/06/2025,18/06/2025,19/06/2025,20/06/2025,21/06/2025,22/06/2025,23/06/2025,24/06/2025,25/06/2025,29/06/2025,30/06/2025,03/07/2025,04/07/2025,05/07/2025,06/07/2025,08/07/2025,09/07/2025,10/07/2025,12/07/2025,14/07/2025,15/07/2025
19,21/05/2025,22/05/2025,23/05/2025,24/05/2025,25/05/2025,27/05/2025,28/05/2025,29/05/2025,30/05/2025,01/06/2025,02/06/2025,04/06/2025,05/06/2025,07/06/2025,08/06/2025,09/06/2025,10/06/2025,11/06/2025,12/06/2025,14/06/2025,15/06/2025,16/06/2025,17/06/2025,18/06/2025,19/06/2025,20/06/2025,21/06/2025,22/06/2025,23/06/2025,24/06/2025,25/06/2025,29/06/2025,30/06/2025,03/07/2025,04/07/2025,05/07/2025,06/07/2025,08/07/2025,09/07/2025,10/07/2025,12/07/2025,14/07/2025,15/07/2025
20,21/05/2025,22/05/2025,23/05/2025,24/05/2025,25/05/2025,27/05/2025,28/05/2025,29/05/2025,30/05/2025,01/06/2025,02/06/2025,04/06/2025,05/06/2025,07/06/2025,08/06/2025,09/06/2025,10/06/2025,11/06/2025,12/06/2025,14/06/2025,15/06/2025,16/06/2025,17/06/2025,18/06/2025,19/06/2025,20/06/2025,21/06/2025,22/06/2025,23/06/2025,24/06/2025,25/06/2025,29/06/2025,30/06/2025,03/07/2025,04/07/2025,05/07/2025,06/07/2025,08/07/2025,09/07/2025,10/07/2025,12/07/2025,14/07/2025,15/07/2025
21,21/05/2025,22/05/2025,23/05/2025,24/05/2025,25/05/2025,27/05/2025,28/05/2025,29/05/2025,30/05/2025,01/06/2025,02/06/2025,04/06/2025,05/06/2025,07/06/2025,08/06/2025,09/06/2025,10/06/2025,11/06/2025,12/06/2025,14/06/2025,15/06/2025,16/06/2025,17/06/2025,18/06/2025,19/06/2025,20/06/2025,21/06/2025,22/06/2025,23/06/2025,24/06/2025,25/06/2025,29/06/2025,30/06/2025,03/07/2025,04/07/2025,05/07/2025,06/07/2025,08/07/2025,09/07/2025,10/07/2025,12/07/2025,14/07/2025,15/07/2025
22,21/05/2025,22/05/2025,23/05/2025,24/05/2025,25/05/2025,27/05/2025,28/05/2025,29/05/2025,30/05/2025,01/06/2025,02/06/2025,04/06/2025,05/06/2025,07/06/2025,08/06/2025,09/06/2025,10/06/2025,11/06/2025,12/06/2025,14/06/2025,15/06/2025,16/06/2025,17/06/2025,18/06/2025,19/06/2025,20/06/2025,21/06/2025,22/06/2025,23/06/2025,24/06/2025,25/06/2025,29/06/2025,30/06/2025,03/07/2025,04/07/2025,05/07/2025,06/07/2025,08/07/2025,09/07/2025,10/07/2025,12/07/2025,14/07/2025,15/07/2025
23,21/05/2025,22/05/2025,23/05/2025,24/05/2025,25/05/2025,27/05/2025,28/05/2025,29/05/2025,30/05/2025,01/06/2025,02/06/2025,04/06/2025,05/06/2025,07/06/2025,08/06/2025,09/06/2025,10/06/2025,11/06/2025,12/06/2025,14/06/2025,15/06/2025,16/06/2025,17/06/2025,18/06/2025,19/06/2025,20/06/2025,21/06/2025,22/06/2025,23/06/2025,24/06/2025,25/06/2025,29/06/2025,30/06/2025,03/07/2025,04/07/2025,05/07/2025,06/07/2025,08/07/2025,09/07/2025,10/07/2025,12/07/2025,14/07/2025,15/07/2025
24,21/05/2025,22/05/2025,23/05/2025,24/05/2025,25/05/2025,27/05/2025,28/05/2025,29/05/2025,30/05/2025,01/06/2025,02/06/2025,04/06/2025,05/06/2025,07/06/2025,08/06/2025,09/06/2025,10/06/2025,11/06/2025,12/06/2025,14/06/2025,15/06/2025,16/06/2025,17/06/2025,18/06/2025,19/06/2025,20/06/2025,21/06/2025,22/06/2025,23/06/2025,24/06/2025,25/06/2025,29/06/2025,30/06/2025,03/07/2025,04/07/2025,05/07/2025,06/07/2025,08/07/2025,09/07/2025,10/07/2025,12/07/2025,14/07/2025,15/07/2025
25,21/05/2025,22/05/2025,23/05/2025,24/05/2025,25/05/2025,27/05/2025,28/05/2025,29/05/2025,30/05/2025,01/06/2025,02/06/2025,04/06/2025,05/06/2025,07/06/2025,08/06/2025,09/06/2025,10/06/2025,11/06/2025,12/06/2025,14/06/2025,15/06/2025,16/06/2025,17/06/2025,18/06/2025,19/06/2025,20/06/2025,21/06/2025,22/06/2025,23/06/2025,24/06/2025,25/06/2025,29/06/2025,30/06/2025,03/07/2025,04/07/2025,05/07/2025,06/07/2025,08/07/2025,09/07/2025,10/07/2025,12/07/2025,14/07/2025,15/07/2025
26,21/05/2025,22/05/2025,23/05/2025,24/05/2025,25/05/2025,27/05/2025,28/05/2025,29/05/2025,30/05/2025,01/06/2025,02/06/2025,04/06/2025,05/06/2025,07/06/2025,08/06/2025,09/06/2025,10/06/2025,11/06/2025,12/06/2025,14/06/2025,15/06/2025,16/06/2025,17/06/2025,18/06/2025,19/06/2025,20/06/2025,21/06/2025,22/06/2025,23/06/2025,24/06/2025,25/06/2025,29/06/2025,30/06/2025,03/07/2025,04/07/2025,05/07/2025,06/07/2025,08/07/2025,09/07/2025,10/07/2025,12/07/2025,14/07/2025,15/07/2025
27,21/05/2025,22/05/2025,23/05/2025,24/05/2025,25/05/2025,27/05/2025,28/05/2025,29/05/2025,30/05/2025,01/06/2025,02/06/2025,04/06/2025,05/06/2025,07/06/2025,08/06/2025,09/06/2025,10/06/2025,11/06/2025,12/06/2025,14/06/2025,15/06/2025,16/06/2025,17/06/2025,18/06/2025,19/06/2025,20/06/2025,21/06/2025,22/06/2025,23/06/2025,24/06/2025,25/06/2025,29/06/2025,30/06/2025,03/07/2025,04/07/2025,05/07/2025,06/07/2025,08/07/2025,09/07/2025,10/07/2025,12/07/2025,14/07/2025,15/07/2025
28,21/05/2025,22/05/2025,23/05/2025,24/05/2025,25/05/2025,27/05/2025,28/05/2025,29/05/2025,30/05/2025,01/06/2025,02/06/2025,04/06/2025,05/06/2025,07/06/2025,08/06/2025,09/06/2025,10/06/2025,11/06/2025,12/06/2025,14/06/2025,15/06/2025,16/06/2025,17/06/2025,18/06/2025,19/06/2025,20/06/2025,21/06/2025,22/06/2025,23/06/2025,24/06/2025,25/06/2025,29/06/2025,30/06/2025,03/07/2025,04/07/2025,05/07/2025,06/07/2025,08/07/2025,09/07/2025,10/07/2025,12/07/2025,14/07/2025,15/07/2025
29,21/05/2025,22/05/2025,23/05/2025,24/05/2025,25/05/2025,27/05/2025,28/05/2025,29/05/2025,30/05/2025,01/06/2025,02/06/2025,04/06/2025,05/06/2025,07/06/2025,08/06/2025,09/06/2025,10/06/2025,11/06/2025,12/06/2025,14/06/2025,15/06/2025,16/06/2025,17/06/2025,18/06/2025,19/06/2025,20/06/2025,21/06/2025,22/06/2025,23/06/2025,24/06/2025,25/06/2025,29/06/2025,30/06/2025,03/07/2025,04/07/2025,05/07/2025,06/07/2025,08/07/2025,09/07/2025,10/07/2025,12/07/2025,14/07/2025,15/07/2025
30,21/05/2025,22/05/2025,23/05/2025,24/05/2025,25/05/2025,27/05/2025,28/05/2025,29/05/2025,30/05/2025,01/06/2025,02/06/2025,04/06/2025,05/06/2025,07/06/2025,08/06/2025,09/06/2025,10/06/2025,11/06/2025,12/06/2025,14/06/2025,15/06/2025,16/06/2025,17/06/2025,18/06/2025,19/06/2025,20/06/2025,21/06/2025,22/06/2025,23/06/2025,24/06/2025,25/06/2025,29/06/2025,30/06/2025,03/07/2025,04/07/2025,05/07/2025,06/07/2025,08/07/2025,09/07/2025,10/07/2025,12/07/2025,14/07/2025,15/07/2025
31,21/05/2025,22/05/2025,23/05/2025,24/05/2025,25/05/2025,27/05/2025,28/05/2025,29/05/2025,30/05/2025,01/06/2025,02/06/2025,04/06/2025,05/06/2025,07/06/2025,08/06/2025,09/06/2025,10/06/2025,11/06/2025,12/06/2025,14/06/2025,15/06/2025,16/06/2025,17/06/2025,18/06/2025,19/06/2025,20/06/2025,21/06/2025,22/06/2025,23/06/2025,24/06/2025,25/06/2025,29/06/2025,30/06/2025,03/07/2025,04/07/2025,05/07/2025,06/07/2025,08/07/2025,09/07/2025,10/07/2025,12/07/2025,14/07/2025,15/07/2025
32,21/05/2025,22/05/2025,23/05/2025,24/05/2025,25/05/2025,27/05/2025,28/05/2025,29/05/2025,30/05/2025,01/06/2025,02/06/2025,04/06/2025,05/06/2025,07/06/2025,08/06/2025,09/06/2025,10/06/2025,11/06/2025,12/06/2025,14/06/2025,15/06/2025,16/06/2025,17/06/2025,18/06/2025,19/06/2025,20/06/2025,21/06/2025,22/06/2025,23/06/2025,24/06/2025,25/06/2025,29/06/2025,30/06/2025,03/07/2025,04/07/2025,05/07/2025,06/07/2025,08/07/2025,09/07/2025,10/07/2025,12/07/2025,14/07/2025,15/07/2025
33,21/05/2025,22/05/2025,23/05/2025,24/05/2025,25/05/2025,27/05/2025,28/05/2025,29/05/2025,30/05/2025,01/06/2025,02/06/2025,04/06/2025,05/06/2025,07/06/2025,08/06/2025,09/06/2025,10/06/2025,11/06/2025,12/06/2025,14/06/2025,15/06/2025,16/06/2025,17/06/2025,18/06/2025,19/06/2025,20/06/2025,21/06/2025,22/06/2025,23/06/2025,24/06/2025,25/06/2025,29/06/2025,30/06/2025,03/07/2025,04/07/2025,05/07/2025,06/07/2025,08/07/2025,09/07/2025,10/07/2025,12/07/2025,14/07/2025,15/07/2025
34,21/05/2025,22/05/2025,23/05/2025,24/05/2025,25/05/2025,27/05/2025,28/05/2025,29/05/2025,30/05/2025,01/06/2025,02/06/2025,04/06/2025,05/06/2025,07/06/2025,08/06/2025,09/06/2025,10/06/2025,11/06/2025,12/06/2025,14/06/2025,15/06/2025,16/06/2025,17/06/2025,18/06/2025,19/06/2025,20/06/2025,21/06/2025,22/06/2025,23/06/2025,24/06/2025,25/06/2025,29/06/2025,30/06/2025,03/07/2025,04/07/2025,05/07/2025,06/07/2025,08/07/2025,09/07/2025,10/07/2025,12/07/2025,14/07/2025,15/07/2025
35,21/05/2025,22/05/2025,23/05/2025,24/05/2025,25/05/2025,27/05/2025,28/05/2025,29/05/2025,30/05/2025,01/06/2025,02/06/2025,04/06/2025,05/06/2025,07/06/2025,08/06/2025,09/06/2025,10/06/2025,11/06/2025,12/06/2025,14/06/2025,15/06/2025,16/06/2025,17/06/2025,18/06/2025,19/06/2025,20/06/2025,21/06/2025,22/06/2025,23/06/2025,24/06/2025,25/06/2025,29/06/2025,30/06/2025,03/07/2025,04/07/2025,05/07/2025,06/07/2025,08/07/2025,09/07/2025,10/07/2025,12/07/2025,14/07/2025,15/07/2025
36,21/05/2025,22/05/2025,23/05/2025,24/05/2025,25/05/2025,27/05/2025,28/05/2025,29/05/2025,30/05/2025,01/06/2025,02/06/2025,04/06/2025,05/06/2025,07/06/2025,08/06/2025,09/06/2025,10/06/2025,11/06/2025,12/06/2025,14/06/2025,15/06/2025,16/06/2025,17/06/2025,18/06/2025,19/06/2025,20/06/2025,21/06/2025,22/06/2025,23/06/2025,24/06/2025,25/06/2025,29/06/2025,30/06/2025,03/07/2025,04/07/2025,05/07/2025,06/07/2025,08/07/2025,09/07/2025,10/07/2025,12/07/2025,14/07/2025,15/07/2025
37,21/05/2025,22/05/2025,23/05/2025,24/05/2025,25/05/2025,27/05/2025,28/05/2025,29/05/2025,30/05/2025,01/06/2025,02/06/2025,04/06/2025,05/06/2025,07/06/2025,08/06/2025,09/06/2025,10/06/2025,11/06/2025,12/06/2025,14/06/2025,15/06/2025,16/06/2025,17/06/2025,18/06/2025,19/06/2025,20/06/2025,21/06/2025,22/06/2025,23/06/2025,24/06/2025,25/06/2025,29/06/2025,30/06/2025,03/07/2025,04/07/2025,05/07/2025,06/07/2025,08/07/2025,09/07/2025,10/07/2025,12/07/2025,14/07/2025,15/07/2025
38,21/05/2025,22/05/2025,23/05/2025,24/05/2025,25/05/2025,27/05/2025,28/05/2025,29/05/2025,30/05/2025,01/06/2025,02/06/2025,04/06/2025,05/06/2025,07/06/2025,08/06/2025,09/06/2025,10/06/2025,11/06/2025,12/06/2025,14/06/2025,15/06/2025,16/06/2025,17/06/2025,18/06/2025,19/06/2025,20/06/2025,21/06/2025,22/06/2025,23/06/2025,24/06/2025,25/06/2025,29/06/2025,30/06/2025,03/07/2025,04/07/2025,05/07/2025,06/07/2025,08/07/2025,09/07/2025,10/07/2025,12/07/2025,14/07/2025,15/07/2025
39,21/05/2025,22/05/2025,23/05/2025,24/05/2025,25/05/2025,27/05/2025,28/05/2025,29/05/2025,30/05/2025,01/06/2025,02/06/2025,04/06/2025,05/06/2025,07/06/2025,08/06/2025,09/06/2025,10/06/2025,11/06/2025,12/06/2025,14/06/2025,15/06/2025,16/06/2025,17/06/2025,18/06/2025,19/06/2025,20/06/2025,21/06/2025,22/06/2025,23/06/2025,24/06/2025,25/06/2025,29/06/2025,30/06/2025,03/07/2025,04/07/2025,05/07/2025,06/07/2025,08/07/2025,09/07/2025,10/07/2025,12/07/2025,14/07/2025,15/07/2025
40,21/05/2025,22/05/2025,23/05/2025,24/05/2025,25/05/2025,27/05/2025,28/05/2025,29/05/2025,30/05/2025,01/06/2025,02/06/2025,04/06/2025,05/06/2025,07/06/2025,08/06/2025,09/06/2025,10/06/2025,11/06/2025,12/06/2025,14/06/2025,15/06/2025,16/06/2025,17/06/2025,18/06/2025,19/06/2025,20/06/2025,21/06/2025,22/06/2025,23/06/2025,24/06/2025,25/06/2025,29/06/2025,30/06/2025,03/07/2025,04/07/2025,05/07/2025,06/07/2025,08/07/2025,09/07/2025,10/07/2025,12/07/2025,14/07/2025,15/07/2025
41,21/05/2025,22/05/2025,23/05/2025,24/05/2025,25/05/2025,27/05/2025,28/05/2025,29/05/2025,30/05/2025,01/06/2025,02/06/2025,04/06/2025,05/06/2025,07/06/2025,08/06/2025,09/06/2025,10/06/2025,11/06/2025,12/06/2025,14/06/2025,15/06/2025,16/06/2025,17/06/2025,18/06/2025,19/06/2025,20/06/2025,21/06/2025,22/06/2025,23/06/2025,24/06/2025,25/06/2025,29/06/2025,30/06/2025,03/07/2025,04/07/2025,05/07/2025,06/07/2025,08/07/2025,09/07/2025,10/07/2025,12/07/2025,14/07/2025,15/07/2025
42,21/05/2025,22/05/2025,23/05/2025,24/05/2025,25/05/2025,27/05/2025,28/05/2025,29/05/2025,30/05/2025,01/06/2025,02/06/2025,04/06/2025,05/06/2025,07/06/2025,08/06/2025,09/06/2025,10/06/2025,11/06/2025,12/06/2025,14/06/2025,15/06/2025,16/06/2025,17/06/2025,18/06/2025,19/06/2025,20/06/2025,21/06/2025,22/06/2025,23/06/2025,24/06/2025,25/06/2025,29/06/2025,30/06/2025,03/07/2025,04/07/2025,05/07/2025,06/07/2025,08/07/2025,09/07/2025,10/07/2025,12/07/2025,14/07/2025,15/07/2025
43,21/05/2025,22/05/2025,23/05/2025,24/05/2025,25/05/2025,27/05/2025,28/05/2025,29/05/2025,30/05/2025,01/06/2025,02/06/2025,04/06/2025,05/06/2025,07/06/2025,08/06/2025,09/06/2025,10/06/2025,11/06/2025,12/06/2025,14/06/2025,15/06/2025,16/06/2025,17/06/2025,18/06/2025,19/06/2025,20/06/2025,21/06/2025,22/06/2025,23/06/2025,24/06/2025,25/06/2025,29/06/2025,30/06/2025,03/07/2025,04/07/2025,05/07/2025,06/07/2025,08/07/2025,09/07/2025,10/07/2025,12/07/2025,14/07/2025,15/07/2025
44,21/05/2025,22/05/2025,23/05/2025,24/05/2025,25/05/2025,27/05/2025,28/05/2025,29/05/2025,30/05/2025,01/06/2025,02/06/2025,04/06/2025,05/06/2025,07/06/2025,08/06/2025,09/06/2025,10/06/2025,11/06/2025,12/06/2025,14/06/2025,15/06/2025,16/06/2025,17/06/2025,18/06/2025,19/06/2025,20/06/2025,21/06/2025,22/06/2025,23/06/2025,24/06/2025,25/06/2025,29/06/2025,30/06/2025,03/07/2025,04/07/2025,05/07/2025,06/07/2025,08/07/2025,09/07/2025,10/07/2025,12/07/2025,14/07/2025,15/07/2025
45,21/05/2025,22/05/2025,23/05/2025,24/05/2025,25/05/2025,27/05/2025,28/05/2025,29/05/2025,30/05/2025,01/06/2025,02/06/2025,04/06/2025,05/06/2025,07/06/2025,08/06/2025,09/06/2025,10/06/2025,11/06/2025,12/06/2025,14/06/2025,15/06/2025,16/06/2025,17/06/2025,18/06/2025,19/06/2025,20/06/2025,21/06/2025,22/06/2025,23/06/2025,24/06/2025,25/06/2025,29/06/2025,30/06/2025,03/07/2025,04/07/2025,05/07/2025,06/07/2025,08/07/2025,09/07/2025,10/07/2025,12/07/2025,14/07/2025,15/07/2025
46,21/05/2025,22/05/2025,23/05/2025,24/05/2025,25/05/2025,27/05/2025,28/05/2025,29/05/2025,30/05/2025,01/06/2025,02/06/2025,04/06/2025,05/06/2025,07/06/2025,08/06/2025,09/06/2025,10/06/2025,11/06/2025,12/06/2025,14/06/2025,15/06/2025,16/06/2025,17/06/2025,18/06/2025,19/06/2025,20/06/2025,21/06/2025,22/06/2025,23/06/2025,24/06/2025,25/06/2025,29/06/2025,30/06/2025,03/07/2025,04/07/2025,05/07/2025,06/07/2025,08/07/2025,09/07/2025,10/07/2025,12/07/2025,14/07/2025,15/07/2025
47,21/05/2025,22/05/2025,23/05/2025,24/05/2025,25/05/2025,27/05/2025,28/05/2025,29/05/2025,30/05/2025,01/06/2025,02/06/2025,04/06/2025,05/06/2025,07/06/2025,08/06/2025,09/06/2025,10/06/2025,11/06/2025,12/06/2025,14/06/2025,15/06/2025,16/06/2025,17/06/2025,18/06/2025,19/06/2025,20/06/2025,21/06/2025,22/06/2025,23/06/2025,24/06/2025,25/06/2025,29/06/2025,30/06/2025,03/07/2025,04/07/2025,05/07/2025,06/07/2025,08/07/2025,09/07/2025,10/07/2025,12/07/2025,14/07/2025,15/07/2025
48,21/05/2025,22/05/2025,23/05/2025,24/05/2025,25/05/2025,27/05/2025,28/05/2025,29/05/2025,30/05/2025,01/06/2025,02/06/2025,04/06/2025,05/06/2025,07/06/2025,08/06/2025,09/06/2025,10/06/2025,11/06/2025,12/06/2025,14/06/2025,15/06/2025,16/06/2025,17/06/2025,18/06/2025,19/06/2025,20/06/2025,21/06/2025,22/06/2025,23/06/2025,24/06/2025,25/06/2025,29/06/2025,30/06/2025,03/07/2025,04/07/2025,05/07/2025,06/07/2025,08/07/2025,09/07/2025,10/07/2025,12/07/2025,14/07/2025,15/07/2025
49,21/05/2025,22/05/2025,23/05/2025,24/05/2025,25/05/2025,27/05/2025,28/05/2025,29/05/2025,30/05/2025,01/06/2025,02/06/2025,04/06/2025,05/06/2025,07/06/2025,08/06/2025,09/06/2025,10/06/2025,11/06/2025,12/06/2025,14/06/2025,15/06/2025,16/06/2025,17/06/2025,18/06/2025,19/06/2025,20/06/2025,21/06/2025,22/06/2025,23/06/2025,24/06/2025,25/06/2025,29/06/2025,30/06/2025,03/07/2025,04/07/2025,05/07/2025,06/07/2025,08/07/2025,09/07/2025,10/07/2025,12/07/2025,14/07/2025,15/07/2025
50,21/05/2025,22/05/2025,23/05/2025,24/05/2025,25/05/2025,27/05/2025,28/05/2025,29/05/2025,30/05/2025,01/06/2025,02/06/2025,04/06/2025,05/06/2025,07/06/2025,08/06/2025,09/06/2025,10/06/2025,11/06/2025,12/06/2025,14/06/2025,15/06/2025,16/06/2025,17/06/2025,18/06/2025,19/06/2025,20/06/2025,21/06/2025,22/06/2025,23/06/2025,24/06/2025,25/06/2025,29/06/2025,30/06/2025,03/07/2025,04/07/2025,05/07/2025,06/07/2025,08/07/2025,09/07/2025,10/07/2025,12/07/2025,14/07/2025,15/07/2025
51,21/05/2025,22/05/2025,23/05/2025,24/05/2025,25/05/2025,27/05/2025,28/05/2025,29/05/2025,30/05/2025,01/06/2025,02/06/2025,04/06/2025,05/06/2025,07/06/2025,08/06/2025,09/06/2025,10/06/2025,11/06/2025,12/06/2025,14/06/2025,15/06/2025,16/06/2025,17/06/2025,18/06/2025,19/06/2025,20/06/2025,21/06/2025,22/06/2025,23/06/2025,24/06/2025,25/06/2025,29/06/2025,30/06/2025,03/07/2025,04/07/2025,05/07/2025,06/07/2025,08/07/2025,09/07/2025,10/07/2025,12/07/2025,14/07/2025,15/07/2025
52,21/05/2025,22/05/2025,23/05/2025,24/05/2025,25/05/2025,27/05/2025,28/05/2025,29/05/2025,30/05/2025,01/06/2025,02/06/2025,04/06/2025,05/06/2025,07/06/2025,08/06/2025,09/06/2025,10/06/2025,11/06/2025,12/06/2025,14/06/2025,15/06/2025,16/06/2025,17/06/2025,18/06/2025,19/06/2025,20/06/2025,21/06/2025,22/06/2025,23/06/2025,24/06/2025,25/06/2025,29/06/2025,30/06/2025,03/07/2025,04/07/2025,05/07/2025,06/07/2025,08/07/2025,09/07/2025,10/07/2025,12/07/2025,14/07/2025,15/07/2025
53,21/05/2025,22/05/2025,23/05/2025,24/05/2025,25/05/2025,27/05/2025,28/05/2025,29/05/2025,30/05/2025,01/06/2025,02/06/2025,04/06/2025,05/06/2025,07/06/2025,08/06/2025,09/06/2025,10/06/2025,11/06/2025,12/06/2025,14/06/2025,15/06/2025,16/06/2025,17/06/2025,18/06/2025,19/06/2025,20/06/2025,21/06/2025,22/06/2025,23/06/2025,24/06/2025,25/06/2025,29/06/2025,30/06/2025,03/07/2025,04/07/2025,05/07/2025,06/07/2025,08/07/2025,09/07/2025,10/07/2025,12/07/2025,14/07/2025,15/07/2025
54,21/05/2025,22/05/2025,23/05/2025,24/05/2025,25/05/2025,27/05/2025,28/05/2025,29/05/2025,30/05/2025,01/06/2025,02/06/2025,04/06/2025,05/06/2025,07/06/2025,08/06/2025,09/06/2025,10/06/2025,11/06/2025,12/06/2025,14/06/2025,15/06/2025,16/06/2025,17/06/2025,18/06/2025,19/06/2025,20/06/2025,21/06/2025,22/06/2025,23/06/2025,24/06/2025,25/06/2025,29/06/2025,30/06/2025,03/07/2025,04/07/2025,05/07/2025,06/07/2025,08/07/2025,09/07/2025,10/07/2025,12/07/2025,14/07/2025,15/07/2025
55,21/05/2025,22/05/2025,23/05/2025,24/05/2025,25/05/2025,27/05/2025,28/05/2025,29/05/2025,30/05/2025,01/06/2025,02/06/2025,04/06/2025,05/06/2025,07/06/2025,08/06/2025,09/06/2025,10/06/2025,11/06/2025,12/06/2025,14/06/2025,15/06/2025,16/06/2025,17/06/2025,18/06/2025,19/06/2025,20/06/2025,21/06/2025,22/06/2025,23/06/2025,24/06/2025,25/06/2025,29/06/2025,30/06/2025,03/07/2025,04/07/2025,05/07/2025,06/07/2025,08/07/2025,09/07/2025,10/07/2025,12/07/2025,14/07/2025,15/07/2025
56,21/05/2025,22/05/2025,23/05/2025,24/05/2025,25/05/2025,27/05/2025,28/05/2025,29/05/2025,30/05/2025,01/06/2025,02/06/2025,04/06/2025,05/06/2025,07/06/2025,08/06/2025,09/06/2025,10/06/2025,11/06/2025,12/06/2025,14/06/2025,15/06/2025,16/06/2025,17/06/2025,18/06/2025,19/06/2025,20/06/2025,21/06/2025,22/06/2025,23/06/2025,24/06/2025,25/06/2025,29/06/2025,30/06/2025,03/07/2025,04/07/2025,05/07/2025,06/07/2025,08/07/2025,09/07/2025,10/07/2025,12/07/2025,14/07/2025,15/07/2025
57,21/05/2025,22/05/2025,23/05/2025,24/05/2025,25/05/2025,27/05/2025,28/05/2025,29/05/2025,30/05/2025,01/06/2025,02/06/2025,04/06/2025,05/06/2025,07/06/2025,08/06/2025,09/06/2025,10/06/2025,11/06/2025,12/06/2025,14/06/2025,15/06/2025,16/06/2025,17/06/2025,18/06/2025,19/06/2025,20/06/2025,21/06/2025,22/06/2025,23/06/2025,24/06/2025,25/06/2025,29/06/2025,30/06/2025,03/07/2025,04/07/2025,05/07/2025,06/07/2025,08/07/2025,09/07/2025,10/07/2025,12/07/2025,14/07/2025,15/07/2025
58,21/05/2025,22/05/2025,23/05/2025,24/05/2025,25/05/2025,27/05/2025,28/05/2025,29/05/2025,30/05/2025,01/06/2025,02/06/2025,04/06/2025,05/06/2025,07/06/2025,08/06/2025,09/06/2025,10/06/2025,11/06/2025,12/06/2025,14/06/2025,15/06/2025,16/06/2025,17/06/2025,18/06/2025,19/06/2025,20/06/2025,21/06/2025,22/06/2025,23/06/2025,24/06/2025,25/06/2025,29/06/2025,30/06/2025,03/07/2025,04/07/2025,05/07/2025,06/07/2025,08/07/2025,09/07/2025,10/07/2025,12/07/2025,14/07/2025,15/07/2025
59,21/05/2025,22/05/2025,23/05/2025,24/05/2025,25/05/2025,27/05/2025,28/05/2025,29/05/2025,30/05/2025,01/06/2025,02/06/2025,04/06/2025,05/06/2025,07/06/2025,08/06/2025,09/06/2025,10/06/2025,11/06/2025,12/06/2025,14/06/2025,15/06/2025,16/06/2025,17/06/2025,18/06/2025,19/06/2025,20/06/2025,21/06/2025,22/06/2025,23/06/2025,24/06/2025,25/06/2025,29/06/2025,30/06/2025,03/07/2025,04/07/2025,05/07/2025,06/07/2025,08/07/2025,09/07/2025,10/07/2025,12/07/2025,14/07/2025,15/07/2025
60,21/05/2025,22/05/2025,23/05/2025,24/05/2025,25/05/2025,27/05/2025,28/05/2025,29/05/2025,30/05/2025,01/06/2025,02/06/2025,04/06/2025,05/06/2025,07/06/2025,08/06/2025,09/06/2025,10/06/2025,11/06/2025,12/06/2025,14/06/2025,15/06/2025,16/06/2025,17/06/2025,18/06/2025,19/06/2025,20/06/2025,21/06/2025,22/06/2025,23/06/2025,24/06/2025,25/06/2025,29/06/2025,30/06/2025,03/07/2025,04/07/2025,05/07/2025,06/07/2025,08/07/2025,09/07/2025,10/07/2025,12/07/2025,14/07/2025,15/07/2025
61,21/05/2025,22/05/2025,23/05/2025,24/05/2025,25/05/2025,27/05/2025,28/05/2025,29/05/2025,30/05/2025,01/06/2025,02/06/2025,04/06/2025,05/06/2025,07/06/2025,08/06/2025,09/06/2025,10/06/2025,11/06/2025,12/06/2025,14/06/2025,15/06/2025,16/06/2025,17/06/2025,18/06/2025,19/06/2025,20/06/2025,21/06/2025,22/06/2025,23/06/2025,24/06/2025,25/06/2025,29/06/2025,30/06/2025,03/07/2025,04/07/2025,05/07/2025,06/07/2025,08/07/2025,09/07/2025,10/07/2025,12/07/2025,14/07/2025,15/07/2025
62,21/05/2025,22/05/2025,23/05/2025,24/05/2025,25/05/2025,27/05/2025,28/05/2025,29/05/2025,30/05/2025,01/06/2025,02/06/2025,04/06/2025,05/06/2025,07/06/2025,08/06/2025,09/06/2025,10/06/2025,11/06/2025,12/06/2025,14/06/2025,15/06/2025,16/06/2025,17/06/2025,18/06/2025,19/06/2025,20/06/2025,21/06/2025,22/06/2025,23/06/2025,24/06/2025,25/06/2025,29/06/2025,30/06/2025,03/07/2025,04/07/2025,05/07/2025,06/07/2025,08/07/2025,09/07/2025,10/07/2025,12/07/2025,14/07/2025,15/07/2025
63,21/05/2025,22/05/2025,23/05/2025,24/05/2025,25/05/2025,27/05/2025,28/05/2025,29/05/2025,30/05/2025,01/06/2025,02/06/2025,04/06/2025,05/06/2025,07/06/2025,08/06/2025,09/06/2025,10/06/2025,11/06/2025,12/06/2025,14/06/2025,15/06/2025,16/06/2025,17/06/2025,18/06/2025,19/06/2025,20/06/2025,21/06/2025,22/06/2025,23/06/2025,24/06/2025,25/06/2025,29/06/2025,30/06/2025,03/07/2025,04/07/2025,05/07/2025,06/07/2025,08/07/2025,09/07/2025,10/07/2025,12/07/2025,14/07/2025,15/07/2025
64,21/05/2025,22/05/2025,23/05/2025,24/05/2025,25/05/2025,27/05/2025,28/05/2025,29/05/2025,30/05/2025,01/06/2025,02/06/2025,04/06/2025,05/06/2025,07/06/2025,08/06/2025,09/06/2025,10/06/2025,11/06/2025,12/06/2025,14/06/2025,15/06/2025,16/06/2025,17/06/2025,18/06/2025,19/06/2025,20/06/2025,21/06/2025,22/06/2025,23/06/2025,24/06/2025,25/06/2025,29/06/2025,30/06/2025,03/07/2025,04/07/2025,05/07/2025,06/07/2025,08/07/2025,09/07/2025,10/07/2025,12/07/2025,14/07/2025,15/07/2025
65,21/05/2025,22/05/2025,23/05/2025,24/05/2025,25/05/2025,27/05/2025,28/05/2025,29/05/2025,30/05/2025,01/06/2025,02/06/2025,04/06/2025,05/06/2025,07/06/2025,08/06/2025,09/06/2025,10/06/2025,11/06/2025,12/06/2025,14/06/2025,15/06/2025,16/06/2025,17/06/2025,18/06/2025,19/06/2025,20/06/2025,21/06/2025,22/06/2025,23/06/2025,24/06/2025,25/06/2025,29/06/2025,30/06/2025,03/07/2025,04/07/2025,05/07/2025,06/07/2025,08/07/2025,09/07/2025,10/07/2025,12/07/2025,14/07/2025,15/07/2025
66,21/05/2025,22/05/2025,23/05/2025,24/05/2025,25/05/2025,27/05/2025,28/05/2025,29/05/2025,30/05/2025,01/06/2025,02/06/2025,04/06/2025,05/06/2025,07/06/2025,08/06/2025,09/06/2025,10/06/2025,11/06/2025,12/06/2025,14/06/2025,15/06/2025,16/06/2025,17/06/2025,18/06/2025,19/06/2025,20/06/2025,21/06/2025,22/06/2025,23/06/2025,24/06/2025,25/06/2025,29/06/2025,30/06/2025,03/07/2025,04/07/2025,05/07/2025,06/07/2025,08/07/2025,09/07/2025,10/07/2025,12/07/2025,14/07/2025,15/07/2025
67,21/05/2025,22/05/2025,23/05/2025,24/05/2025,25/05/2025,27/05/2025,28/05/2025,29/05/2025,30/05/2025,01/06/2025,02/06/2025,04/06/2025,05/06/2025,07/06/2025,08/06/2025,09/06/2025,10/06/2025,11/06/2025,12/06/2025,14/06/2025,15/06/2025,16/06/2025,17/06/2025,18/06/2025,19/06/2025,20/06/2025,21/06/2025,22/06/2025,23/06/2025,24/06/2025,25/06/2025,29/06/2025,30/06/2025,03/07/2025,04/07/2025,05/07/2025,06/07/2025,08/07/2025,09/07/2025,10/07/2025,12/07/2025,14/07/2025,15/07/2025
68,21/05/2025,22/05/2025,23/05/2025,24/05/2025,25/05/2025,27/05/2025,28/05/2025,29/05/2025,30/05/2025,01/06/2025,02/06/2025,04/06/2025,05/06/2025,07/06/2025,08/06/2025,09/06/2025,10/06/2025,11/06/2025,12/06/2025,14/06/2025,15/06/2025,16/06/2025,17/06/2025,18/06/2025,19/06/2025,20/06/2025,21/06/2025,22/06/2025,23/06/2025,24/06/2025,25/06/2025,29/06/2025,30/06/2025,03/07/2025,04/07/2025,05/07/2025,06/07/2025,08/07/2025,09/07/2025,10/07/2025,12/07/2025,14/07/2025,15/07/2025
69,21/05/2025,22/05/2025,23/05/2025,24/05/2025,25/05/2025,27/05/2025,28/05/2025,29/05/2025,30/05/2025,01/06/2025,02/06/2025,04/06/2025,05/06/2025,07/06/2025,08/06/2025,09/06/2025,10/06/2025,11/06/2025,12/06/2025,14/06/2025,15/06/2025,16/06/2025,17/06/2025,18/06/2025,19/06/2025,20/06/2025,21/06/2025,22/06/2025,23/06/2025,24/06/2025,25/06/2025,29/06/2025,30/06/2025,03/07/2025,04/07/2025,05/07/2025,06/07/2025,08/07/2025,09/07/2025,10/07/2025,12/07/2025,14/07/2025,15/07/2025
70,21/05/2025,22/05/2025,23/05/2025,24/05/2025,25/05/2025,27/05/2025,28/05/2025,29/05/2025,30/05/2025,01/06/2025,02/06/2025,04/06/2025,05/06/2025,07/06/2025,08/06/2025,09/06/2025,10/06/2025,11/06/2025,12/06/2025,14/06/2025,15/06/2025,16/06/2025,17/06/2025,18/06/2025,19/06/2025,20/06/2025,21/06/2025,22/06/2025,23/06/2025,24/06/2025,25/06/2025,29/06/2025,30/06/2025,03/07/2025,04/07/2025,05/07/2025,06/07/2025,08/07/2025,09/07/2025,10/07/2025,12/07/2025,14/07/2025,15/07/2025
71,21/05/2025,22/05/2025,23/05/2025,24/05/2025,25/05/2025,27/05/2025,28/05/2025,29/05/2025,30/05/2025,01/06/2025,02/06/2025,04/06/2025,05/06/2025,07/06/2025,08/06/2025,09/06/2025,10/06/2025,11/06/2025,12/06/2025,14/06/2025,15/06/2025,16/06/2025,17/06/2025,18/06/2025,19/06/2025,20/06/2025,21/06/2025,22/06/2025,23/06/2025,24/06/2025,25/06/2025,29/06/2025,30/06/2025,03/07/2025,04/07/2025,05/07/2025,06/07/2025,08/07/2025,09/07/2025,10/07/2025,12/07/2025,14/07/2025,15/07/2025
72,21/05/2025,22/05/2025,23/05/2025,24/05/2025,25/05/2025,27/05/2025,28/05/2025,29/05/2025,30/05/2025,01/06/2025,02/06/2025,04/06/2025,05/06/2025,07/06/2025,08/06/2025,09/06/2025,10/06/2025,11/06/2025,12/06/2025,14/06/2025,15/06/2025,16/06/2025,17/06/2025,18/06/2025,19/06/2025,20/06/2025,21/06/2025,22/06/2025,23/06/2025,24/06/2025,25/06/2025,29/06/2025,30/06/2025,03/07/2025,04/07/2025,05/07/2025,06/07/2025,08/07/2025,09/07/2025,10/07/2025,12/07/2025,14/07/2025,15/07/2025
73,21/05/2025,22/05/2025,23/05/2025,24/05/2025,25/05/2025,27/05/2025,28/05/2025,29/05/2025,30/05/2025,01/06/2025,02/06/2025,04/06/2025,05/06/2025,07/06/2025,08/06/2025,09/06/2025,10/06/2025,11/06/2025,12/06/2025,14/06/2025,15/06/2025,16/06/2025,17/06/2025,18/06/2025,19/06/2025,20/06/2025,21/06/2025,22/06/2025,23/06/2025,24/06/2025,25/06/2025,29/06/2025,30/06/2025,03/07/2025,04/07/2025,05/07/2025,06/07/2025,08/07/2025,09/07/2025,10/07/2025,12/07/2025,14/07/2025,15/07/2025
74,21/05/2025,22/05/2025,23/05/2025,24/05/2025,25/05/2025,27/05/2025,28/05/2025,29/05/2025,30/05/2025,01/06/2025,02/06/2025,04/06/2025,05/06/2025,07/06/2025,08/06/2025,09/06/2025,10/06/2025,11/06/2025,12/06/2025,14/06/2025,15/06/2025,16/06/2025,17/06/2025,18/06/2025,19/06/2025,20/06/2025,21/06/2025,22/06/2025,23/06/2025,24/06/2025,25/06/2025,29/06/2025,30/06/2025,03/07/2025,04/07/2025,05/07/2025,06/07/2025,08/07/2025,09/07/2025,10/07/2025,12/07/2025,14/07/2025,15/07/2025
75,21/05/2025,22/05/2025,23/05/2025,24/05/2025,25/05/2025,27/05/2025,28/05/2025,29/05/2025,30/05/2025,01/06/2025,02/06/2025,04/06/2025,05/06/2025,07/06/2025,08/06/2025,09/06/2025,10/06/2025,11/06/2025,12/06/2025,14/06/2025,15/06/2025,16/06/2025,17/06/2025,18/06/2025,19/06/2025,20/06/2025,21/06/2025,22/06/2025,23/06/2025,24/06/2025,25/06/2025,29/06/2025,30/06/2025,03/07/2025,04/07/2025,05/07/2025,06/07/2025,08/07/2025,09/07/2025,10/07/2025,12/07/2025,14/07/2025,15/07/2025
76,21/05/2025,22/05/2025,23/05/2025,24/05/2025,25/05/2025,27/05/2025,28/05/2025,29/05/2025,30/05/2025,01/06/2025,02/06/2025,04/06/2025,05/06/2025,07/06/2025,08/06/2025,09/06/2025,10/06/2025,11/06/2025,12/06/2025,14/06/2025,15/06/2025,16/06/2025,17/06/2025,18/06/2025,19/06/2025,20/06/2025,21/06/2025,22/06/2025,23/06/2025,24/06/2025,25/06/2025,29/06/2025,30/06/2025,03/07/2025,04/07/2025,05/07/2025,06/07/2025,08/07/2025,09/07/2025,10/07/2025,12/07/2025,14/07/2025,15/07/2025
77,21/05/2025,22/05/2025,23/05/2025,24/05/2025,25/05/2025,27/05/2025,28/05/2025,29/05/2025,30/05/2025,01/06/2025,02/06/2025,04/06/2025,05/06/2025,07/06/2025,08/06/2025,09/06/2025,10/06/2025,11/06/2025,12/06/2025,14/06/2025,15/06/2025,16/06/2025,17/06/2025,18/06/2025,19/06/2025,20/06/2025,21/06/2025,22/06/2025,23/06/2025,24/06/2025,25/06/2025,29/06/2025,30/06/2025,03/07/2025,04/07/2025,05/07/2025,06/07/2025,08/07/2025,09/07/2025,10/07/2025,12/07/2025,14/07/2025,15/07/2025
78,21/05/2025,22/05/2025,23/05/2025,24/05/2025,25/05/2025,27/05/2025,28/05/2025,29/05/2025,30/05/2025,01/06/2025,02/06/2025,04/06/2025,05/06/2025,07/06/2025,08/06/2025,09/06/2025,10/06/2025,11/06/2025,12/06/2025,14/06/2025,15/06/2025,16/06/2025,17/06/2025,18/06/2025,19/06/2025,20/06/2025,21/06/2025,22/06/2025,23/06/2025,24/06/2025,25/06/2025,29/06/2025,30/06/2025,03/07/2025,04/07/2025,05/07/2025,06/07/2025,08/07/2025,09/07/2025,10/07/2025,12/07/2025,14/07/2025,15/07/2025
79,21/05/2025,22/05/2025,23/05/2025,24/05/2025,25/05/2025,27/05/2025,28/05/2025,29/05/2025,30/05/2025,01/06/2025,02/06/2025,04/06/2025,05/06/2025,07/06/2025,08/06/2025,09/06/2025,10/06/2025,11/06/2025,12/06/2025,14/06/2025,15/06/2025,16/06/2025,17/06/2025,18/06/2025,19/06/2025,20/06/2025,21/06/2025,22/06/2025,23/06/2025,24/06/2025,25/06/2025,29/06/2025,30/06/2025,03/07/2025,04/07/2025,05/07/2025,06/07/2025,08/07/2025,09/07/2025,10/07/2025,12/07/2025,14/07/2025,15/07/2025
80,21/05/2025,22/05/2025,23/05/2025,24/05/2025,25/05/2025,27/05/2025,28/05/2025,29/05/2025,30/05/2025,01/06/2025,02/06/2025,04/06/2025,05/06/2025,07/06/2025,08/06/2025,09/06/2025,10/06/2025,11/06/2025,12/06/2025,14/06/2025,15/06/2025,16/06/2025,17/06/2025,18/06/2025,19/06/2025,20/06/2025,21/06/2025,22/06/2025,23/06/2025,24/06/2025,25/06/2025,29/06/2025,30/06/2025,03/07/2025,04/07/2025,05/07/2025,06/07/2025,08/07/2025,09/07/2025,10/07/2025,12/07/2025,14/07/2025,15/07/2025
81,21/05/2025,22/05/2025,23/05/2025,24/05/2025,25/05/2025,27/05/2025,28/05/2025,29/05/2025,30/05/2025,01/06/2025,02/06/2025,04/06/2025,05/06/2025,07/06/2025,08/06/2025,09/06/2025,10/06/2025,11/06/2025,12/06/2025,14/06/2025,15/06/2025,16/06/2025,17/06/2025,18/06/2025,19/06/2025,20/06/2025,21/06/2025,22/06/2025,23/06/2025,24/06/2025,25/06/2025,29/06/2025,30/06/2025,03/07/2025,04/07/2025,05/07/2025,06/07/2025,08/07/2025,09/07/2025,10/07/2025,12/07/2025,14/07/2025,15/07/2025
82,21/05/2025,22/05/2025,23/05/2025,24/05/2025,25/05/2025,27/05/2025,28/05/2025,29/05/2025,30/05/2025,01/06/2025,02/06/2025,04/06/2025,05/06/2025,07/06/2025,08/06/2025,09/06/2025,10/06/2025,11/06/2025,12/06/2025,14/06/2025,15/06/2025,16/06/2025,17/06/2025,18/06/2025,19/06/2025,20/06/2025,21/06/2025,22/06/2025,23/06/2025,24/06/2025,25/06/2025,29/06/2025,30/06/2025,03/07/2025,04/07/2025,05/07/2025,06/07/2025,08/07/2025,09/07/2025,10/07/2025,12/07/2025,14/07/2025,15/07/2025
83,21/05/2025,22/05/2025,23/05/2025,24/05/2025,25/05/2025,27/05/2025,28/05/2025,29/05/2025,30/05/2025,01/06/2025,02/06/2025,04/06/2025,05/06/2025,07/06/2025,08/06/2025,09/06/2025,10/06/2025,11/06/2025,12/06/2025,14/06/2025,15/06/2025,16/06/2025,17/06/2025,18/06/2025,19/06/2025,20/06/2025,21/06/2025,22/06/2025,23/06/2025,24/06/2025,25/06/2025,29/06/2025,30/06/2025,03/07/2025,04/07/2025,05/07/2025,06/07/2025,08/07/2025,09/07/2025,10/07/2025,12/07/2025,14/07/2025,15/07/2025
84,21/05/2025,22/05/2025,23/05/2025,24/05/2025,25/05/2025,27/05/2025,28/05/2025,29/05/2025,30/05/2025,01/06/2025,02/06/2025,04/06/2025,05/06/2025,07/06/2025,08/06/2025,09/06/2025,10/06/2025,11/06/2025,12/06/2025,14/06/2025,15/06/2025,16/06/2025,17/06/2025,18/06/2025,19/06/2025,20/06/2025,21/06/2025,22/06/2025,23/06/2025,24/06/2025,25/06/2025,29/06/2025,30/06/2025,03/07/2025,04/07/2025,05/07/2025,06/07/2025,08/07/2025,09/07/2025,10/07/2025,12/07/2025,14/07/2025,15/07/2025
85,21/05/2025,22/05/2025,23/05/2025,24/05/2025,25/05/2025,27/05/2025,28/05/2025,29/05/2025,30/05/2025,01/06/2025,02/06/2025,04/06/2025,05/06/2025,07/06/2025,08/06/2025,09/06/2025,10/06/2025,11/06/2025,12/06/2025,14/06/2025,15/06/2025,16/06/2025,17/06/2025,18/06/2025,19/06/2025,20/06/2025,21/06/2025,22/06/2025,23/06/2025,24/06/2025,25/06/2025,29/06/2025,30/06/2025,03/07/2025,04/07/2025,05/07/2025,06/07/2025,08/07/2025,09/07/2025,10/07/2025,12/07/2025,14/07/2025,15/07/2025
86,21/05/2025,22/05/2025,23/05/2025,24/05/2025,25/05/2025,27/05/2025,28/05/2025,29/05/2025,30/05/2025,01/06/2025,02/06/2025,04/06/2025,05/06/2025,07/06/2025,08/06/2025,09/06/2025,10/06/2025,11/06/2025,12/06/2025,14/06/2025,15/06/2025,16/06/2025,17/06/2025,18/06/2025,19/06/2025,20/06/2025,21/06/2025,22/06/2025,23/06/2025,24/06/2025,25/06/2025,29/06/2025,30/06/2025,03/07/2025,04/07/2025,05/07/2025,06/07/2025,08/07/2025,09/07/2025,10/07/2025,12/07/2025,14/07/2025,15/07/2025
87,21/05/2025,22/05/2025,23/05/2025,24/05/2025,25/05/2025,27/05/2025,28/05/2025,29/05/2025,30/05/2025,01/06/2025,02/06/2025,04/06/2025,05/06/2025,07/06/2025,08/06/2025,09/06/2025,10/06/2025,11/06/2025,12/06/2025,14/06/2025,15/06/2025,16/06/2025,17/06/2025,18/06/2025,19/06/2025,20/06/2025,21/06/2025,22/06/2025,23/06/2025,24/06/2025,25/06/2025,29/06/2025,30/06/2025,03/07/2025,04/07/2025,05/07/2025,06/07/2025,08/07/2025,09/07/2025,10/07/2025,12/07/2025,14/07/2025,15/07/2025
88,21/05/2025,22/05/2025,23/05/2025,24/05/2025,25/05/2025,27/05/2025,28/05/2025,29/05/2025,30/05/2025,01/06/2025,02/06/2025,04/06/2025,05/06/2025,07/06/2025,08/06/2025,09/06/2025,10/06/2025,11/06/2025,12/06/2025,14/06/2025,15/06/2025,16/06/2025,17/06/2025,18/06/2025,19/06/2025,20/06/2025,21/06/2025,22/06/2025,23/06/2025,24/06/2025,25/06/2025,29/06/2025,30/06/2025,03/07/2025,04/07/2025,05/07/2025,06/07/2025,08/07/2025,09/07/2025,10/07/2025,12/07/2025,14/07/2025,15/07/2025
89,21/05/2025,22/05/2025,23/05/2025,24/05/2025,25/05/2025,27/05/2025,28/05/2025,29/05/2025,30/05/2025,01/06/2025,02/06/2025,04/06/2025,05/06/2025,07/06/2025,08/06/2025,09/06/2025,10/06/2025,11/06/2025,12/06/2025,14/06/2025,15/06/2025,16/06/2025,17/06/2025,18/06/2025,19/06/2025,20/06/2025,21/06/2025,22/06/2025,23/06/2025,24/06/2025,25/06/2025,29/06/2025,30/06/2025,03/07/2025,04/07/2025,05/07/2025,06/07/2025,08/07/2025,09/07/2025,10/07/2025,12/07/2025,14/07/2025,15/07/2025
90,21/05/2025,22/05/2025,23/05/2025,24/05/2025,25/05/2025,27/05/2025,28/05/2025,29/05/2025,30/05/2025,01/06/2025,02/06/2025,04/06/2025,05/06/2025,07/06/2025,08/06/2025,09/06/2025,10/06/2025,11/06/2025,12/06/2025,14/06/2025,15/06/2025,16/06/2025,17/06/2025,18/06/2025,19/06/2025,20/06/2025,21/06/2025,22/06/2025,23/06/2025,24/06/2025,25/06/2025,29/06/2025,30/06/2025,03/07/2025,04/07/2025,05/07/2025,06/07/2025,08/07/2025,09/07/2025,10/07/2025,12/07/2025,14/07/2025,15/07/2025
91,21/05/2025,22/05/2025,23/05/2025,24/05/2025,25/05/2025,27/05/2025,28/05/2025,29/05/2025,30/05/2025,01/06/2025,02/06/2025,04/06/2025,05/06/2025,07/06/2025,08/06/2025,09/06/2025,10/06/2025,11/06/2025,12/06/2025,14/06/2025,15/06/2025,16/06/2025,17/06/2025,18/06/2025,19/06/2025,20/06/2025,21/06/2025,22/06/2025,23/06/2025,24/06/2025,25/06/2025,29/06/2025,30/06/2025,03/07/2025,04/07/2025,05/07/2025,06/07/2025,08/07/2025,09/07/2025,10/07/2025,12/07/2025,14/07/2025,15/07/2025
92,21/05/2025,22/05/2025,23/05/2025,24/05/2025,25/05/2025,27/05/2025,28/05/2025,29/05/2025,30/05/2025,01/06/2025,02/06/2025,04/06/2025,05/06/2025,07/06/2025,08/06/2025,09/06/2025,10/06/2025,11/06/2025,12/06/2025,14/06/2025,15/06/2025,16/06/2025,17/06/2025,18/06/2025,19/06/2025,20/06/2025,21/06/2025,22/06/2025,23/06/2025,24/06/2025,25/06/2025,29/06/2025,30/06/2025,03/07/2025,04/07/2025,05/07/2025,06/07/2025,08/07/2025,09/07/2025,10/07/2025,12/07/2025,14/07/2025,15/07/2025
93,21/05/2025,22/05/2025,23/05/2025,24/05/2025,25/05/2025,27/05/2025,28/05/2025,29/05/2025,30/05/2025,01/06/2025,02/06/2025,04/06/2025,05/06/2025,07/06/2025,08/06/2025,09/06/2025,10/06/2025,11/06/2025,12/06/2025,14/06/2025,15/06/2025,16/06/2025,17/06/2025,18/06/2025,19/06/2025,20/06/2025,21/06/2025,22/06/2025,23/06/2025,24/06/2025,25/06/2025,29/06/2025,30/06/2025,03/07/2025,04/07/2025,05/07/2025,06/07/2025,08/07/2025,09/07/2025,10/07/2025,12/07/2025,14/07/2025,15/07/2025
94,21/05/2025,22/05/2025,23/05/2025,24/05/2025,25/05/2025,27/05/2025,28/05/2025,29/05/2025,30/05/2025,01/06/2025,02/06/2025,04/06/2025,05/06/2025,07/06/2025,08/06/2025,09/06/2025,10/06/2025,11/06/2025,12/06/2025,14/06/2025,15/06/2025,16/06/2025,17/06/2025,18/06/2025,19/06/2025,20/06/2025,21/06/2025,22/06/2025,23/06/2025,24/06/2025,25/06/2025,29/06/2025,30/06/2025,03/07/2025,04/07/2025,05/07/2025,06/07/2025,08/07/2025,09/07/2025,10/07/2025,12/07/2025,14/07/2025,15/07/2025
95,21/05/2025,22/05/2025,23/05/2025,24/05/2025,25/05/2025,27/05/2025,28/05/2025,29/05/2025,30/05/2025,01/06/2025,02/06/2025,04/06/2025,05/06/2025,07/06/2025,08/06/2025,09/06/2025,10/06/2025,11/06/2025,12/06/2025,14/06/2025,15/06/2025,16/06/2025,17/06/2025,18/06/2025,19/06/2025,20/06/2025,21/06/2025,22/06/2025,23/06/2025,24/06/2025,25/06/2025,29/06/2025,30/06/2025,03/07/2025,04/07/2025,05/07/2025,06/07/2025,08/07/2025,09/07/2025,10/07/2025,12/07/2025,14/07/2025,15/07/2025
96,21/05/2025,22/05/2025,23/05/2025,24/05/2025,25/05/2025,27/05/2025,28/05/2025,29/05/2025,30/05/2025,01/06/2025,02/06/2025,04/06/2025,05/06/2025,07/06/2025,08/06/2025,09/06/2025,10/06/2025,11/06/2025,12/06/2025,14/06/2025,15/06/2025,16/06/2025,17/06/2025,18/06/2025,19/06/2025,20/06/2025,21/06/2025,22/06/2025,23/06/2025,24/06/2025,25/06/2025,29/06/2025,30/06/2025,03/07/2025,04/07/2025,05/07/2025,06/07/2025,08/07/2025,09/07/2025,10/07/2025,12/07/2025,14/07/2025,15/07/2025
97,21/05/2025,22/05/2025,23/05/2025,24/05/2025,25/05/2025,27/05/2025,28/05/2025,29/05/2025,30/05/2025,01/06/2025,02/06/2025,04/06/2025,05/06/2025,07/06/2025,08/06/2025,09/06/2025,10/06/2025,11/06/2025,12/06/2025,14/06/2025,15/06/2025,16/06/2025,17/06/2025,18/06/2025,19/06/2025,20/06/2025,21/06/2025,22/06/2025,23/06/2025,24/06/2025,25/06/2025,29/06/2025,30/06/2025,03/07/2025,04/07/2025,05/07/2025,06/07/2025,08/07/2025,09/07/2025,10/07/2025,12/07/2025,14/07/2025,15/07/2025
98,21/05/2025,22/05/2025,23/05/2025,24/05/2025,25/05/2025,27/05/2025,28/05/2025,29/05/2025,30/05/2025,01/06/2025,02/06/2025,04/06/2025,05/06/2025,07/06/2025,08/06/2025,09/06/2025,10/06/2025,11/06/2025,12/06/2025,14/06/2025,15/06/2025,16/06/2025,17/06/2025,18/06/2025,19/06/2025,20/06/2025,21/06/2025,22/06/2025,23/06/2025,24/06/2025,25/06/2025,29/06/2025,30/06/2025,03/07/2025,04/07/2025,05/07/2025,06/07/2025,08/07/2025,09/07/2025,10/07/2025,12/07/2025,14/07/2025,15/07/2025
99,21/05/2025,22/05/2025,23/05/2025,24/05/2025,25/05/2025,27/05/2025,28/05/2025,29/05/2025,30/05/2025,01/06/2025,02/06/2025,04/06/2025,05/06/2025,07/06/2025,08/06/2025,09/06/2025,10/06/2025,11/06/2025,12/06/2025,14/06/2025,15/06/2025,16/06/2025,17/06/2025,18/06/2025,19/06/2025,20/06/2025,21/06/2025,22/06/2025,23/06/2025,24/06/2025,25/06/2025,29/06/2025,30/06/2025,03/07/2025,04/07/2025,05/07/2025,06/07/2025,08/07/2025,09/07/2025,10/07/2025,12/07/2025,14/07/2025,15/07/2025
100,21/05/2025,22/05/2025,23/05/2025,24/05/2025,25/05/2025,27/05/2025,28/05/2025,29/05/2025,30/05/2025,01/06/2025,02/06/2025,04/06/2025,05/06/2025,07/06/2025,08/06/2025,09/06/2025,10/06/2025,11/06/2025,12/06/2025,14/06/2025,15/06/2025,16/06/2025,17/06/2025,18/06/2025,19/06/2025,20/06/2025,21/06/2025,22/06/2025,23/06/2025,24/06/2025,25/06/2025,29/06/2025,30/06/2025,03/07/2025,04/07/2025,05/07/2025,06/07/2025,08/07/2025,09/07/2025,10/07/2025,12/07/2025,14/07/2025,15/07/2025
101,21/05/2025,22/05/2025,23/05/2025,24/05/2025,25/05/2025,27/05/2025,28/05/2025,29/05/2025,30/05/2025,01/06/2025,02/06/2025,04/06/2025,05/06/2025,07/06/2025,08/06/2025,09/06/2025,10/06/2025,11/06/2025,12/06/2025,14/06/2025,15/06/2025,16/06/2025,17/06/2025,18/06/2025,19/06/2025,20/06/2025,21/06/2025,22/06/2025,23/06/2025,24/06/2025,25/06/2025,29/06/2025,30/06/2025,03/07/2025,04/07/2025,05/07/2025,06/07/2025,08/07/2025,09/07/2025,10/07/2025,12/07/2025,14/07/2025,15/07/2025
102,21/05/2025,22/05/2025,23/05/2025,24/05/2025,25/05/2025,27/05/2025,28/05/2025,29/05/2025,30/05/2025,01/06/2025,02/06/2025,04/06/2025,05/06/2025,07/06/2025,08/06/2025,09/06/2025,10/06/2025,11/06/2025,12/06/2025,14/06/2025,15/06/2025,16/06/2025,17/06/2025,18/06/2025,19/06/2025,20/06/2025,21/06/2025,22/06/2025,23/06/2025,24/06/2025,25/06/2025,29/06/2025,30/06/2025,03/07/2025,04/07/2025,05/07/2025,06/07/2025,08/07/2025,09/07/2025,10/07/2025,12/07/2025,14/07/2025,15/07/2025
103,21/05/2025,22/05/2025,23/05/2025,24/05/2025,25/05/2025,27/05/2025,28/05/2025,29/05/2025,30/05/2025,01/06/2025,02/06/2025,04/06/2025,05/06/2025,07/06/2025,08/06/2025,09/06/2025,10/06/2025,11/06/2025,12/06/2025,14/06/2025,15/06/2025,16/06/2025,17/06/2025,18/06/2025,19/06/2025,20/06/2025,21/06/2025,22/06/2025,23/06/2025,24/06/2025,25/06/2025,29/06/2025,30/06/2025,03/07/2025,04/07/2025,05/07/2025,06/07/2025,08/07/2025,09/07/2025,10/07/2025,12/07/2025,14/07/2025,15/07/2025
104,21/05/2025,22/05/2025,23/05/2025,24/05/2025,25/05/2025,27/05/2025,28/05/2025,29/05/2025,30/05/2025,01/06/2025,02/06/2025,04/06/2025,05/06/2025,07/06/2025,08/06/2025,09/06/2025,10/06/2025,11/06/2025,12/06/2025,14/06/2025,15/06/2025,16/06/2025,17/06/2025,18/06/2025,19/06/2025,20/06/2025,21/06/2025,22/06/2025,23/06/2025,24/06/2025,25/06/2025,29/06/2025,30/06/2025,03/07/2025,04/07/2025,05/07/2025,06/07/2025,08/07/2025,09/07/2025,10/07/2025,12/07/2025,14/07/2025,15/07/2025
105,21/05/2025,22/05/2025,23/05/2025,24/05/2025,25/05/2025,27/05/2025,28/05/2025,29/05/2025,30/05/2025,01/06/2025,02/06/2025,04/06/2025,05/06/2025,07/06/2025,08/06/2025,09/06/2025,10/06/2025,11/06/2025,12/06/2025,14/06/2025,15/06/2025,16/06/2025,17/06/2025,18/06/2025,19/06/2025,20/06/2025,21/06/2025,22/06/2025,23/06/2025,24/06/2025,25/06/2025,29/06/2025,30/06/2025,03/07/2025,04/07/2025,05/07/2025,06/07/2025,08/07/2025,09/07/2025,10/07/2025,12/07/2025,14/07/2025,15/07/2025
106,21/05/2025,22/05/2025,23/05/2025,24/05/2025,25/05/2025,27/05/2025,28/05/2025,29/05/2025,30/05/2025,01/06/2025,02/06/2025,04/06/2025,05/06/2025,07/06/2025,08/06/2025,09/06/2025,10/06/2025,11/06/2025,12/06/2025,14/06/2025,15/06/2025,16/06/2025,17/06/2025,18/06/2025,19/06/2025,20/06/2025,21/06/2025,22/06/2025,23/06/2025,24/06/2025,25/06/2025,29/06/2025,30/06/2025,03/07/2025,04/07/2025,05/07/2025,06/07/2025,08/07/2025,09/07/2025,10/07/2025,12/07/2025,14/07/2025,15/07/2025
107,21/05/2025,22/05/2025,23/05/2025,24/05/2025,25/05/2025,27/05/2025,28/05/2025,29/05/2025,30/05/2025,01/06/2025,02/06/2025,04/06/2025,05/06/2025,07/06/2025,08/06/2025,09/06/2025,10/06/2025,11/06/2025,12/06/2025,14/06/2025,15/06/2025,16/06/2025,17/06/2025,18/06/2025,19/06/2025,20/06/2025,21/06/2025,22/06/2025,23/06/2025,24/06/2025,25/06/2025,29/06/2025,30/06/2025,03/07/2025,04/07/2025,05/07/2025,06/07/2025,08/07/2025,09/07/2025,10/07/2025,12/07/2025,14/07/2025,15/07/2025
108,21/05/2025,22/05/2025,23/05/2025,24/05/2025,25/05/2025,27/05/2025,28/05/2025,29/05/2025,30/05/2025,01/06/2025,02/06/2025,04/06/2025,05/06/2025,07/06/2025,08/06/2025,09/06/2025,10/06/2025,11/06/2025,12/06/2025,14/06/2025,15/06/2025,16/06/2025,17/06/2025,18/06/2025,19/06/2025,20/06/2025,21/06/2025,22/06/2025,23/06/2025,24/06/2025,25/06/2025,29/06/2025,30/06/2025,03/07/2025,04/07/2025,05/07/2025,06/07/2025,08/07/2025,09/07/2025,10/07/2025,12/07/2025,14/07/2025,15/07/2025
109,21/05/2025,22/05/2025,23/05/2025,24/05/2025,25/05/2025,27/05/2025,28/05/2025,29/05/2025,30/05/2025,01/06/2025,02/06/2025,04/06/2025,05/06/2025,07/06/2025,08/06/2025,09/06/2025,10/06/2025,11/06/2025,12/06/2025,14/06/2025,15/06/2025,16/06/2025,17/06/2025,18/06/2025,19/06/2025,20/06/2025,21/06/2025,22/06/2025,23/06/2025,24/06/2025,25/06/2025,29/06/2025,30/06/2025,03/07/2025,04/07/2025,05/07/2025,06/07/2025,08/07/2025,09/07/2025,10/07/2025,12/07/2025,14/07/2025,15/07/2025
110,21/05/2025,22/05/2025,23/05/2025,24/05/2025,25/05/2025,27/05/2025,28/05/2025,29/05/2025,30/05/2025,01/06/2025,02/06/2025,04/06/2025,05/06/2025,07/06/2025,08/06/2025,09/06/2025,10/06/2025,11/06/2025,12/06/2025,14/06/2025,15/06/2025,16/06/2025,17/06/2025,18/06/2025,19/06/2025,20/06/2025,21/06/2025,22/06/2025,23/06/2025,24/06/2025,25/06/2025,29/06/2025,30/06/2025,03/07/2025,04/07/2025,05/07/2025,06/07/2025,08/07/2025,09/07/2025,10/07/2025,12/07/2025,14/07/2025,15/07/2025
111,21/05/2025,22/05/2025,23/05/2025,24/05/2025,25/05/2025,27/05/2025,28/05/2025,29/05/2025,30/05/2025,01/06/2025,02/06/2025,04/06/2025,05/06/2025,07/06/2025,08/06/2025,09/06/2025,10/06/2025,11/06/2025,12/06/2025,14/06/2025,15/06/2025,16/06/2025,17/06/2025,18/06/2025,19/06/2025,20/06/2025,21/06/2025,22/06/2025,23/06/2025,24/06/2025,25/06/2025,29/06/2025,30/06/2025,03/07/2025,04/07/2025,05/07/2025,06/07/2025,08/07/2025,09/07/2025,10/07/2025,12/07/2025,14/07/2025,15/07/2025
112,21/05/2025,22/05/2025,23/05/2025,24/05/2025,25/05/2025,27/05/2025,28/05/2025,29/05/2025,30/05/2025,01/06/2025,02/06/2025,04/06/2025,05/06/2025,07/06/2025,08/06/2025,09/06/2025,10/06/2025,11/06/2025,12/06/2025,14/06/2025,15/06/2025,16/06/2025,17/06/2025,18/06/2025,19/06/2025,20/06/2025,21/06/2025,22/06/2025,23/06/2025,24/06/2025,25/06/2025,29/06/2025,30/06/2025,03/07/2025,04/07/2025,05/07/2025,06/07/2025,08/07/2025,09/07/2025,10/07/2025,12/07/2025,14/07/2025,15/07/2025
113,21/05/2025,22/05/2025,23/05/2025,24/05/2025,25/05/2025,27/05/2025,28/05/2025,29/05/2025,30/05/2025,01/06/2025,02/06/2025,04/06/2025,05/06/2025,07/06/2025,08/06/2025,09/06/2025,10/06/2025,11/06/2025,12/06/2025,14/06/2025,15/06/2025,16/06/2025,17/06/2025,18/06/2025,19/06/2025,20/06/2025,21/06/2025,22/06/2025,23/06/2025,24/06/2025,25/06/2025,29/06/2025,30/06/2025,03/07/2025,04/07/2025,05/07/2025,06/07/2025,08/07/2025,09/07/2025,10/07/2025,12/07/2025,14/07/2025,15/07/2025
114,21/05/2025,22/05/2025,23/05/2025,24/05/2025,25/05/2025,27/05/2025,28/05/2025,29/05/2025,30/05/2025,01/06/2025,02/06/2025,04/06/2025,05/06/2025,07/06/2025,08/06/2025,09/06/2025,10/06/2025,11/06/2025,12/06/2025,14/06/2025,15/06/2025,16/06/2025,17/06/2025,18/06/2025,19/06/2025,20/06/2025,21/06/2025,22/06/2025,23/06/2025,24/06/2025,25/06/2025,29/06/2025,30/06/2025,03/07/2025,04/07/2025,05/07/2025,06/07/2025,08/07/2025,09/07/2025,10/07/2025,12/07/2025,14/07/2025,15/07/2025
115,21/05/2025,22/05/2025,23/05/2025,24/05/2025,25/05/2025,27/05/2025,28/05/2025,29/05/2025,30/05/2025,01/06/2025,02/06/2025,04/06/2025,05/06/2025,07/06/2025,08/06/2025,09/06/2025,10/06/2025,11/06/2025,12/06/2025,14/06/2025,15/06/2025,16/06/2025,17/06/2025,18/06/2025,19/06/2025,20/06/2025,21/06/2025,22/06/2025,23/06/2025,24/06/2025,25/06/2025,29/06/2025,30/06/2025,03/07/2025,04/07/2025,05/07/2025,06/07/2025,08/07/2025,09/07/2025,10/07/2025,12/07/2025,14/07/2025,15/07/2025
116,21/05/2025,22/05/2025,23/05/2025,24/05/2025,25/05/2025,27/05/2025,28/05/2025,29/05/2025,30/05/2025,01/06/2025,02/06/2025,04/06/2025,05/06/2025,07/06/2025,08/06/2025,09/06/2025,10/06/2025,11/06/2025,12/06/2025,14/06/2025,15/06/2025,16/06/2025,17/06/2025,18/06/2025,19/06/2025,20/06/2025,21/06/2025,22/06/2025,23/06/2025,24/06/2025,25/06/2025,29/06/2025,30/06/2025,03/07/2025,04/07/2025,05/07/2025,06/07/2025,08/07/2025,09/07/2025,10/07/2025,12/07/2025,14/07/2025,15/07/2025
117,21/05/2025,22/05/2025,23/05/2025,24/05/2025,25/05/2025,27/05/2025,28/05/2025,29/05/2025,30/05/2025,01/06/2025,02/06/2025,04/06/2025,05/06/2025,07/06/2025,08/06/2025,09/06/2025,10/06/2025,11/06/2025,12/06/2025,14/06/2025,15/06/2025,16/06/2025,17/06/2025,18/06/2025,19/06/2025,20/06/2025,21/06/2025,22/06/2025,23/06/2025,24/06/2025,25/06/2025,29/06/2025,30/06/2025,03/07/2025,04/07/2025,05/07/2025,06/07/2025,08/07/2025,09/07/2025,10/07/2025,12/07/2025,14/07/2025,15/07/2025
118,21/05/2025,22/05/2025,23/05/2025,24/05/2025,25/05/2025,27/05/2025,28/05/2025,29/05/2025,30/05/2025,01/06/2025,02/06/2025,04/06/2025,05/06/2025,07/06/2025,08/06/2025,09/06/2025,10/06/2025,11/06/2025,12/06/2025,14/06/2025,15/06/2025,16/06/2025,17/06/2025,18/06/2025,19/06/2025,20/06/2025,21/06/2025,22/06/2025,23/06/2025,24/06/2025,25/06/2025,29/06/2025,30/06/2025,03/07/2025,04/07/2025,05/07/2025,06/07/2025,08/07/2025,09/07/2025,10/07/2025,12/07/2025,14/07/2025,15/07/2025
119,21/05/2025,22/05/2025,23/05/2025,24/05/2025,25/05/2025,27/05/2025,28/05/2025,29/05/2025,30/05/2025,01/06/2025,02/06/2025,04/06/2025,05/06/2025,07/06/2025,08/06/2025,09/06/2025,10/06/2025,11/06/2025,12/06/2025,14/06/2025,15/06/2025,16/06/2025,17/06/2025,18/06/2025,19/06/2025,20/06/2025,21/06/2025,22/06/2025,23/06/2025,24/06/2025,25/06/2025,29/06/2025,30/06/2025,03/07/2025,04/07/2025,05/07/2025,06/07/2025,08/07/2025,09/07/2025,10/07/2025,12/07/2025,14/07/2025,15/07/2025
120,21/05/2025,22/05/2025,23/05/2025,24/05/2025,25/05/2025,27/05/2025,28/05/2025,29/05/2025,30/05/2025,01/06/2025,02/06/2025,04/06/2025,05/06/2025,07/06/2025,08/06/2025,09/06/2025,10/06/2025,11/06/2025,12/06/2025,14/06/2025,15/06/2025,16/06/2025,17/06/2025,18/06/2025,19/06/2025,20/06/2025,21/06/2025,22/06/2025,23/06/2025,24/06/2025,25/06/2025,29/06/2025,30/06/2025,03/07/2025,04/07/2025,05/07/2025,06/07/2025,08/07/2025,09/07/2025,10/07/2025,12/07/2025,14/07/2025,15/07/2025
121,21/05/2025,22/05/2025,23/05/2025,24/05/2025,25/05/2025,27/05/2025,28/05/2025,29/05/2025,30/05/2025,01/06/2025,02/06/2025,04/06/2025,05/06/2025,07/06/2025,08/06/2025,09/06/2025,10/06/2025,11/06/2025,12/06/2025,14/06/2025,15/06/2025,16/06/2025,17/06/2025,18/06/2025,19/06/2025,20/06/2025,21/06/2025,22/06/2025,23/06/2025,24/06/2025,25/06/2025,29/06/2025,30/06/2025,03/07/2025,04/07/2025,05/07/2025,06/07/2025,08/07/2025,09/07/2025,10/07/2025,12/07/2025,14/07/2025,15/07/2025
122,21/05/2025,22/05/2025,23/05/2025,24/05/2025,25/05/2025,27/05/2025,28/05/2025,29/05/2025,30/05/2025,01/06/2025,02/06/2025,04/06/2025,05/06/2025,07/06/2025,08/06/2025,09/06/2025,10/06/2025,11/06/2025,12/06/2025,14/06/2025,15/06/2025,16/06/2025,17/06/2025,18/06/2025,19/06/2025,20/06/2025,21/06/2025,22/06/2025,23/06/2025,24/06/2025,25/06/2025,29/06/2025,30/06/2025,03/07/2025,04/07/2025,05/07/2025,06/07/2025,08/07/2025,09/07/2025,10/07/2025,12/07/2025,14/07/2025,15/07/2025
123,21/05/2025,22/05/2025,23/05/2025,24/05/2025,25/05/2025,27/05/2025,28/05/2025,29/05/2025,30/05/2025,01/06/2025,02/06/2025,04/06/2025,05/06/2025,07/06/2025,08/06/2025,09/06/2025,10/06/2025,11/06/2025,12/06/2025,14/06/2025,15/06/2025,16/06/2025,17/06/2025,18/06/2025,19/06/2025,20/06/2025,21/06/2025,22/06/2025,23/06/2025,24/06/2025,25/06/2025,29/06/2025,30/06/2025,03/07/2025,04/07/2025,05/07/2025,06/07/2025,08/07/2025,09/07/2025,10/07/2025,12/07/2025,14/07/2025,15/07/2025
124,21/05/2025,22/05/2025,23/05/2025,24/05/2025,25/05/2025,27/05/2025,28/05/2025,29/05/2025,30/05/2025,01/06/2025,02/06/2025,04/06/2025,05/06/2025,07/06/2025,08/06/2025,09/06/2025,10/06/2025,11/06/2025,12/06/2025,14/06/2025,15/06/2025,16/06/2025,17/06/2025,18/06/2025,19/06/2025,20/06/2025,21/06/2025,22/06/2025,23/06/2025,24/06/2025,25/06/2025,29/06/2025,30/06/2025,03/07/2025,04/07/2025,05/07/2025,06/07/2025,08/07/2025,09/07/2025,10/07/2025,12/07/2025,14/07/2025,15/07/2025
125,21/05/2025,22/05/2025,23/05/2025,24/05/2025,25/05/2025,27/05/2025,28/05/2025,29/05/2025,30/05/2025,01/06/2025,02/06/2025,04/06/2025,05/06/2025,07/06/2025,08/06/2025,09/06/2025,10/06/2025,11/06/2025,12/06/2025,14/06/2025,15/06/2025,16/06/2025,17/06/2025,18/06/2025,19/06/2025,20/06/2025,21/06/2025,22/06/2025,23/06/2025,24/06/2025,25/06/2025,29/06/2025,30/06/2025,03/07/2025,04/07/2025,05/07/2025,06/07/2025,08/07/2025,09/07/2025,10/07/2025,12/07/2025,14/07/2025,15/07/2025
126,21/05/2025,22/05/2025,23/05/2025,24/05/2025,25/05/2025,27/05/2025,28/05/2025,29/05/2025,30/05/2025,01/06/2025,02/06/2025,04/06/2025,05/06/2025,07/06/2025,08/06/2025,09/06/2025,10/06/2025,11/06/2025,12/06/2025,14/06/2025,15/06/2025,16/06/2025,17/06/2025,18/06/2025,19/06/2025,20/06/2025,21/06/2025,22/06/2025,23/06/2025,24/06/2025,25/06/2025,29/06/2025,30/06/2025,03/07/2025,04/07/2025,05/07/2025,06/07/2025,08/07/2025,09/07/2025,10/07/2025,12/07/2025,14/07/2025,15/07/2025
127,21/05/2025,22/05/2025,23/05/2025,24/05/2025,25/05/2025,27/05/2025,28/05/2025,29/05/2025,30/05/2025,01/06/2025,02/06/2025,04/06/2025,05/06/2025,07/06/2025,08/06/2025,09/06/2025,10/06/2025,11/06/2025,12/06/2025,14/06/2025,15/06/2025,16/06/2025,17/06/2025,18/06/2025,19/06/2025,20/06/2025,21/06/2025,22/06/2025,23/06/2025,24/06/2025,25/06/2025,29/06/2025,30/06/2025,03/07/2025,04/07/2025,05/07/2025,06/07/2025,08/07/2025,09/07/2025,10/07/2025,12/07/2025,14/07/2025,15/07/2025
128,21/05/2025,22/05/2025,23/05/2025,24/05/2025,25/05/2025,27/05/2025,28/05/2025,29/05/2025,30/05/2025,01/06/2025,02/06/2025,04/06/2025,05/06/2025,07/06/2025,08/06/2025,09/06/2025,10/06/2025,11/06/2025,12/06/2025,14/06/2025,15/06/2025,16/06/2025,17/06/2025,18/06/2025,19/06/2025,20/06/2025,21/06/2025,22/06/2025,23/06/2025,24/06/2025,25/06/2025,29/06/2025,30/06/2025,03/07/2025,04/07/2025,05/07/2025,06/07/2025,08/07/2025,09/07/2025,10/07/2025,12/07/2025,14/07/2025,15/07/2025
129,21/05/2025,22/05/2025,23/05/2025,24/05/2025,25/05/2025,27/05/2025,28/05/2025,29/05/2025,30/05/2025,01/06/2025,02/06/2025,04/06/2025,05/06/2025,07/06/2025,08/06/2025,09/06/2025,10/06/2025,11/06/2025,12/06/2025,14/06/2025,15/06/2025,16/06/2025,17/06/2025,18/06/2025,19/06/2025,20/06/2025,21/06/2025,22/06/2025,23/06/2025,24/06/2025,25/06/2025,29/06/2025,30/06/2025,03/07/2025,04/07/2025,05/07/2025,06/07/2025,08/07/2025,09/07/2025,10/07/2025,12/07/2025,14/07/2025,15/07/2025
130,21/05/2025,22/05/2025,23/05/2025,24/05/2025,25/05/2025,27/05/2025,28/05/2025,29/05/2025,30/05/2025,01/06/2025,02/06/2025,04/06/2025,05/06/2025,07/06/2025,08/06/2025,09/06/2025,10/06/2025,11/06/2025,12/06/2025,14/06/2025,15/06/2025,16/06/2025,17/06/2025,18/06/2025,19/06/2025,20/06/2025,21/06/2025,22/06/2025,23/06/2025,24/06/2025,25/06/2025,29/06/2025,30/06/2025,03/07/2025,04/07/2025,05/07/2025,06/07/2025,08/07/2025,09/07/2025,10/07/2025,12/07/2025,14/07/2025,15/07/2025
131,21/05/2025,22/05/2025,23/05/2025,24/05/2025,25/05/2025,27/05/2025,28/05/2025,29/05/2025,30/05/2025,01/06/2025,02/06/2025,04/06/2025,05/06/2025,07/06/2025,08/06/2025,09/06/2025,10/06/2025,11/06/2025,12/06/2025,14/06/2025,15/06/2025,16/06/2025,17/06/2025,18/06/2025,19/06/2025,20/06/2025,21/06/2025,22/06/2025,23/06/2025,24/06/2025,25/06/2025,29/06/2025,30/06/2025,03/07/2025,04/07/2025,05/07/2025,06/07/2025,08/07/2025,09/07/2025,10/07/2025,12/07/2025,14/07/2025,15/07/2025
132,21/05/2025,22/05/2025,23/05/2025,24/05/2025,25/05/2025,27/05/2025,28/05/2025,29/05/2025,30/05/2025,01/06/2025,02/06/2025,04/06/2025,05/06/2025,07/06/2025,08/06/2025,09/06/2025,10/06/2025,11/06/2025,12/06/2025,14/06/2025,15/06/2025,16/06/2025,17/06/2025,18/06/2025,19/06/2025,20/06/2025,21/06/2025,22/06/2025,23/06/2025,24/06/2025,25/06/2025,29/06/2025,30/06/2025,03/07/2025,04/07/2025,05/07/2025,06/07/2025,08/07/2025,09/07/2025,10/07/2025,12/07/2025,14/07/2025,15/07/2025
133,21/05/2025,22/05/2025,23/05/2025,24/05/2025,25/05/2025,27/05/2025,28/05/2025,29/05/2025,30/05/2025,01/06/2025,02/06/2025,04/06/2025,05/06/2025,07/06/2025,08/06/2025,09/06/2025,10/06/2025,11/06/2025,12/06/2025,14/06/2025,15/06/2025,16/06/2025,17/06/2025,18/06/2025,19/06/2025,20/06/2025,21/06/2025,22/06/2025,23/06/2025,24/06/2025,25/06/2025,29/06/2025,30/06/2025,03/07/2025,04/07/2025,05/07/2025,06/07/2025,08/07/2025,09/07/2025,10/07/2025,12/07/2025,14/07/2025,15/07/2025
134,21/05/2025,22/05/2025,23/05/2025,24/05/2025,25/05/2025,27/05/2025,28/05/2025,29/05/2025,30/05/2025,01/06/2025,02/06/2025,04/06/2025,05/06/2025,07/06/2025,08/06/2025,09/06/2025,10/06/2025,11/06/2025,12/06/2025,14/06/2025,15/06/2025,16/06/2025,17/06/2025,18/06/2025,19/06/2025,20/06/2025,21/06/2025,22/06/2025,23/06/2025,24/06/2025,25/06/2025,29/06/2025,30/06/2025,03/07/2025,04/07/2025,05/07/2025,06/07/2025,08/07/2025,09/07/2025,10/07/2025,12/07/2025,14/07/2025,15/07/2025
135,21/05/2025,22/05/2025,23/05/2025,24/05/2025,25/05/2025,27/05/2025,28/05/2025,29/05/2025,30/05/2025,01/06/2025,02/06/2025,04/06/2025,05/06/2025,07/06/2025,08/06/2025,09/06/2025,10/06/2025,11/06/2025,12/06/2025,14/06/2025,15/06/2025,16/06/2025,17/06/2025,18/06/2025,19/06/2025,20/06/2025,21/06/2025,22/06/2025,23/06/2025,24/06/2025,25/06/2025,29/06/2025,30/06/2025,03/07/2025,04/07/2025,05/07/2025,06/07/2025,08/07/2025,09/07/2025,10/07/2025,12/07/2025,14/07/2025,15/07/2025
136,21/05/2025,22/05/2025,23/05/2025,24/05/2025,25/05/2025,27/05/2025,28/05/2025,29/05/2025,30/05/2025,01/06/2025,02/06/2025,04/06/2025,05/06/2025,07/06/2025,08/06/2025,09/06/2025,10/06/2025,11/06/2025,12/06/2025,14/06/2025,15/06/2025,16/06/2025,17/06/2025,18/06/2025,19/06/2025,20/06/2025,21/06/2025,22/06/2025,23/06/2025,24/06/2025,25/06/2025,29/06/2025,30/06/2025,03/07/2025,04/07/2025,05/07/2025,06/07/2025,08/07/2025,09/07/2025,10/07/2025,12/07/2025,14/07/2025,15/07/2025
137,21/05/2025,22/05/2025,23/05/2025,24/05/2025,25/05/2025,27/05/2025,28/05/2025,29/05/2025,30/05/2025,01/06/2025,02/06/2025,04/06/2025,05/06/2025,07/06/2025,08/06/2025,09/06/2025,10/06/2025,11/06/2025,12/06/2025,14/06/2025,15/06/2025,16/06/2025,17/06/2025,18/06/2025,19/06/2025,20/06/2025,21/06/2025,22/06/2025,23/06/2025,24/06/2025,25/06/2025,29/06/2025,30/06/2025,03/07/2025,04/07/2025,05/07/2025,06/07/2025,08/07/2025,09/07/2025,10/07/2025,12/07/2025,14/07/2025,15/07/2025
138,21/05/2025,22/05/2025,23/05/2025,24/05/2025,25/05/2025,27/05/2025,28/05/2025,29/05/2025,30/05/2025,01/06/2025,02/06/2025,04/06/2025,05/06/2025,07/06/2025,08/06/2025,09/06/2025,10/06/2025,11/06/2025,12/06/2025,14/06/2025,15/06/2025,16/06/2025,17/06/2025,18/06/2025,19/06/2025,20/06/2025,21/06/2025,22/06/2025,23/06/2025,24/06/2025,25/06/2025,29/06/2025,30/06/2025,03/07/2025,04/07/2025,05/07/2025,06/07/2025,08/07/2025,09/07/2025,10/07/2025,12/07/2025,14/07/2025,15/07/2025
139,21/05/2025,22/05/2025,23/05/2025,24/05/2025,25/05/2025,27/05/2025,28/05/2025,29/05/2025,30/05/2025,01/06/2025,02/06/2025,04/06/2025,05/06/2025,07/06/2025,08/06/2025,09/06/2025,10/06/2025,11/06/2025,12/06/2025,14/06/2025,15/06/2025,16/06/2025,17/06/2025,18/06/2025,19/06/2025,20/06/2025,21/06/2025,22/06/2025,23/06/2025,24/06/2025,25/06/2025,29/06/2025,30/06/2025,03/07/2025,04/07/2025,05/07/2025,06/07/2025,08/07/2025,09/07/2025,10/07/2025,12/07/2025,14/07/2025,15/07/2025
140,21/05/2025,22/05/2025,23/05/2025,24/05/2025,25/05/2025,27/05/2025,28/05/2025,29/05/2025,30/05/2025,01/06/2025,02/06/2025,04/06/2025,05/06/2025,07/06/2025,08/06/2025,09/06/2025,10/06/2025,11/06/2025,12/06/2025,14/06/2025,15/06/2025,16/06/2025,17/06/2025,18/06/2025,19/06/2025,20/06/2025,21/06/2025,22/06/2025,23/06/2025,24/06/2025,25/06/2025,29/06/2025,30/06/2025,03/07/2025,04/07/2025,05/07/2025,06/07/2025,08/07/2025,09/07/2025,10/07/2025,12/07/2025,14/07/2025,15/07/2025
