_ID,image1,image2,image3,image4,image5,image6,image7,image8,image9,image10,image11,image12,image13,image14,image15,image16,image17,image18,image19,image20,image21,image22,image23,image24,image25,image26,image27,image28,image29,image30,image31,image32
24,16/04/2025,18/04/2025,19/04/2025,20/04/2025,21/04/2025,22/04/2025,27/04/2025,29/04/2025,30/04/2025,01/05/2025,03/05/2025,06/05/2025,07/05/2025,08/05/2025,13/05/2025,16/05/2025,17/05/2025,18/05/2025,19/05/2025,20/05/2025,21/05/2025,22/05/2025,23/05/2025,24/05/2025,25/05/2025,27/05/2025,28/05/2025,29/05/2025,30/05/2025,01/06/2025,02/06/2025,04/06/2025
25,16/04/2025,18/04/2025,19/04/2025,20/04/2025,21/04/2025,22/04/2025,27/04/2025,29/04/2025,30/04/2025,01/05/2025,03/05/2025,06/05/2025,07/05/2025,08/05/2025,13/05/2025,16/05/2025,17/05/2025,18/05/2025,19/05/2025,20/05/2025,21/05/2025,22/05/2025,23/05/2025,24/05/2025,25/05/2025,27/05/2025,28/05/2025,29/05/2025,30/05/2025,01/06/2025,02/06/2025,04/06/2025
26,16/04/2025,18/04/2025,19/04/2025,20/04/2025,21/04/2025,22/04/2025,27/04/2025,29/04/2025,30/04/2025,01/05/2025,03/05/2025,06/05/2025,07/05/2025,08/05/2025,13/05/2025,16/05/2025,17/05/2025,18/05/2025,19/05/2025,20/05/2025,21/05/2025,22/05/2025,23/05/2025,24/05/2025,25/05/2025,27/05/2025,28/05/2025,29/05/2025,30/05/2025,01/06/2025,02/06/2025,04/06/2025
27,16/04/2025,18/04/2025,19/04/2025,20/04/2025,21/04/2025,22/04/2025,27/04/2025,29/04/2025,30/04/2025,01/05/2025,03/05/2025,06/05/2025,07/05/2025,08/05/2025,13/05/2025,16/05/2025,17/05/2025,18/05/2025,19/05/2025,20/05/2025,21/05/2025,22/05/2025,23/05/2025,24/05/2025,25/05/2025,27/05/2025,28/05/2025,29/05/2025,30/05/2025,01/06/2025,02/06/2025,04/06/2025
28,16/04/2025,18/04/2025,19/04/2025,20/04/2025,21/04/2025,22/04/2025,27/04/2025,29/04/2025,30/04/2025,01/05/2025,03/05/2025,06/05/2025,07/05/2025,08/05/2025,13/05/2025,16/05/2025,17/05/2025,18/05/2025,19/05/2025,20/05/2025,21/05/2025,22/05/2025,23/05/2025,24/05/2025,25/05/2025,27/05/2025,28/05/2025,29/05/2025,30/05/2025,01/06/2025,02/06/2025,04/06/2025
29,16/04/2025,18/04/2025,19/04/2025,20/04/2025,21/04/2025,22/04/2025,27/04/2025,29/04/2025,30/04/2025,01/05/2025,03/05/2025,06/05/2025,07/05/2025,08/05/2025,13/05/2025,16/05/2025,17/05/2025,18/05/2025,19/05/2025,20/05/2025,21/05/2025,22/05/2025,23/05/2025,24/05/2025,25/05/2025,27/05/2025,28/05/2025,29/05/2025,30/05/2025,01/06/2025,02/06/2025,04/06/2025
30,16/04/2025,18/04/2025,19/04/2025,20/04/2025,21/04/2025,22/04/2025,27/04/2025,29/04/2025,30/04/2025,01/05/2025,03/05/2025,06/05/2025,07/05/2025,08/05/2025,13/05/2025,16/05/2025,17/05/2025,18/05/2025,19/05/2025,20/05/2025,21/05/2025,22/05/2025,23/05/2025,24/05/2025,25/05/2025,27/05/2025,28/05/2025,29/05/2025,30/05/2025,01/06/2025,02/06/2025,04/06/2025
31,16/04/2025,18/04/2025,19/04/2025,20/04/2025,21/04/2025,22/04/2025,27/04/2025,29/04/2025,30/04/2025,01/05/2025,03/05/2025,06/05/2025,07/05/2025,08/05/2025,13/05/2025,16/05/2025,17/05/2025,18/05/2025,19/05/2025,20/05/2025,21/05/2025,22/05/2025,23/05/2025,24/05/2025,25/05/2025,27/05/2025,28/05/2025,29/05/2025,30/05/2025,01/06/2025,02/06/2025,04/06/2025
32,16/04/2025,18/04/2025,19/04/2025,20/04/2025,21/04/2025,22/04/2025,27/04/2025,29/04/2025,30/04/2025,01/05/2025,03/05/2025,06/05/2025,07/05/2025,08/05/2025,13/05/2025,16/05/2025,17/05/2025,18/05/2025,19/05/2025,20/05/2025,21/05/2025,22/05/2025,23/05/2025,24/05/2025,25/05/2025,27/05/2025,28/05/2025,29/05/2025,30/05/2025,01/06/2025,02/06/2025,04/06/2025
33,16/04/2025,18/04/2025,19/04/2025,20/04/2025,21/04/2025,22/04/2025,27/04/2025,29/04/2025,30/04/2025,01/05/2025,03/05/2025,06/05/2025,07/05/2025,08/05/2025,13/05/2025,16/05/2025,17/05/2025,18/05/2025,19/05/2025,20/05/2025,21/05/2025,22/05/2025,23/05/2025,24/05/2025,25/05/2025,27/05/2025,28/05/2025,29/05/2025,30/05/2025,01/06/2025,02/06/2025,04/06/2025
34,16/04/2025,18/04/2025,19/04/2025,20/04/2025,21/04/2025,22/04/2025,27/04/2025,29/04/2025,30/04/2025,01/05/2025,03/05/2025,06/05/2025,07/05/2025,08/05/2025,13/05/2025,16/05/2025,17/05/2025,18/05/2025,19/05/2025,20/05/2025,21/05/2025,22/05/2025,23/05/2025,24/05/2025,25/05/2025,27/05/2025,28/05/2025,29/05/2025,30/05/2025,01/06/2025,02/06/2025,04/06/2025
35,16/04/2025,18/04/2025,19/04/2025,20/04/2025,21/04/2025,22/04/2025,27/04/2025,29/04/2025,30/04/2025,01/05/2025,03/05/2025,06/05/2025,07/05/2025,08/05/2025,13/05/2025,16/05/2025,17/05/2025,18/05/2025,19/05/2025,20/05/2025,21/05/2025,22/05/2025,23/05/2025,24/05/2025,25/05/2025,27/05/2025,28/05/2025,29/05/2025,30/05/2025,01/06/2025,02/06/2025,04/06/2025
36,16/04/2025,18/04/2025,19/04/2025,20/04/2025,21/04/2025,22/04/2025,27/04/2025,29/04/2025,30/04/2025,01/05/2025,03/05/2025,06/05/2025,07/05/2025,08/05/2025,13/05/2025,16/05/2025,17/05/2025,18/05/2025,19/05/2025,20/05/2025,21/05/2025,22/05/2025,23/05/2025,24/05/2025,25/05/2025,27/05/2025,28/05/2025,29/05/2025,30/05/2025,01/06/2025,02/06/2025,04/06/2025
38,16/04/2025,18/04/2025,19/04/2025,20/04/2025,21/04/2025,22/04/2025,27/04/2025,29/04/2025,30/04/2025,01/05/2025,03/05/2025,06/05/2025,07/05/2025,08/05/2025,13/05/2025,16/05/2025,17/05/2025,18/05/2025,19/05/2025,20/05/2025,21/05/2025,22/05/2025,23/05/2025,24/05/2025,25/05/2025,27/05/2025,28/05/2025,29/05/2025,30/05/2025,01/06/2025,02/06/2025,04/06/2025
39,16/04/2025,18/04/2025,19/04/2025,20/04/2025,21/04/2025,22/04/2025,27/04/2025,29/04/2025,30/04/2025,01/05/2025,03/05/2025,06/05/2025,07/05/2025,08/05/2025,13/05/2025,16/05/2025,17/05/2025,18/05/2025,19/05/2025,20/05/2025,21/05/2025,22/05/2025,23/05/2025,24/05/2025,25/05/2025,27/05/2025,28/05/2025,29/05/2025,30/05/2025,01/06/2025,02/06/2025,04/06/2025
40,16/04/2025,18/04/2025,19/04/2025,20/04/2025,21/04/2025,22/04/2025,27/04/2025,29/04/2025,30/04/2025,01/05/2025,03/05/2025,06/05/2025,07/05/2025,08/05/2025,13/05/2025,16/05/2025,17/05/2025,18/05/2025,19/05/2025,20/05/2025,21/05/2025,22/05/2025,23/05/2025,24/05/2025,25/05/2025,27/05/2025,28/05/2025,29/05/2025,30/05/2025,01/06/2025,02/06/2025,04/06/2025
41,16/04/2025,18/04/2025,19/04/2025,20/04/2025,21/04/2025,22/04/2025,27/04/2025,29/04/2025,30/04/2025,01/05/2025,03/05/2025,06/05/2025,07/05/2025,08/05/2025,13/05/2025,16/05/2025,17/05/2025,18/05/2025,19/05/2025,20/05/2025,21/05/2025,22/05/2025,23/05/2025,24/05/2025,25/05/2025,27/05/2025,28/05/2025,29/05/2025,30/05/2025,01/06/2025,02/06/2025,04/06/2025
42,16/04/2025,18/04/2025,19/04/2025,20/04/2025,21/04/2025,22/04/2025,27/04/2025,29/04/2025,30/04/2025,01/05/2025,03/05/2025,06/05/2025,07/05/2025,08/05/2025,13/05/2025,16/05/2025,17/05/2025,18/05/2025,19/05/2025,20/05/2025,21/05/2025,22/05/2025,23/05/2025,24/05/2025,25/05/2025,27/05/2025,28/05/2025,29/05/2025,30/05/2025,01/06/2025,02/06/2025,04/06/2025
43,16/04/2025,18/04/2025,19/04/2025,20/04/2025,21/04/2025,22/04/2025,27/04/2025,29/04/2025,30/04/2025,01/05/2025,03/05/2025,06/05/2025,07/05/2025,08/05/2025,13/05/2025,16/05/2025,17/05/2025,18/05/2025,19/05/2025,20/05/2025,21/05/2025,22/05/2025,23/05/2025,24/05/2025,25/05/2025,27/05/2025,28/05/2025,29/05/2025,30/05/2025,01/06/2025,02/06/2025,04/06/2025
44,16/04/2025,18/04/2025,19/04/2025,20/04/2025,21/04/2025,22/04/2025,27/04/2025,29/04/2025,30/04/2025,01/05/2025,03/05/2025,06/05/2025,07/05/2025,08/05/2025,13/05/2025,16/05/2025,17/05/2025,18/05/2025,19/05/2025,20/05/2025,21/05/2025,22/05/2025,23/05/2025,24/05/2025,25/05/2025,27/05/2025,28/05/2025,29/05/2025,30/05/2025,01/06/2025,02/06/2025,04/06/2025
45,16/04/2025,18/04/2025,19/04/2025,20/04/2025,21/04/2025,22/04/2025,27/04/2025,29/04/2025,30/04/2025,01/05/2025,03/05/2025,06/05/2025,07/05/2025,08/05/2025,13/05/2025,16/05/2025,17/05/2025,18/05/2025,19/05/2025,20/05/2025,21/05/2025,22/05/2025,23/05/2025,24/05/2025,25/05/2025,27/05/2025,28/05/2025,29/05/2025,30/05/2025,01/06/2025,02/06/2025,04/06/2025
46,16/04/2025,18/04/2025,19/04/2025,20/04/2025,21/04/2025,22/04/2025,27/04/2025,29/04/2025,30/04/2025,01/05/2025,03/05/2025,06/05/2025,07/05/2025,08/05/2025,13/05/2025,16/05/2025,17/05/2025,18/05/2025,19/05/2025,20/05/2025,21/05/2025,22/05/2025,23/05/2025,24/05/2025,25/05/2025,27/05/2025,28/05/2025,29/05/2025,30/05/2025,01/06/2025,02/06/2025,04/06/2025
47,16/04/2025,18/04/2025,19/04/2025,20/04/2025,21/04/2025,22/04/2025,27/04/2025,29/04/2025,30/04/2025,01/05/2025,03/05/2025,06/05/2025,07/05/2025,08/05/2025,13/05/2025,16/05/2025,17/05/2025,18/05/2025,19/05/2025,20/05/2025,21/05/2025,22/05/2025,23/05/2025,24/05/2025,25/05/2025,27/05/2025,28/05/2025,29/05/2025,30/05/2025,01/06/2025,02/06/2025,04/06/2025
48,16/04/2025,18/04/2025,19/04/2025,20/04/2025,21/04/2025,22/04/2025,27/04/2025,29/04/2025,30/04/2025,01/05/2025,03/05/2025,06/05/2025,07/05/2025,08/05/2025,13/05/2025,16/05/2025,17/05/2025,18/05/2025,19/05/2025,20/05/2025,21/05/2025,22/05/2025,23/05/2025,24/05/2025,25/05/2025,27/05/2025,28/05/2025,29/05/2025,30/05/2025,01/06/2025,02/06/2025,04/06/2025
49,16/04/2025,18/04/2025,19/04/2025,20/04/2025,21/04/2025,22/04/2025,27/04/2025,29/04/2025,30/04/2025,01/05/2025,03/05/2025,06/05/2025,07/05/2025,08/05/2025,13/05/2025,16/05/2025,17/05/2025,18/05/2025,19/05/2025,20/05/2025,21/05/2025,22/05/2025,23/05/2025,24/05/2025,25/05/2025,27/05/2025,28/05/2025,29/05/2025,30/05/2025,01/06/2025,02/06/2025,04/06/2025
50,16/04/2025,18/04/2025,19/04/2025,20/04/2025,21/04/2025,22/04/2025,27/04/2025,29/04/2025,30/04/2025,01/05/2025,03/05/2025,06/05/2025,07/05/2025,08/05/2025,13/05/2025,16/05/2025,17/05/2025,18/05/2025,19/05/2025,20/05/2025,21/05/2025,22/05/2025,23/05/2025,24/05/2025,25/05/2025,27/05/2025,28/05/2025,29/05/2025,30/05/2025,01/06/2025,02/06/2025,04/06/2025
51,16/04/2025,18/04/2025,19/04/2025,20/04/2025,21/04/2025,22/04/2025,27/04/2025,29/04/2025,30/04/2025,01/05/2025,03/05/2025,06/05/2025,07/05/2025,08/05/2025,13/05/2025,16/05/2025,17/05/2025,18/05/2025,19/05/2025,20/05/2025,21/05/2025,22/05/2025,23/05/2025,24/05/2025,25/05/2025,27/05/2025,28/05/2025,29/05/2025,30/05/2025,01/06/2025,02/06/2025,04/06/2025
52,16/04/2025,18/04/2025,19/04/2025,20/04/2025,21/04/2025,22/04/2025,27/04/2025,29/04/2025,30/04/2025,01/05/2025,03/05/2025,06/05/2025,07/05/2025,08/05/2025,13/05/2025,16/05/2025,17/05/2025,18/05/2025,19/05/2025,20/05/2025,21/05/2025,22/05/2025,23/05/2025,24/05/2025,25/05/2025,27/05/2025,28/05/2025,29/05/2025,30/05/2025,01/06/2025,02/06/2025,04/06/2025
53,16/04/2025,18/04/2025,19/04/2025,20/04/2025,21/04/2025,22/04/2025,27/04/2025,29/04/2025,30/04/2025,01/05/2025,03/05/2025,06/05/2025,07/05/2025,08/05/2025,13/05/2025,16/05/2025,17/05/2025,18/05/2025,19/05/2025,20/05/2025,21/05/2025,22/05/2025,23/05/2025,24/05/2025,25/05/2025,27/05/2025,28/05/2025,29/05/2025,30/05/2025,01/06/2025,02/06/2025,04/06/2025
54,16/04/2025,18/04/2025,19/04/2025,20/04/2025,21/04/2025,22/04/2025,27/04/2025,29/04/2025,30/04/2025,01/05/2025,03/05/2025,06/05/2025,07/05/2025,08/05/2025,13/05/2025,16/05/2025,17/05/2025,18/05/2025,19/05/2025,20/05/2025,21/05/2025,22/05/2025,23/05/2025,24/05/2025,25/05/2025,27/05/2025,28/05/2025,29/05/2025,30/05/2025,01/06/2025,02/06/2025,04/06/2025
55,16/04/2025,18/04/2025,19/04/2025,20/04/2025,21/04/2025,22/04/2025,27/04/2025,29/04/2025,30/04/2025,01/05/2025,03/05/2025,06/05/2025,07/05/2025,08/05/2025,13/05/2025,16/05/2025,17/05/2025,18/05/2025,19/05/2025,20/05/2025,21/05/2025,22/05/2025,23/05/2025,24/05/2025,25/05/2025,27/05/2025,28/05/2025,29/05/2025,30/05/2025,01/06/2025,02/06/2025,04/06/2025
56,16/04/2025,18/04/2025,19/04/2025,20/04/2025,21/04/2025,22/04/2025,27/04/2025,29/04/2025,30/04/2025,01/05/2025,03/05/2025,06/05/2025,07/05/2025,08/05/2025,13/05/2025,16/05/2025,17/05/2025,18/05/2025,19/05/2025,20/05/2025,21/05/2025,22/05/2025,23/05/2025,24/05/2025,25/05/2025,27/05/2025,28/05/2025,29/05/2025,30/05/2025,01/06/2025,02/06/2025,04/06/2025
57,16/04/2025,18/04/2025,19/04/2025,20/04/2025,21/04/2025,22/04/2025,27/04/2025,29/04/2025,30/04/2025,01/05/2025,03/05/2025,06/05/2025,07/05/2025,08/05/2025,13/05/2025,16/05/2025,17/05/2025,18/05/2025,19/05/2025,20/05/2025,21/05/2025,22/05/2025,23/05/2025,24/05/2025,25/05/2025,27/05/2025,28/05/2025,29/05/2025,30/05/2025,01/06/2025,02/06/2025,04/06/2025
58,16/04/2025,18/04/2025,19/04/2025,20/04/2025,21/04/2025,22/04/2025,27/04/2025,29/04/2025,30/04/2025,01/05/2025,03/05/2025,06/05/2025,07/05/2025,08/05/2025,13/05/2025,16/05/2025,17/05/2025,18/05/2025,19/05/2025,20/05/2025,21/05/2025,22/05/2025,23/05/2025,24/05/2025,25/05/2025,27/05/2025,28/05/2025,29/05/2025,30/05/2025,01/06/2025,02/06/2025,04/06/2025
59,16/04/2025,18/04/2025,19/04/2025,20/04/2025,21/04/2025,22/04/2025,27/04/2025,29/04/2025,30/04/2025,01/05/2025,03/05/2025,06/05/2025,07/05/2025,08/05/2025,13/05/2025,16/05/2025,17/05/2025,18/05/2025,19/05/2025,20/05/2025,21/05/2025,22/05/2025,23/05/2025,24/05/2025,25/05/2025,27/05/2025,28/05/2025,29/05/2025,30/05/2025,01/06/2025,02/06/2025,04/06/2025
60,16/04/2025,18/04/2025,19/04/2025,20/04/2025,21/04/2025,22/04/2025,27/04/2025,29/04/2025,30/04/2025,01/05/2025,03/05/2025,06/05/2025,07/05/2025,08/05/2025,13/05/2025,16/05/2025,17/05/2025,18/05/2025,19/05/2025,20/05/2025,21/05/2025,22/05/2025,23/05/2025,24/05/2025,25/05/2025,27/05/2025,28/05/2025,29/05/2025,30/05/2025,01/06/2025,02/06/2025,04/06/2025
61,16/04/2025,18/04/2025,19/04/2025,20/04/2025,21/04/2025,22/04/2025,27/04/2025,29/04/2025,30/04/2025,01/05/2025,03/05/2025,06/05/2025,07/05/2025,08/05/2025,13/05/2025,16/05/2025,17/05/2025,18/05/2025,19/05/2025,20/05/2025,21/05/2025,22/05/2025,23/05/2025,24/05/2025,25/05/2025,27/05/2025,28/05/2025,29/05/2025,30/05/2025,01/06/2025,02/06/2025,04/06/2025
62,16/04/2025,18/04/2025,19/04/2025,20/04/2025,21/04/2025,22/04/2025,27/04/2025,29/04/2025,30/04/2025,01/05/2025,03/05/2025,06/05/2025,07/05/2025,08/05/2025,13/05/2025,16/05/2025,17/05/2025,18/05/2025,19/05/2025,20/05/2025,21/05/2025,22/05/2025,23/05/2025,24/05/2025,25/05/2025,27/05/2025,28/05/2025,29/05/2025,30/05/2025,01/06/2025,02/06/2025,04/06/2025
63,16/04/2025,18/04/2025,19/04/2025,20/04/2025,21/04/2025,22/04/2025,27/04/2025,29/04/2025,30/04/2025,01/05/2025,03/05/2025,06/05/2025,07/05/2025,08/05/2025,13/05/2025,16/05/2025,17/05/2025,18/05/2025,19/05/2025,20/05/2025,21/05/2025,22/05/2025,23/05/2025,24/05/2025,25/05/2025,27/05/2025,28/05/2025,29/05/2025,30/05/2025,01/06/2025,02/06/2025,04/06/2025
64,16/04/2025,18/04/2025,19/04/2025,20/04/2025,21/04/2025,22/04/2025,27/04/2025,29/04/2025,30/04/2025,01/05/2025,03/05/2025,06/05/2025,07/05/2025,08/05/2025,13/05/2025,16/05/2025,17/05/2025,18/05/2025,19/05/2025,20/05/2025,21/05/2025,22/05/2025,23/05/2025,24/05/2025,25/05/2025,27/05/2025,28/05/2025,29/05/2025,30/05/2025,01/06/2025,02/06/2025,04/06/2025
65,16/04/2025,18/04/2025,19/04/2025,20/04/2025,21/04/2025,22/04/2025,27/04/2025,29/04/2025,30/04/2025,01/05/2025,03/05/2025,06/05/2025,07/05/2025,08/05/2025,13/05/2025,16/05/2025,17/05/2025,18/05/2025,19/05/2025,20/05/2025,21/05/2025,22/05/2025,23/05/2025,24/05/2025,25/05/2025,27/05/2025,28/05/2025,29/05/2025,30/05/2025,01/06/2025,02/06/2025,04/06/2025
66,16/04/2025,18/04/2025,19/04/2025,20/04/2025,21/04/2025,22/04/2025,27/04/2025,29/04/2025,30/04/2025,01/05/2025,03/05/2025,06/05/2025,07/05/2025,08/05/2025,13/05/2025,16/05/2025,17/05/2025,18/05/2025,19/05/2025,20/05/2025,21/05/2025,22/05/2025,23/05/2025,24/05/2025,25/05/2025,27/05/2025,28/05/2025,29/05/2025,30/05/2025,01/06/2025,02/06/2025,04/06/2025
67,16/04/2025,18/04/2025,19/04/2025,20/04/2025,21/04/2025,22/04/2025,27/04/2025,29/04/2025,30/04/2025,01/05/2025,03/05/2025,06/05/2025,07/05/2025,08/05/2025,13/05/2025,16/05/2025,17/05/2025,18/05/2025,19/05/2025,20/05/2025,21/05/2025,22/05/2025,23/05/2025,24/05/2025,25/05/2025,27/05/2025,28/05/2025,29/05/2025,30/05/2025,01/06/2025,02/06/2025,04/06/2025
68,16/04/2025,18/04/2025,19/04/2025,20/04/2025,21/04/2025,22/04/2025,27/04/2025,29/04/2025,30/04/2025,01/05/2025,03/05/2025,06/05/2025,07/05/2025,08/05/2025,13/05/2025,16/05/2025,17/05/2025,18/05/2025,19/05/2025,20/05/2025,21/05/2025,22/05/2025,23/05/2025,24/05/2025,25/05/2025,27/05/2025,28/05/2025,29/05/2025,30/05/2025,01/06/2025,02/06/2025,04/06/2025
69,16/04/2025,18/04/2025,19/04/2025,20/04/2025,21/04/2025,22/04/2025,27/04/2025,29/04/2025,30/04/2025,01/05/2025,03/05/2025,06/05/2025,07/05/2025,08/05/2025,13/05/2025,16/05/2025,17/05/2025,18/05/2025,19/05/2025,20/05/2025,21/05/2025,22/05/2025,23/05/2025,24/05/2025,25/05/2025,27/05/2025,28/05/2025,29/05/2025,30/05/2025,01/06/2025,02/06/2025,04/06/2025
70,16/04/2025,18/04/2025,19/04/2025,20/04/2025,21/04/2025,22/04/2025,27/04/2025,29/04/2025,30/04/2025,01/05/2025,03/05/2025,06/05/2025,07/05/2025,08/05/2025,13/05/2025,16/05/2025,17/05/2025,18/05/2025,19/05/2025,20/05/2025,21/05/2025,22/05/2025,23/05/2025,24/05/2025,25/05/2025,27/05/2025,28/05/2025,29/05/2025,30/05/2025,01/06/2025,02/06/2025,04/06/2025
71,16/04/2025,18/04/2025,19/04/2025,20/04/2025,21/04/2025,22/04/2025,27/04/2025,29/04/2025,30/04/2025,01/05/2025,03/05/2025,06/05/2025,07/05/2025,08/05/2025,13/05/2025,16/05/2025,17/05/2025,18/05/2025,19/05/2025,20/05/2025,21/05/2025,22/05/2025,23/05/2025,24/05/2025,25/05/2025,27/05/2025,28/05/2025,29/05/2025,30/05/2025,01/06/2025,02/06/2025,04/06/2025
72,16/04/2025,18/04/2025,19/04/2025,20/04/2025,21/04/2025,22/04/2025,27/04/2025,29/04/2025,30/04/2025,01/05/2025,03/05/2025,06/05/2025,07/05/2025,08/05/2025,13/05/2025,16/05/2025,17/05/2025,18/05/2025,19/05/2025,20/05/2025,21/05/2025,22/05/2025,23/05/2025,24/05/2025,25/05/2025,27/05/2025,28/05/2025,29/05/2025,30/05/2025,01/06/2025,02/06/2025,04/06/2025
73,16/04/2025,18/04/2025,19/04/2025,20/04/2025,21/04/2025,22/04/2025,27/04/2025,29/04/2025,30/04/2025,01/05/2025,03/05/2025,06/05/2025,07/05/2025,08/05/2025,13/05/2025,16/05/2025,17/05/2025,18/05/2025,19/05/2025,20/05/2025,21/05/2025,22/05/2025,23/05/2025,24/05/2025,25/05/2025,27/05/2025,28/05/2025,29/05/2025,30/05/2025,01/06/2025,02/06/2025,04/06/2025
74,16/04/2025,18/04/2025,19/04/2025,20/04/2025,21/04/2025,22/04/2025,27/04/2025,29/04/2025,30/04/2025,01/05/2025,03/05/2025,06/05/2025,07/05/2025,08/05/2025,13/05/2025,16/05/2025,17/05/2025,18/05/2025,19/05/2025,20/05/2025,21/05/2025,22/05/2025,23/05/2025,24/05/2025,25/05/2025,27/05/2025,28/05/2025,29/05/2025,30/05/2025,01/06/2025,02/06/2025,04/06/2025
75,16/04/2025,18/04/2025,19/04/2025,20/04/2025,21/04/2025,22/04/2025,27/04/2025,29/04/2025,30/04/2025,01/05/2025,03/05/2025,06/05/2025,07/05/2025,08/05/2025,13/05/2025,16/05/2025,17/05/2025,18/05/2025,19/05/2025,20/05/2025,21/05/2025,22/05/2025,23/05/2025,24/05/2025,25/05/2025,27/05/2025,28/05/2025,29/05/2025,30/05/2025,01/06/2025,02/06/2025,04/06/2025
76,16/04/2025,18/04/2025,19/04/2025,20/04/2025,21/04/2025,22/04/2025,27/04/2025,29/04/2025,30/04/2025,01/05/2025,03/05/2025,06/05/2025,07/05/2025,08/05/2025,13/05/2025,16/05/2025,17/05/2025,18/05/2025,19/05/2025,20/05/2025,21/05/2025,22/05/2025,23/05/2025,24/05/2025,25/05/2025,27/05/2025,28/05/2025,29/05/2025,30/05/2025,01/06/2025,02/06/2025,04/06/2025
77,16/04/2025,18/04/2025,19/04/2025,20/04/2025,21/04/2025,22/04/2025,27/04/2025,29/04/2025,30/04/2025,01/05/2025,03/05/2025,06/05/2025,07/05/2025,08/05/2025,13/05/2025,16/05/2025,17/05/2025,18/05/2025,19/05/2025,20/05/2025,21/05/2025,22/05/2025,23/05/2025,24/05/2025,25/05/2025,27/05/2025,28/05/2025,29/05/2025,30/05/2025,01/06/2025,02/06/2025,04/06/2025
78,16/04/2025,18/04/2025,19/04/2025,20/04/2025,21/04/2025,22/04/2025,27/04/2025,29/04/2025,30/04/2025,01/05/2025,03/05/2025,06/05/2025,07/05/2025,08/05/2025,13/05/2025,16/05/2025,17/05/2025,18/05/2025,19/05/2025,20/05/2025,21/05/2025,22/05/2025,23/05/2025,24/05/2025,25/05/2025,27/05/2025,28/05/2025,29/05/2025,30/05/2025,01/06/2025,02/06/2025,04/06/2025
79,16/04/2025,18/04/2025,19/04/2025,20/04/2025,21/04/2025,22/04/2025,27/04/2025,29/04/2025,30/04/2025,01/05/2025,03/05/2025,06/05/2025,07/05/2025,08/05/2025,13/05/2025,16/05/2025,17/05/2025,18/05/2025,19/05/2025,20/05/2025,21/05/2025,22/05/2025,23/05/2025,24/05/2025,25/05/2025,27/05/2025,28/05/2025,29/05/2025,30/05/2025,01/06/2025,02/06/2025,04/06/2025
80,16/04/2025,18/04/2025,19/04/2025,20/04/2025,21/04/2025,22/04/2025,27/04/2025,29/04/2025,30/04/2025,01/05/2025,03/05/2025,06/05/2025,07/05/2025,08/05/2025,13/05/2025,16/05/2025,17/05/2025,18/05/2025,19/05/2025,20/05/2025,21/05/2025,22/05/2025,23/05/2025,24/05/2025,25/05/2025,27/05/2025,28/05/2025,29/05/2025,30/05/2025,01/06/2025,02/06/2025,04/06/2025
81,16/04/2025,18/04/2025,19/04/2025,20/04/2025,21/04/2025,22/04/2025,27/04/2025,29/04/2025,30/04/2025,01/05/2025,03/05/2025,06/05/2025,07/05/2025,08/05/2025,13/05/2025,16/05/2025,17/05/2025,18/05/2025,19/05/2025,20/05/2025,21/05/2025,22/05/2025,23/05/2025,24/05/2025,25/05/2025,27/05/2025,28/05/2025,29/05/2025,30/05/2025,01/06/2025,02/06/2025,04/06/2025
82,16/04/2025,18/04/2025,19/04/2025,20/04/2025,21/04/2025,22/04/2025,27/04/2025,29/04/2025,30/04/2025,01/05/2025,03/05/2025,06/05/2025,07/05/2025,08/05/2025,13/05/2025,16/05/2025,17/05/2025,18/05/2025,19/05/2025,20/05/2025,21/05/2025,22/05/2025,23/05/2025,24/05/2025,25/05/2025,27/05/2025,28/05/2025,29/05/2025,30/05/2025,01/06/2025,02/06/2025,04/06/2025
83,16/04/2025,18/04/2025,19/04/2025,20/04/2025,21/04/2025,22/04/2025,27/04/2025,29/04/2025,30/04/2025,01/05/2025,03/05/2025,06/05/2025,07/05/2025,08/05/2025,13/05/2025,16/05/2025,17/05/2025,18/05/2025,19/05/2025,20/05/2025,21/05/2025,22/05/2025,23/05/2025,24/05/2025,25/05/2025,27/05/2025,28/05/2025,29/05/2025,30/05/2025,01/06/2025,02/06/2025,04/06/2025
84,16/04/2025,18/04/2025,19/04/2025,20/04/2025,21/04/2025,22/04/2025,27/04/2025,29/04/2025,30/04/2025,01/05/2025,03/05/2025,06/05/2025,07/05/2025,08/05/2025,13/05/2025,16/05/2025,17/05/2025,18/05/2025,19/05/2025,20/05/2025,21/05/2025,22/05/2025,23/05/2025,24/05/2025,25/05/2025,27/05/2025,28/05/2025,29/05/2025,30/05/2025,01/06/2025,02/06/2025,04/06/2025
85,16/04/2025,18/04/2025,19/04/2025,20/04/2025,21/04/2025,22/04/2025,27/04/2025,29/04/2025,30/04/2025,01/05/2025,03/05/2025,06/05/2025,07/05/2025,08/05/2025,13/05/2025,16/05/2025,17/05/2025,18/05/2025,19/05/2025,20/05/2025,21/05/2025,22/05/2025,23/05/2025,24/05/2025,25/05/2025,27/05/2025,28/05/2025,29/05/2025,30/05/2025,01/06/2025,02/06/2025,04/06/2025
86,16/04/2025,18/04/2025,19/04/2025,20/04/2025,21/04/2025,22/04/2025,27/04/2025,29/04/2025,30/04/2025,01/05/2025,03/05/2025,06/05/2025,07/05/2025,08/05/2025,13/05/2025,16/05/2025,17/05/2025,18/05/2025,19/05/2025,20/05/2025,21/05/2025,22/05/2025,23/05/2025,24/05/2025,25/05/2025,27/05/2025,28/05/2025,29/05/2025,30/05/2025,01/06/2025,02/06/2025,04/06/2025
87,16/04/2025,18/04/2025,19/04/2025,20/04/2025,21/04/2025,22/04/2025,27/04/2025,29/04/2025,30/04/2025,01/05/2025,03/05/2025,06/05/2025,07/05/2025,08/05/2025,13/05/2025,16/05/2025,17/05/2025,18/05/2025,19/05/2025,20/05/2025,21/05/2025,22/05/2025,23/05/2025,24/05/2025,25/05/2025,27/05/2025,28/05/2025,29/05/2025,30/05/2025,01/06/2025,02/06/2025,04/06/2025
88,16/04/2025,18/04/2025,19/04/2025,20/04/2025,21/04/2025,22/04/2025,27/04/2025,29/04/2025,30/04/2025,01/05/2025,03/05/2025,06/05/2025,07/05/2025,08/05/2025,13/05/2025,16/05/2025,17/05/2025,18/05/2025,19/05/2025,20/05/2025,21/05/2025,22/05/2025,23/05/2025,24/05/2025,25/05/2025,27/05/2025,28/05/2025,29/05/2025,30/05/2025,01/06/2025,02/06/2025,04/06/2025
89,16/04/2025,18/04/2025,19/04/2025,20/04/2025,21/04/2025,22/04/2025,27/04/2025,29/04/2025,30/04/2025,01/05/2025,03/05/2025,06/05/2025,07/05/2025,08/05/2025,13/05/2025,16/05/2025,17/05/2025,18/05/2025,19/05/2025,20/05/2025,21/05/2025,22/05/2025,23/05/2025,24/05/2025,25/05/2025,27/05/2025,28/05/2025,29/05/2025,30/05/2025,01/06/2025,02/06/2025,04/06/2025
90,16/04/2025,18/04/2025,19/04/2025,20/04/2025,21/04/2025,22/04/2025,27/04/2025,29/04/2025,30/04/2025,01/05/2025,03/05/2025,06/05/2025,07/05/2025,08/05/2025,13/05/2025,16/05/2025,17/05/2025,18/05/2025,19/05/2025,20/05/2025,21/05/2025,22/05/2025,23/05/2025,24/05/2025,25/05/2025,27/05/2025,28/05/2025,29/05/2025,30/05/2025,01/06/2025,02/06/2025,04/06/2025
91,16/04/2025,18/04/2025,19/04/2025,20/04/2025,21/04/2025,22/04/2025,27/04/2025,29/04/2025,30/04/2025,01/05/2025,03/05/2025,06/05/2025,07/05/2025,08/05/2025,13/05/2025,16/05/2025,17/05/2025,18/05/2025,19/05/2025,20/05/2025,21/05/2025,22/05/2025,23/05/2025,24/05/2025,25/05/2025,27/05/2025,28/05/2025,29/05/2025,30/05/2025,01/06/2025,02/06/2025,04/06/2025
92,16/04/2025,18/04/2025,19/04/2025,20/04/2025,21/04/2025,22/04/2025,27/04/2025,29/04/2025,30/04/2025,01/05/2025,03/05/2025,06/05/2025,07/05/2025,08/05/2025,13/05/2025,16/05/2025,17/05/2025,18/05/2025,19/05/2025,20/05/2025,21/05/2025,22/05/2025,23/05/2025,24/05/2025,25/05/2025,27/05/2025,28/05/2025,29/05/2025,30/05/2025,01/06/2025,02/06/2025,04/06/2025
93,16/04/2025,18/04/2025,19/04/2025,20/04/2025,21/04/2025,22/04/2025,27/04/2025,29/04/2025,30/04/2025,01/05/2025,03/05/2025,06/05/2025,07/05/2025,08/05/2025,13/05/2025,16/05/2025,17/05/2025,18/05/2025,19/05/2025,20/05/2025,21/05/2025,22/05/2025,23/05/2025,24/05/2025,25/05/2025,27/05/2025,28/05/2025,29/05/2025,30/05/2025,01/06/2025,02/06/2025,04/06/2025
94,16/04/2025,18/04/2025,19/04/2025,20/04/2025,21/04/2025,22/04/2025,27/04/2025,29/04/2025,30/04/2025,01/05/2025,03/05/2025,06/05/2025,07/05/2025,08/05/2025,13/05/2025,16/05/2025,17/05/2025,18/05/2025,19/05/2025,20/05/2025,21/05/2025,22/05/2025,23/05/2025,24/05/2025,25/05/2025,27/05/2025,28/05/2025,29/05/2025,30/05/2025,01/06/2025,02/06/2025,04/06/2025
95,16/04/2025,18/04/2025,19/04/2025,20/04/2025,21/04/2025,22/04/2025,27/04/2025,29/04/2025,30/04/2025,01/05/2025,03/05/2025,06/05/2025,07/05/2025,08/05/2025,13/05/2025,16/05/2025,17/05/2025,18/05/2025,19/05/2025,20/05/2025,21/05/2025,22/05/2025,23/05/2025,24/05/2025,25/05/2025,27/05/2025,28/05/2025,29/05/2025,30/05/2025,01/06/2025,02/06/2025,04/06/2025
96,16/04/2025,18/04/2025,19/04/2025,20/04/2025,21/04/2025,22/04/2025,27/04/2025,29/04/2025,30/04/2025,01/05/2025,03/05/2025,06/05/2025,07/05/2025,08/05/2025,13/05/2025,16/05/2025,17/05/2025,18/05/2025,19/05/2025,20/05/2025,21/05/2025,22/05/2025,23/05/2025,24/05/2025,25/05/2025,27/05/2025,28/05/2025,29/05/2025,30/05/2025,01/06/2025,02/06/2025,04/06/2025
98,16/04/2025,18/04/2025,19/04/2025,20/04/2025,21/04/2025,22/04/2025,27/04/2025,29/04/2025,30/04/2025,01/05/2025,03/05/2025,06/05/2025,07/05/2025,08/05/2025,13/05/2025,16/05/2025,17/05/2025,18/05/2025,19/05/2025,20/05/2025,21/05/2025,22/05/2025,23/05/2025,24/05/2025,25/05/2025,27/05/2025,28/05/2025,29/05/2025,30/05/2025,01/06/2025,02/06/2025,04/06/2025
99,16/04/2025,18/04/2025,19/04/2025,20/04/2025,21/04/2025,22/04/2025,27/04/2025,29/04/2025,30/04/2025,01/05/2025,03/05/2025,06/05/2025,07/05/2025,08/05/2025,13/05/2025,16/05/2025,17/05/2025,18/05/2025,19/05/2025,20/05/2025,21/05/2025,22/05/2025,23/05/2025,24/05/2025,25/05/2025,27/05/2025,28/05/2025,29/05/2025,30/05/2025,01/06/2025,02/06/2025,04/06/2025
100,16/04/2025,18/04/2025,19/04/2025,20/04/2025,21/04/2025,22/04/2025,27/04/2025,29/04/2025,30/04/2025,01/05/2025,03/05/2025,06/05/2025,07/05/2025,08/05/2025,13/05/2025,16/05/2025,17/05/2025,18/05/2025,19/05/2025,20/05/2025,21/05/2025,22/05/2025,23/05/2025,24/05/2025,25/05/2025,27/05/2025,28/05/2025,29/05/2025,30/05/2025,01/06/2025,02/06/2025,04/06/2025
101,16/04/2025,18/04/2025,19/04/2025,20/04/2025,21/04/2025,22/04/2025,27/04/2025,29/04/2025,30/04/2025,01/05/2025,03/05/2025,06/05/2025,07/05/2025,08/05/2025,13/05/2025,16/05/2025,17/05/2025,18/05/2025,19/05/2025,20/05/2025,21/05/2025,22/05/2025,23/05/2025,24/05/2025,25/05/2025,27/05/2025,28/05/2025,29/05/2025,30/05/2025,01/06/2025,02/06/2025,04/06/2025
102,16/04/2025,18/04/2025,19/04/2025,20/04/2025,21/04/2025,22/04/2025,27/04/2025,29/04/2025,30/04/2025,01/05/2025,03/05/2025,06/05/2025,07/05/2025,08/05/2025,13/05/2025,16/05/2025,17/05/2025,18/05/2025,19/05/2025,20/05/2025,21/05/2025,22/05/2025,23/05/2025,24/05/2025,25/05/2025,27/05/2025,28/05/2025,29/05/2025,30/05/2025,01/06/2025,02/06/2025,04/06/2025
103,16/04/2025,18/04/2025,19/04/2025,20/04/2025,21/04/2025,22/04/2025,27/04/2025,29/04/2025,30/04/2025,01/05/2025,03/05/2025,06/05/2025,07/05/2025,08/05/2025,13/05/2025,16/05/2025,17/05/2025,18/05/2025,19/05/2025,20/05/2025,21/05/2025,22/05/2025,23/05/2025,24/05/2025,25/05/2025,27/05/2025,28/05/2025,29/05/2025,30/05/2025,01/06/2025,02/06/2025,04/06/2025
104,16/04/2025,18/04/2025,19/04/2025,20/04/2025,21/04/2025,22/04/2025,27/04/2025,29/04/2025,30/04/2025,01/05/2025,03/05/2025,06/05/2025,07/05/2025,08/05/2025,13/05/2025,16/05/2025,17/05/2025,18/05/2025,19/05/2025,20/05/2025,21/05/2025,22/05/2025,23/05/2025,24/05/2025,25/05/2025,27/05/2025,28/05/2025,29/05/2025,30/05/2025,01/06/2025,02/06/2025,04/06/2025
105,16/04/2025,18/04/2025,19/04/2025,20/04/2025,21/04/2025,22/04/2025,27/04/2025,29/04/2025,30/04/2025,01/05/2025,03/05/2025,06/05/2025,07/05/2025,08/05/2025,13/05/2025,16/05/2025,17/05/2025,18/05/2025,19/05/2025,20/05/2025,21/05/2025,22/05/2025,23/05/2025,24/05/2025,25/05/2025,27/05/2025,28/05/2025,29/05/2025,30/05/2025,01/06/2025,02/06/2025,04/06/2025
106,16/04/2025,18/04/2025,19/04/2025,20/04/2025,21/04/2025,22/04/2025,27/04/2025,29/04/2025,30/04/2025,01/05/2025,03/05/2025,06/05/2025,07/05/2025,08/05/2025,13/05/2025,16/05/2025,17/05/2025,18/05/2025,19/05/2025,20/05/2025,21/05/2025,22/05/2025,23/05/2025,24/05/2025,25/05/2025,27/05/2025,28/05/2025,29/05/2025,30/05/2025,01/06/2025,02/06/2025,04/06/2025
107,16/04/2025,18/04/2025,19/04/2025,20/04/2025,21/04/2025,22/04/2025,27/04/2025,29/04/2025,30/04/2025,01/05/2025,03/05/2025,06/05/2025,07/05/2025,08/05/2025,13/05/2025,16/05/2025,17/05/2025,18/05/2025,19/05/2025,20/05/2025,21/05/2025,22/05/2025,23/05/2025,24/05/2025,25/05/2025,27/05/2025,28/05/2025,29/05/2025,30/05/2025,01/06/2025,02/06/2025,04/06/2025
108,16/04/2025,18/04/2025,19/04/2025,20/04/2025,21/04/2025,22/04/2025,27/04/2025,29/04/2025,30/04/2025,01/05/2025,03/05/2025,06/05/2025,07/05/2025,08/05/2025,13/05/2025,16/05/2025,17/05/2025,18/05/2025,19/05/2025,20/05/2025,21/05/2025,22/05/2025,23/05/2025,24/05/2025,25/05/2025,27/05/2025,28/05/2025,29/05/2025,30/05/2025,01/06/2025,02/06/2025,04/06/2025
109,16/04/2025,18/04/2025,19/04/2025,20/04/2025,21/04/2025,22/04/2025,27/04/2025,29/04/2025,30/04/2025,01/05/2025,03/05/2025,06/05/2025,07/05/2025,08/05/2025,13/05/2025,16/05/2025,17/05/2025,18/05/2025,19/05/2025,20/05/2025,21/05/2025,22/05/2025,23/05/2025,24/05/2025,25/05/2025,27/05/2025,28/05/2025,29/05/2025,30/05/2025,01/06/2025,02/06/2025,04/06/2025
110,16/04/2025,18/04/2025,19/04/2025,20/04/2025,21/04/2025,22/04/2025,27/04/2025,29/04/2025,30/04/2025,01/05/2025,03/05/2025,06/05/2025,07/05/2025,08/05/2025,13/05/2025,16/05/2025,17/05/2025,18/05/2025,19/05/2025,20/05/2025,21/05/2025,22/05/2025,23/05/2025,24/05/2025,25/05/2025,27/05/2025,28/05/2025,29/05/2025,30/05/2025,01/06/2025,02/06/2025,04/06/2025
111,16/04/2025,18/04/2025,19/04/2025,20/04/2025,21/04/2025,22/04/2025,27/04/2025,29/04/2025,30/04/2025,01/05/2025,03/05/2025,06/05/2025,07/05/2025,08/05/2025,13/05/2025,16/05/2025,17/05/2025,18/05/2025,19/05/2025,20/05/2025,21/05/2025,22/05/2025,23/05/2025,24/05/2025,25/05/2025,27/05/2025,28/05/2025,29/05/2025,30/05/2025,01/06/2025,02/06/2025,04/06/2025
112,16/04/2025,18/04/2025,19/04/2025,20/04/2025,21/04/2025,22/04/2025,27/04/2025,29/04/2025,30/04/2025,01/05/2025,03/05/2025,06/05/2025,07/05/2025,08/05/2025,13/05/2025,16/05/2025,17/05/2025,18/05/2025,19/05/2025,20/05/2025,21/05/2025,22/05/2025,23/05/2025,24/05/2025,25/05/2025,27/05/2025,28/05/2025,29/05/2025,30/05/2025,01/06/2025,02/06/2025,04/06/2025
113,16/04/2025,18/04/2025,19/04/2025,20/04/2025,21/04/2025,22/04/2025,27/04/2025,29/04/2025,30/04/2025,01/05/2025,03/05/2025,06/05/2025,07/05/2025,08/05/2025,13/05/2025,16/05/2025,17/05/2025,18/05/2025,19/05/2025,20/05/2025,21/05/2025,22/05/2025,23/05/2025,24/05/2025,25/05/2025,27/05/2025,28/05/2025,29/05/2025,30/05/2025,01/06/2025,02/06/2025,04/06/2025
114,16/04/2025,18/04/2025,19/04/2025,20/04/2025,21/04/2025,22/04/2025,27/04/2025,29/04/2025,30/04/2025,01/05/2025,03/05/2025,06/05/2025,07/05/2025,08/05/2025,13/05/2025,16/05/2025,17/05/2025,18/05/2025,19/05/2025,20/05/2025,21/05/2025,22/05/2025,23/05/2025,24/05/2025,25/05/2025,27/05/2025,28/05/2025,29/05/2025,30/05/2025,01/06/2025,02/06/2025,04/06/2025
115,16/04/2025,18/04/2025,19/04/2025,20/04/2025,21/04/2025,22/04/2025,27/04/2025,29/04/2025,30/04/2025,01/05/2025,03/05/2025,06/05/2025,07/05/2025,08/05/2025,13/05/2025,16/05/2025,17/05/2025,18/05/2025,19/05/2025,20/05/2025,21/05/2025,22/05/2025,23/05/2025,24/05/2025,25/05/2025,27/05/2025,28/05/2025,29/05/2025,30/05/2025,01/06/2025,02/06/2025,04/06/2025
116,16/04/2025,18/04/2025,19/04/2025,20/04/2025,21/04/2025,22/04/2025,27/04/2025,29/04/2025,30/04/2025,01/05/2025,03/05/2025,06/05/2025,07/05/2025,08/05/2025,13/05/2025,16/05/2025,17/05/2025,18/05/2025,19/05/2025,20/05/2025,21/05/2025,22/05/2025,23/05/2025,24/05/2025,25/05/2025,27/05/2025,28/05/2025,29/05/2025,30/05/2025,01/06/2025,02/06/2025,04/06/2025
117,16/04/2025,18/04/2025,19/04/2025,20/04/2025,21/04/2025,22/04/2025,27/04/2025,29/04/2025,30/04/2025,01/05/2025,03/05/2025,06/05/2025,07/05/2025,08/05/2025,13/05/2025,16/05/2025,17/05/2025,18/05/2025,19/05/2025,20/05/2025,21/05/2025,22/05/2025,23/05/2025,24/05/2025,25/05/2025,27/05/2025,28/05/2025,29/05/2025,30/05/2025,01/06/2025,02/06/2025,04/06/2025
118,16/04/2025,18/04/2025,19/04/2025,20/04/2025,21/04/2025,22/04/2025,27/04/2025,29/04/2025,30/04/2025,01/05/2025,03/05/2025,06/05/2025,07/05/2025,08/05/2025,13/05/2025,16/05/2025,17/05/2025,18/05/2025,19/05/2025,20/05/2025,21/05/2025,22/05/2025,23/05/2025,24/05/2025,25/05/2025,27/05/2025,28/05/2025,29/05/2025,30/05/2025,01/06/2025,02/06/2025,04/06/2025
119,16/04/2025,18/04/2025,19/04/2025,20/04/2025,21/04/2025,22/04/2025,27/04/2025,29/04/2025,30/04/2025,01/05/2025,03/05/2025,06/05/2025,07/05/2025,08/05/2025,13/05/2025,16/05/2025,17/05/2025,18/05/2025,19/05/2025,20/05/2025,21/05/2025,22/05/2025,23/05/2025,24/05/2025,25/05/2025,27/05/2025,28/05/2025,29/05/2025,30/05/2025,01/06/2025,02/06/2025,04/06/2025
120,16/04/2025,18/04/2025,19/04/2025,20/04/2025,21/04/2025,22/04/2025,27/04/2025,29/04/2025,30/04/2025,01/05/2025,03/05/2025,06/05/2025,07/05/2025,08/05/2025,13/05/2025,16/05/2025,17/05/2025,18/05/2025,19/05/2025,20/05/2025,21/05/2025,22/05/2025,23/05/2025,24/05/2025,25/05/2025,27/05/2025,28/05/2025,29/05/2025,30/05/2025,01/06/2025,02/06/2025,04/06/2025
121,16/04/2025,18/04/2025,19/04/2025,20/04/2025,21/04/2025,22/04/2025,27/04/2025,29/04/2025,30/04/2025,01/05/2025,03/05/2025,06/05/2025,07/05/2025,08/05/2025,13/05/2025,16/05/2025,17/05/2025,18/05/2025,19/05/2025,20/05/2025,21/05/2025,22/05/2025,23/05/2025,24/05/2025,25/05/2025,27/05/2025,28/05/2025,29/05/2025,30/05/2025,01/06/2025,02/06/2025,04/06/2025
122,16/04/2025,18/04/2025,19/04/2025,20/04/2025,21/04/2025,22/04/2025,27/04/2025,29/04/2025,30/04/2025,01/05/2025,03/05/2025,06/05/2025,07/05/2025,08/05/2025,13/05/2025,16/05/2025,17/05/2025,18/05/2025,19/05/2025,20/05/2025,21/05/2025,22/05/2025,23/05/2025,24/05/2025,25/05/2025,27/05/2025,28/05/2025,29/05/2025,30/05/2025,01/06/2025,02/06/2025,04/06/2025
123,16/04/2025,18/04/2025,19/04/2025,20/04/2025,21/04/2025,22/04/2025,27/04/2025,29/04/2025,30/04/2025,01/05/2025,03/05/2025,06/05/2025,07/05/2025,08/05/2025,13/05/2025,16/05/2025,17/05/2025,18/05/2025,19/05/2025,20/05/2025,21/05/2025,22/05/2025,23/05/2025,24/05/2025,25/05/2025,27/05/2025,28/05/2025,29/05/2025,30/05/2025,01/06/2025,02/06/2025,04/06/2025
124,16/04/2025,18/04/2025,19/04/2025,20/04/2025,21/04/2025,22/04/2025,27/04/2025,29/04/2025,30/04/2025,01/05/2025,03/05/2025,06/05/2025,07/05/2025,08/05/2025,13/05/2025,16/05/2025,17/05/2025,18/05/2025,19/05/2025,20/05/2025,21/05/2025,22/05/2025,23/05/2025,24/05/2025,25/05/2025,27/05/2025,28/05/2025,29/05/2025,30/05/2025,01/06/2025,02/06/2025,04/06/2025
125,16/04/2025,18/04/2025,19/04/2025,20/04/2025,21/04/2025,22/04/2025,27/04/2025,29/04/2025,30/04/2025,01/05/2025,03/05/2025,06/05/2025,07/05/2025,08/05/2025,13/05/2025,16/05/2025,17/05/2025,18/05/2025,19/05/2025,20/05/2025,21/05/2025,22/05/2025,23/05/2025,24/05/2025,25/05/2025,27/05/2025,28/05/2025,29/05/2025,30/05/2025,01/06/2025,02/06/2025,04/06/2025
126,16/04/2025,18/04/2025,19/04/2025,20/04/2025,21/04/2025,22/04/2025,27/04/2025,29/04/2025,30/04/2025,01/05/2025,03/05/2025,06/05/2025,07/05/2025,08/05/2025,13/05/2025,16/05/2025,17/05/2025,18/05/2025,19/05/2025,20/05/2025,21/05/2025,22/05/2025,23/05/2025,24/05/2025,25/05/2025,27/05/2025,28/05/2025,29/05/2025,30/05/2025,01/06/2025,02/06/2025,04/06/2025
127,16/04/2025,18/04/2025,19/04/2025,20/04/2025,21/04/2025,22/04/2025,27/04/2025,29/04/2025,30/04/2025,01/05/2025,03/05/2025,06/05/2025,07/05/2025,08/05/2025,13/05/2025,16/05/2025,17/05/2025,18/05/2025,19/05/2025,20/05/2025,21/05/2025,22/05/2025,23/05/2025,24/05/2025,25/05/2025,27/05/2025,28/05/2025,29/05/2025,30/05/2025,01/06/2025,02/06/2025,04/06/2025
128,16/04/2025,18/04/2025,19/04/2025,20/04/2025,21/04/2025,22/04/2025,27/04/2025,29/04/2025,30/04/2025,01/05/2025,03/05/2025,06/05/2025,07/05/2025,08/05/2025,13/05/2025,16/05/2025,17/05/2025,18/05/2025,19/05/2025,20/05/2025,21/05/2025,22/05/2025,23/05/2025,24/05/2025,25/05/2025,27/05/2025,28/05/2025,29/05/2025,30/05/2025,01/06/2025,02/06/2025,04/06/2025
129,16/04/2025,18/04/2025,19/04/2025,20/04/2025,21/04/2025,22/04/2025,27/04/2025,29/04/2025,30/04/2025,01/05/2025,03/05/2025,06/05/2025,07/05/2025,08/05/2025,13/05/2025,16/05/2025,17/05/2025,18/05/2025,19/05/2025,20/05/2025,21/05/2025,22/05/2025,23/05/2025,24/05/2025,25/05/2025,27/05/2025,28/05/2025,29/05/2025,30/05/2025,01/06/2025,02/06/2025,04/06/2025
130,16/04/2025,18/04/2025,19/04/2025,20/04/2025,21/04/2025,22/04/2025,27/04/2025,29/04/2025,30/04/2025,01/05/2025,03/05/2025,06/05/2025,07/05/2025,08/05/2025,13/05/2025,16/05/2025,17/05/2025,18/05/2025,19/05/2025,20/05/2025,21/05/2025,22/05/2025,23/05/2025,24/05/2025,25/05/2025,27/05/2025,28/05/2025,29/05/2025,30/05/2025,01/06/2025,02/06/2025,04/06/2025
131,16/04/2025,18/04/2025,19/04/2025,20/04/2025,21/04/2025,22/04/2025,27/04/2025,29/04/2025,30/04/2025,01/05/2025,03/05/2025,06/05/2025,07/05/2025,08/05/2025,13/05/2025,16/05/2025,17/05/2025,18/05/2025,19/05/2025,20/05/2025,21/05/2025,22/05/2025,23/05/2025,24/05/2025,25/05/2025,27/05/2025,28/05/2025,29/05/2025,30/05/2025,01/06/2025,02/06/2025,04/06/2025
132,16/04/2025,18/04/2025,19/04/2025,20/04/2025,21/04/2025,22/04/2025,27/04/2025,29/04/2025,30/04/2025,01/05/2025,03/05/2025,06/05/2025,07/05/2025,08/05/2025,13/05/2025,16/05/2025,17/05/2025,18/05/2025,19/05/2025,20/05/2025,21/05/2025,22/05/2025,23/05/2025,24/05/2025,25/05/2025,27/05/2025,28/05/2025,29/05/2025,30/05/2025,01/06/2025,02/06/2025,04/06/2025
133,16/04/2025,18/04/2025,19/04/2025,20/04/2025,21/04/2025,22/04/2025,27/04/2025,29/04/2025,30/04/2025,01/05/2025,03/05/2025,06/05/2025,07/05/2025,08/05/2025,13/05/2025,16/05/2025,17/05/2025,18/05/2025,19/05/2025,20/05/2025,21/05/2025,22/05/2025,23/05/2025,24/05/2025,25/05/2025,27/05/2025,28/05/2025,29/05/2025,30/05/2025,01/06/2025,02/06/2025,04/06/2025
134,16/04/2025,18/04/2025,19/04/2025,20/04/2025,21/04/2025,22/04/2025,27/04/2025,29/04/2025,30/04/2025,01/05/2025,03/05/2025,06/05/2025,07/05/2025,08/05/2025,13/05/2025,16/05/2025,17/05/2025,18/05/2025,19/05/2025,20/05/2025,21/05/2025,22/05/2025,23/05/2025,24/05/2025,25/05/2025,27/05/2025,28/05/2025,29/05/2025,30/05/2025,01/06/2025,02/06/2025,04/06/2025
135,16/04/2025,18/04/2025,19/04/2025,20/04/2025,21/04/2025,22/04/2025,27/04/2025,29/04/2025,30/04/2025,01/05/2025,03/05/2025,06/05/2025,07/05/2025,08/05/2025,13/05/2025,16/05/2025,17/05/2025,18/05/2025,19/05/2025,20/05/2025,21/05/2025,22/05/2025,23/05/2025,24/05/2025,25/05/2025,27/05/2025,28/05/2025,29/05/2025,30/05/2025,01/06/2025,02/06/2025,04/06/2025
136,16/04/2025,18/04/2025,19/04/2025,20/04/2025,21/04/2025,22/04/2025,27/04/2025,29/04/2025,30/04/2025,01/05/2025,03/05/2025,06/05/2025,07/05/2025,08/05/2025,13/05/2025,16/05/2025,17/05/2025,18/05/2025,19/05/2025,20/05/2025,21/05/2025,22/05/2025,23/05/2025,24/05/2025,25/05/2025,27/05/2025,28/05/2025,29/05/2025,30/05/2025,01/06/2025,02/06/2025,04/06/2025
137,16/04/2025,18/04/2025,19/04/2025,20/04/2025,21/04/2025,22/04/2025,27/04/2025,29/04/2025,30/04/2025,01/05/2025,03/05/2025,06/05/2025,07/05/2025,08/05/2025,13/05/2025,16/05/2025,17/05/2025,18/05/2025,19/05/2025,20/05/2025,21/05/2025,22/05/2025,23/05/2025,24/05/2025,25/05/2025,27/05/2025,28/05/2025,29/05/2025,30/05/2025,01/06/2025,02/06/2025,04/06/2025
138,16/04/2025,18/04/2025,19/04/2025,20/04/2025,21/04/2025,22/04/2025,27/04/2025,29/04/2025,30/04/2025,01/05/2025,03/05/2025,06/05/2025,07/05/2025,08/05/2025,13/05/2025,16/05/2025,17/05/2025,18/05/2025,19/05/2025,20/05/2025,21/05/2025,22/05/2025,23/05/2025,24/05/2025,25/05/2025,27/05/2025,28/05/2025,29/05/2025,30/05/2025,01/06/2025,02/06/2025,04/06/2025
139,16/04/2025,18/04/2025,19/04/2025,20/04/2025,21/04/2025,22/04/2025,27/04/2025,29/04/2025,30/04/2025,01/05/2025,03/05/2025,06/05/2025,07/05/2025,08/05/2025,13/05/2025,16/05/2025,17/05/2025,18/05/2025,19/05/2025,20/05/2025,21/05/2025,22/05/2025,23/05/2025,24/05/2025,25/05/2025,27/05/2025,28/05/2025,29/05/2025,30/05/2025,01/06/2025,02/06/2025,04/06/2025
140,16/04/2025,18/04/2025,19/04/2025,20/04/2025,21/04/2025,22/04/2025,27/04/2025,29/04/2025,30/04/2025,01/05/2025,03/05/2025,06/05/2025,07/05/2025,08/05/2025,13/05/2025,16/05/2025,17/05/2025,18/05/2025,19/05/2025,20/05/2025,21/05/2025,22/05/2025,23/05/2025,24/05/2025,25/05/2025,27/05/2025,28/05/2025,29/05/2025,30/05/2025,01/06/2025,02/06/2025,04/06/2025
141,16/04/2025,18/04/2025,19/04/2025,20/04/2025,21/04/2025,22/04/2025,27/04/2025,29/04/2025,30/04/2025,01/05/2025,03/05/2025,06/05/2025,07/05/2025,08/05/2025,13/05/2025,16/05/2025,17/05/2025,18/05/2025,19/05/2025,20/05/2025,21/05/2025,22/05/2025,23/05/2025,24/05/2025,25/05/2025,27/05/2025,28/05/2025,29/05/2025,30/05/2025,01/06/2025,02/06/2025,04/06/2025
142,16/04/2025,18/04/2025,19/04/2025,20/04/2025,21/04/2025,22/04/2025,27/04/2025,29/04/2025,30/04/2025,01/05/2025,03/05/2025,06/05/2025,07/05/2025,08/05/2025,13/05/2025,16/05/2025,17/05/2025,18/05/2025,19/05/2025,20/05/2025,21/05/2025,22/05/2025,23/05/2025,24/05/2025,25/05/2025,27/05/2025,28/05/2025,29/05/2025,30/05/2025,01/06/2025,02/06/2025,04/06/2025
143,16/04/2025,18/04/2025,19/04/2025,20/04/2025,21/04/2025,22/04/2025,27/04/2025,29/04/2025,30/04/2025,01/05/2025,03/05/2025,06/05/2025,07/05/2025,08/05/2025,13/05/2025,16/05/2025,17/05/2025,18/05/2025,19/05/2025,20/05/2025,21/05/2025,22/05/2025,23/05/2025,24/05/2025,25/05/2025,27/05/2025,28/05/2025,29/05/2025,30/05/2025,01/06/2025,02/06/2025,04/06/2025
144,16/04/2025,18/04/2025,19/04/2025,20/04/2025,21/04/2025,22/04/2025,27/04/2025,29/04/2025,30/04/2025,01/05/2025,03/05/2025,06/05/2025,07/05/2025,08/05/2025,13/05/2025,16/05/2025,17/05/2025,18/05/2025,19/05/2025,20/05/2025,21/05/2025,22/05/2025,23/05/2025,24/05/2025,25/05/2025,27/05/2025,28/05/2025,29/05/2025,30/05/2025,01/06/2025,02/06/2025,04/06/2025
145,16/04/2025,18/04/2025,19/04/2025,20/04/2025,21/04/2025,22/04/2025,27/04/2025,29/04/2025,30/04/2025,01/05/2025,03/05/2025,06/05/2025,07/05/2025,08/05/2025,13/05/2025,16/05/2025,17/05/2025,18/05/2025,19/05/2025,20/05/2025,21/05/2025,22/05/2025,23/05/2025,24/05/2025,25/05/2025,27/05/2025,28/05/2025,29/05/2025,30/05/2025,01/06/2025,02/06/2025,04/06/2025
146,16/04/2025,18/04/2025,19/04/2025,20/04/2025,21/04/2025,22/04/2025,27/04/2025,29/04/2025,30/04/2025,01/05/2025,03/05/2025,06/05/2025,07/05/2025,08/05/2025,13/05/2025,16/05/2025,17/05/2025,18/05/2025,19/05/2025,20/05/2025,21/05/2025,22/05/2025,23/05/2025,24/05/2025,25/05/2025,27/05/2025,28/05/2025,29/05/2025,30/05/2025,01/06/2025,02/06/2025,04/06/2025
147,16/04/2025,18/04/2025,19/04/2025,20/04/2025,21/04/2025,22/04/2025,27/04/2025,29/04/2025,30/04/2025,01/05/2025,03/05/2025,06/05/2025,07/05/2025,08/05/2025,13/05/2025,16/05/2025,17/05/2025,18/05/2025,19/05/2025,20/05/2025,21/05/2025,22/05/2025,23/05/2025,24/05/2025,25/05/2025,27/05/2025,28/05/2025,29/05/2025,30/05/2025,01/06/2025,02/06/2025,04/06/2025
148,16/04/2025,18/04/2025,19/04/2025,20/04/2025,21/04/2025,22/04/2025,27/04/2025,29/04/2025,30/04/2025,01/05/2025,03/05/2025,06/05/2025,07/05/2025,08/05/2025,13/05/2025,16/05/2025,17/05/2025,18/05/2025,19/05/2025,20/05/2025,21/05/2025,22/05/2025,23/05/2025,24/05/2025,25/05/2025,27/05/2025,28/05/2025,29/05/2025,30/05/2025,01/06/2025,02/06/2025,04/06/2025
149,16/04/2025,18/04/2025,19/04/2025,20/04/2025,21/04/2025,22/04/2025,27/04/2025,29/04/2025,30/04/2025,01/05/2025,03/05/2025,06/05/2025,07/05/2025,08/05/2025,13/05/2025,16/05/2025,17/05/2025,18/05/2025,19/05/2025,20/05/2025,21/05/2025,22/05/2025,23/05/2025,24/05/2025,25/05/2025,27/05/2025,28/05/2025,29/05/2025,30/05/2025,01/06/2025,02/06/2025,04/06/2025
150,16/04/2025,18/04/2025,19/04/2025,20/04/2025,21/04/2025,22/04/2025,27/04/2025,29/04/2025,30/04/2025,01/05/2025,03/05/2025,06/05/2025,07/05/2025,08/05/2025,13/05/2025,16/05/2025,17/05/2025,18/05/2025,19/05/2025,20/05/2025,21/05/2025,22/05/2025,23/05/2025,24/05/2025,25/05/2025,27/05/2025,28/05/2025,29/05/2025,30/05/2025,01/06/2025,02/06/2025,04/06/2025
151,16/04/2025,18/04/2025,19/04/2025,20/04/2025,21/04/2025,22/04/2025,27/04/2025,29/04/2025,30/04/2025,01/05/2025,03/05/2025,06/05/2025,07/05/2025,08/05/2025,13/05/2025,16/05/2025,17/05/2025,18/05/2025,19/05/2025,20/05/2025,21/05/2025,22/05/2025,23/05/2025,24/05/2025,25/05/2025,27/05/2025,28/05/2025,29/05/2025,30/05/2025,01/06/2025,02/06/2025,04/06/2025
152,16/04/2025,18/04/2025,19/04/2025,20/04/2025,21/04/2025,22/04/2025,27/04/2025,29/04/2025,30/04/2025,01/05/2025,03/05/2025,06/05/2025,07/05/2025,08/05/2025,13/05/2025,16/05/2025,17/05/2025,18/05/2025,19/05/2025,20/05/2025,21/05/2025,22/05/2025,23/05/2025,24/05/2025,25/05/2025,27/05/2025,28/05/2025,29/05/2025,30/05/2025,01/06/2025,02/06/2025,04/06/2025
153,16/04/2025,18/04/2025,19/04/2025,20/04/2025,21/04/2025,22/04/2025,27/04/2025,29/04/2025,30/04/2025,01/05/2025,03/05/2025,06/05/2025,07/05/2025,08/05/2025,13/05/2025,16/05/2025,17/05/2025,18/05/2025,19/05/2025,20/05/2025,21/05/2025,22/05/2025,23/05/2025,24/05/2025,25/05/2025,27/05/2025,28/05/2025,29/05/2025,30/05/2025,01/06/2025,02/06/2025,04/06/2025
154,16/04/2025,18/04/2025,19/04/2025,20/04/2025,21/04/2025,22/04/2025,27/04/2025,29/04/2025,30/04/2025,01/05/2025,03/05/2025,06/05/2025,07/05/2025,08/05/2025,13/05/2025,16/05/2025,17/05/2025,18/05/2025,19/05/2025,20/05/2025,21/05/2025,22/05/2025,23/05/2025,24/05/2025,25/05/2025,27/05/2025,28/05/2025,29/05/2025,30/05/2025,01/06/2025,02/06/2025,04/06/2025
155,16/04/2025,18/04/2025,19/04/2025,20/04/2025,21/04/2025,22/04/2025,27/04/2025,29/04/2025,30/04/2025,01/05/2025,03/05/2025,06/05/2025,07/05/2025,08/05/2025,13/05/2025,16/05/2025,17/05/2025,18/05/2025,19/05/2025,20/05/2025,21/05/2025,22/05/2025,23/05/2025,24/05/2025,25/05/2025,27/05/2025,28/05/2025,29/05/2025,30/05/2025,01/06/2025,02/06/2025,04/06/2025
156,16/04/2025,18/04/2025,19/04/2025,20/04/2025,21/04/2025,22/04/2025,27/04/2025,29/04/2025,30/04/2025,01/05/2025,03/05/2025,06/05/2025,07/05/2025,08/05/2025,13/05/2025,16/05/2025,17/05/2025,18/05/2025,19/05/2025,20/05/2025,21/05/2025,22/05/2025,23/05/2025,24/05/2025,25/05/2025,27/05/2025,28/05/2025,29/05/2025,30/05/2025,01/06/2025,02/06/2025,04/06/2025
157,16/04/2025,18/04/2025,19/04/2025,20/04/2025,21/04/2025,22/04/2025,27/04/2025,29/04/2025,30/04/2025,01/05/2025,03/05/2025,06/05/2025,07/05/2025,08/05/2025,13/05/2025,16/05/2025,17/05/2025,18/05/2025,19/05/2025,20/05/2025,21/05/2025,22/05/2025,23/05/2025,24/05/2025,25/05/2025,27/05/2025,28/05/2025,29/05/2025,30/05/2025,01/06/2025,02/06/2025,04/06/2025
158,16/04/2025,18/04/2025,19/04/2025,20/04/2025,21/04/2025,22/04/2025,27/04/2025,29/04/2025,30/04/2025,01/05/2025,03/05/2025,06/05/2025,07/05/2025,08/05/2025,13/05/2025,16/05/2025,17/05/2025,18/05/2025,19/05/2025,20/05/2025,21/05/2025,22/05/2025,23/05/2025,24/05/2025,25/05/2025,27/05/2025,28/05/2025,29/05/2025,30/05/2025,01/06/2025,02/06/2025,04/06/2025
159,16/04/2025,18/04/2025,19/04/2025,20/04/2025,21/04/2025,22/04/2025,27/04/2025,29/04/2025,30/04/2025,01/05/2025,03/05/2025,06/05/2025,07/05/2025,08/05/2025,13/05/2025,16/05/2025,17/05/2025,18/05/2025,19/05/2025,20/05/2025,21/05/2025,22/05/2025,23/05/2025,24/05/2025,25/05/2025,27/05/2025,28/05/2025,29/05/2025,30/05/2025,01/06/2025,02/06/2025,04/06/2025
160,16/04/2025,18/04/2025,19/04/2025,20/04/2025,21/04/2025,22/04/2025,27/04/2025,29/04/2025,30/04/2025,01/05/2025,03/05/2025,06/05/2025,07/05/2025,08/05/2025,13/05/2025,16/05/2025,17/05/2025,18/05/2025,19/05/2025,20/05/2025,21/05/2025,22/05/2025,23/05/2025,24/05/2025,25/05/2025,27/05/2025,28/05/2025,29/05/2025,30/05/2025,01/06/2025,02/06/2025,04/06/2025
161,16/04/2025,18/04/2025,19/04/2025,20/04/2025,21/04/2025,22/04/2025,27/04/2025,29/04/2025,30/04/2025,01/05/2025,03/05/2025,06/05/2025,07/05/2025,08/05/2025,13/05/2025,16/05/2025,17/05/2025,18/05/2025,19/05/2025,20/05/2025,21/05/2025,22/05/2025,23/05/2025,24/05/2025,25/05/2025,27/05/2025,28/05/2025,29/05/2025,30/05/2025,01/06/2025,02/06/2025,04/06/2025
162,16/04/2025,18/04/2025,19/04/2025,20/04/2025,21/04/2025,22/04/2025,27/04/2025,29/04/2025,30/04/2025,01/05/2025,03/05/2025,06/05/2025,07/05/2025,08/05/2025,13/05/2025,16/05/2025,17/05/2025,18/05/2025,19/05/2025,20/05/2025,21/05/2025,22/05/2025,23/05/2025,24/05/2025,25/05/2025,27/05/2025,28/05/2025,29/05/2025,30/05/2025,01/06/2025,02/06/2025,04/06/2025
163,16/04/2025,18/04/2025,19/04/2025,20/04/2025,21/04/2025,22/04/2025,27/04/2025,29/04/2025,30/04/2025,01/05/2025,03/05/2025,06/05/2025,07/05/2025,08/05/2025,13/05/2025,16/05/2025,17/05/2025,18/05/2025,19/05/2025,20/05/2025,21/05/2025,22/05/2025,23/05/2025,24/05/2025,25/05/2025,27/05/2025,28/05/2025,29/05/2025,30/05/2025,01/06/2025,02/06/2025,04/06/2025
164,16/04/2025,18/04/2025,19/04/2025,20/04/2025,21/04/2025,22/04/2025,27/04/2025,29/04/2025,30/04/2025,01/05/2025,03/05/2025,06/05/2025,07/05/2025,08/05/2025,13/05/2025,16/05/2025,17/05/2025,18/05/2025,19/05/2025,20/05/2025,21/05/2025,22/05/2025,23/05/2025,24/05/2025,25/05/2025,27/05/2025,28/05/2025,29/05/2025,30/05/2025,01/06/2025,02/06/2025,04/06/2025
165,16/04/2025,18/04/2025,19/04/2025,20/04/2025,21/04/2025,22/04/2025,27/04/2025,29/04/2025,30/04/2025,01/05/2025,03/05/2025,06/05/2025,07/05/2025,08/05/2025,13/05/2025,16/05/2025,17/05/2025,18/05/2025,19/05/2025,20/05/2025,21/05/2025,22/05/2025,23/05/2025,24/05/2025,25/05/2025,27/05/2025,28/05/2025,29/05/2025,30/05/2025,01/06/2025,02/06/2025,04/06/2025
166,16/04/2025,18/04/2025,19/04/2025,20/04/2025,21/04/2025,22/04/2025,27/04/2025,29/04/2025,30/04/2025,01/05/2025,03/05/2025,06/05/2025,07/05/2025,08/05/2025,13/05/2025,16/05/2025,17/05/2025,18/05/2025,19/05/2025,20/05/2025,21/05/2025,22/05/2025,23/05/2025,24/05/2025,25/05/2025,27/05/2025,28/05/2025,29/05/2025,30/05/2025,01/06/2025,02/06/2025,04/06/2025
167,16/04/2025,18/04/2025,19/04/2025,20/04/2025,21/04/2025,22/04/2025,27/04/2025,29/04/2025,30/04/2025,01/05/2025,03/05/2025,06/05/2025,07/05/2025,08/05/2025,13/05/2025,16/05/2025,17/05/2025,18/05/2025,19/05/2025,20/05/2025,21/05/2025,22/05/2025,23/05/2025,24/05/2025,25/05/2025,27/05/2025,28/05/2025,29/05/2025,30/05/2025,01/06/2025,02/06/2025,04/06/2025
168,16/04/2025,18/04/2025,19/04/2025,20/04/2025,21/04/2025,22/04/2025,27/04/2025,29/04/2025,30/04/2025,01/05/2025,03/05/2025,06/05/2025,07/05/2025,08/05/2025,13/05/2025,16/05/2025,17/05/2025,18/05/2025,19/05/2025,20/05/2025,21/05/2025,22/05/2025,23/05/2025,24/05/2025,25/05/2025,27/05/2025,28/05/2025,29/05/2025,30/05/2025,01/06/2025,02/06/2025,04/06/2025
169,16/04/2025,18/04/2025,19/04/2025,20/04/2025,21/04/2025,22/04/2025,27/04/2025,29/04/2025,30/04/2025,01/05/2025,03/05/2025,06/05/2025,07/05/2025,08/05/2025,13/05/2025,16/05/2025,17/05/2025,18/05/2025,19/05/2025,20/05/2025,21/05/2025,22/05/2025,23/05/2025,24/05/2025,25/05/2025,27/05/2025,28/05/2025,29/05/2025,30/05/2025,01/06/2025,02/06/2025,04/06/2025
170,16/04/2025,18/04/2025,19/04/2025,20/04/2025,21/04/2025,22/04/2025,27/04/2025,29/04/2025,30/04/2025,01/05/2025,03/05/2025,06/05/2025,07/05/2025,08/05/2025,13/05/2025,16/05/2025,17/05/2025,18/05/2025,19/05/2025,20/05/2025,21/05/2025,22/05/2025,23/05/2025,24/05/2025,25/05/2025,27/05/2025,28/05/2025,29/05/2025,30/05/2025,01/06/2025,02/06/2025,04/06/2025
171,16/04/2025,18/04/2025,19/04/2025,20/04/2025,21/04/2025,22/04/2025,27/04/2025,29/04/2025,30/04/2025,01/05/2025,03/05/2025,06/05/2025,07/05/2025,08/05/2025,13/05/2025,16/05/2025,17/05/2025,18/05/2025,19/05/2025,20/05/2025,21/05/2025,22/05/2025,23/05/2025,24/05/2025,25/05/2025,27/05/2025,28/05/2025,29/05/2025,30/05/2025,01/06/2025,02/06/2025,04/06/2025
172,16/04/2025,18/04/2025,19/04/2025,20/04/2025,21/04/2025,22/04/2025,27/04/2025,29/04/2025,30/04/2025,01/05/2025,03/05/2025,06/05/2025,07/05/2025,08/05/2025,13/05/2025,16/05/2025,17/05/2025,18/05/2025,19/05/2025,20/05/2025,21/05/2025,22/05/2025,23/05/2025,24/05/2025,25/05/2025,27/05/2025,28/05/2025,29/05/2025,30/05/2025,01/06/2025,02/06/2025,04/06/2025
173,16/04/2025,18/04/2025,19/04/2025,20/04/2025,21/04/2025,22/04/2025,27/04/2025,29/04/2025,30/04/2025,01/05/2025,03/05/2025,06/05/2025,07/05/2025,08/05/2025,13/05/2025,16/05/2025,17/05/2025,18/05/2025,19/05/2025,20/05/2025,21/05/2025,22/05/2025,23/05/2025,24/05/2025,25/05/2025,27/05/2025,28/05/2025,29/05/2025,30/05/2025,01/06/2025,02/06/2025,04/06/2025
174,16/04/2025,18/04/2025,19/04/2025,20/04/2025,21/04/2025,22/04/2025,27/04/2025,29/04/2025,30/04/2025,01/05/2025,03/05/2025,06/05/2025,07/05/2025,08/05/2025,13/05/2025,16/05/2025,17/05/2025,18/05/2025,19/05/2025,20/05/2025,21/05/2025,22/05/2025,23/05/2025,24/05/2025,25/05/2025,27/05/2025,28/05/2025,29/05/2025,30/05/2025,01/06/2025,02/06/2025,04/06/2025
175,16/04/2025,18/04/2025,19/04/2025,20/04/2025,21/04/2025,22/04/2025,27/04/2025,29/04/2025,30/04/2025,01/05/2025,03/05/2025,06/05/2025,07/05/2025,08/05/2025,13/05/2025,16/05/2025,17/05/2025,18/05/2025,19/05/2025,20/05/2025,21/05/2025,22/05/2025,23/05/2025,24/05/2025,25/05/2025,27/05/2025,28/05/2025,29/05/2025,30/05/2025,01/06/2025,02/06/2025,04/06/2025
176,16/04/2025,18/04/2025,19/04/2025,20/04/2025,21/04/2025,22/04/2025,27/04/2025,29/04/2025,30/04/2025,01/05/2025,03/05/2025,06/05/2025,07/05/2025,08/05/2025,13/05/2025,16/05/2025,17/05/2025,18/05/2025,19/05/2025,20/05/2025,21/05/2025,22/05/2025,23/05/2025,24/05/2025,25/05/2025,27/05/2025,28/05/2025,29/05/2025,30/05/2025,01/06/2025,02/06/2025,04/06/2025
