_ID,image1,image2,image3,image4,image5,image6,image7,image8,image9,image10,image11,image12,image13,image14,image15,image16,image17,image18,image19,image20,image21,image22,image23,image24,image25,image26,image27,image28,image29,image30,image31,image32,image33,image34,image35,image36,image37,image38,image39,image40,image41,image42
1,08/06/2025,09/06/2025,10/06/2025,11/06/2025,12/06/2025,14/06/2025,15/06/2025,16/06/2025,17/06/2025,18/06/2025,19/06/2025,20/06/2025,21/06/2025,23/06/2025,24/06/2025,25/06/2025,29/06/2025,30/06/2025,04/07/2025,05/07/2025,06/07/2025,08/07/2025,09/07/2025,10/07/2025,12/07/2025,14/07/2025,15/07/2025,17/07/2025,18/07/2025,19/07/2025,20/07/2025,21/07/2025,22/07/2025,23/07/2025,24/07/2025,25/07/2025,26/07/2025,27/07/2025,28/07/2025,29/07/2025,30/07/2025,31/07/2025
2,08/06/2025,09/06/2025,10/06/2025,11/06/2025,12/06/2025,14/06/2025,15/06/2025,16/06/2025,17/06/2025,18/06/2025,19/06/2025,20/06/2025,21/06/2025,23/06/2025,24/06/2025,25/06/2025,29/06/2025,30/06/2025,04/07/2025,05/07/2025,06/07/2025,08/07/2025,09/07/2025,10/07/2025,12/07/2025,14/07/2025,15/07/2025,17/07/2025,18/07/2025,19/07/2025,20/07/2025,21/07/2025,22/07/2025,23/07/2025,24/07/2025,25/07/2025,26/07/2025,27/07/2025,28/07/2025,29/07/2025,30/07/2025,31/07/2025
3,08/06/2025,09/06/2025,10/06/2025,11/06/2025,12/06/2025,14/06/2025,15/06/2025,16/06/2025,17/06/2025,18/06/2025,19/06/2025,20/06/2025,21/06/2025,23/06/2025,24/06/2025,25/06/2025,29/06/2025,30/06/2025,04/07/2025,05/07/2025,06/07/2025,08/07/2025,09/07/2025,10/07/2025,12/07/2025,14/07/2025,15/07/2025,17/07/2025,18/07/2025,19/07/2025,20/07/2025,21/07/2025,22/07/2025,23/07/2025,24/07/2025,25/07/2025,26/07/2025,27/07/2025,28/07/2025,29/07/2025,30/07/2025,31/07/2025
4,08/06/2025,09/06/2025,10/06/2025,11/06/2025,12/06/2025,14/06/2025,15/06/2025,16/06/2025,17/06/2025,18/06/2025,19/06/2025,20/06/2025,21/06/2025,23/06/2025,24/06/2025,25/06/2025,29/06/2025,30/06/2025,04/07/2025,05/07/2025,06/07/2025,08/07/2025,09/07/2025,10/07/2025,12/07/2025,14/07/2025,15/07/2025,17/07/2025,18/07/2025,19/07/2025,20/07/2025,21/07/2025,22/07/2025,23/07/2025,24/07/2025,25/07/2025,26/07/2025,27/07/2025,28/07/2025,29/07/2025,30/07/2025,31/07/2025
5,08/06/2025,09/06/2025,10/06/2025,11/06/2025,12/06/2025,14/06/2025,15/06/2025,16/06/2025,17/06/2025,18/06/2025,19/06/2025,20/06/2025,21/06/2025,23/06/2025,24/06/2025,25/06/2025,29/06/2025,30/06/2025,04/07/2025,05/07/2025,06/07/2025,08/07/2025,09/07/2025,10/07/2025,12/07/2025,14/07/2025,15/07/2025,17/07/2025,18/07/2025,19/07/2025,20/07/2025,21/07/2025,22/07/2025,23/07/2025,24/07/2025,25/07/2025,26/07/2025,27/07/2025,28/07/2025,29/07/2025,30/07/2025,31/07/2025
6,08/06/2025,09/06/2025,10/06/2025,11/06/2025,12/06/2025,14/06/2025,15/06/2025,16/06/2025,17/06/2025,18/06/2025,19/06/2025,20/06/2025,21/06/2025,23/06/2025,24/06/2025,25/06/2025,29/06/2025,30/06/2025,04/07/2025,05/07/2025,06/07/2025,08/07/2025,09/07/2025,10/07/2025,12/07/2025,14/07/2025,15/07/2025,17/07/2025,18/07/2025,19/07/2025,20/07/2025,21/07/2025,22/07/2025,23/07/2025,24/07/2025,25/07/2025,26/07/2025,27/07/2025,28/07/2025,29/07/2025,30/07/2025,31/07/2025
7,08/06/2025,09/06/2025,10/06/2025,11/06/2025,12/06/2025,14/06/2025,15/06/2025,16/06/2025,17/06/2025,18/06/2025,19/06/2025,20/06/2025,21/06/2025,23/06/2025,24/06/2025,25/06/2025,29/06/2025,30/06/2025,04/07/2025,05/07/2025,06/07/2025,08/07/2025,09/07/2025,10/07/2025,12/07/2025,14/07/2025,15/07/2025,17/07/2025,18/07/2025,19/07/2025,20/07/2025,21/07/2025,22/07/2025,23/07/2025,24/07/2025,25/07/2025,26/07/2025,27/07/2025,28/07/2025,29/07/2025,30/07/2025,31/07/2025
8,08/06/2025,09/06/2025,10/06/2025,11/06/2025,12/06/2025,14/06/2025,15/06/2025,16/06/2025,17/06/2025,18/06/2025,19/06/2025,20/06/2025,21/06/2025,23/06/2025,24/06/2025,25/06/2025,29/06/2025,30/06/2025,04/07/2025,05/07/2025,06/07/2025,08/07/2025,09/07/2025,10/07/2025,12/07/2025,14/07/2025,15/07/2025,17/07/2025,18/07/2025,19/07/2025,20/07/2025,21/07/2025,22/07/2025,23/07/2025,24/07/2025,25/07/2025,26/07/2025,27/07/2025,28/07/2025,29/07/2025,30/07/2025,31/07/2025
9,08/06/2025,09/06/2025,10/06/2025,11/06/2025,12/06/2025,14/06/2025,15/06/2025,16/06/2025,17/06/2025,18/06/2025,19/06/2025,20/06/2025,21/06/2025,23/06/2025,24/06/2025,25/06/2025,29/06/2025,30/06/2025,04/07/2025,05/07/2025,06/07/2025,08/07/2025,09/07/2025,10/07/2025,12/07/2025,14/07/2025,15/07/2025,17/07/2025,18/07/2025,19/07/2025,20/07/2025,21/07/2025,22/07/2025,23/07/2025,24/07/2025,25/07/2025,26/07/2025,27/07/2025,28/07/2025,29/07/2025,30/07/2025,31/07/2025
10,08/06/2025,09/06/2025,10/06/2025,11/06/2025,12/06/2025,14/06/2025,15/06/2025,16/06/2025,17/06/2025,18/06/2025,19/06/2025,20/06/2025,21/06/2025,23/06/2025,24/06/2025,25/06/2025,29/06/2025,30/06/2025,04/07/2025,05/07/2025,06/07/2025,08/07/2025,09/07/2025,10/07/2025,12/07/2025,14/07/2025,15/07/2025,17/07/2025,18/07/2025,19/07/2025,20/07/2025,21/07/2025,22/07/2025,23/07/2025,24/07/2025,25/07/2025,26/07/2025,27/07/2025,28/07/2025,29/07/2025,30/07/2025,31/07/2025
11,08/06/2025,09/06/2025,10/06/2025,11/06/2025,12/06/2025,14/06/2025,15/06/2025,16/06/2025,17/06/2025,18/06/2025,19/06/2025,20/06/2025,21/06/2025,23/06/2025,24/06/2025,25/06/2025,29/06/2025,30/06/2025,04/07/2025,05/07/2025,06/07/2025,08/07/2025,09/07/2025,10/07/2025,12/07/2025,14/07/2025,15/07/2025,17/07/2025,18/07/2025,19/07/2025,20/07/2025,21/07/2025,22/07/2025,23/07/2025,24/07/2025,25/07/2025,26/07/2025,27/07/2025,28/07/2025,29/07/2025,30/07/2025,31/07/2025
12,08/06/2025,09/06/2025,10/06/2025,11/06/2025,12/06/2025,14/06/2025,15/06/2025,16/06/2025,17/06/2025,18/06/2025,19/06/2025,20/06/2025,21/06/2025,23/06/2025,24/06/2025,25/06/2025,29/06/2025,30/06/2025,04/07/2025,05/07/2025,06/07/2025,08/07/2025,09/07/2025,10/07/2025,12/07/2025,14/07/2025,15/07/2025,17/07/2025,18/07/2025,19/07/2025,20/07/2025,21/07/2025,22/07/2025,23/07/2025,24/07/2025,25/07/2025,26/07/2025,27/07/2025,28/07/2025,29/07/2025,30/07/2025,31/07/2025
13,08/06/2025,09/06/2025,10/06/2025,11/06/2025,12/06/2025,14/06/2025,15/06/2025,16/06/2025,17/06/2025,18/06/2025,19/06/2025,20/06/2025,21/06/2025,23/06/2025,24/06/2025,25/06/2025,29/06/2025,30/06/2025,04/07/2025,05/07/2025,06/07/2025,08/07/2025,09/07/2025,10/07/2025,12/07/2025,14/07/2025,15/07/2025,17/07/2025,18/07/2025,19/07/2025,20/07/2025,21/07/2025,22/07/2025,23/07/2025,24/07/2025,25/07/2025,26/07/2025,27/07/2025,28/07/2025,29/07/2025,30/07/2025,31/07/2025
14,08/06/2025,09/06/2025,10/06/2025,11/06/2025,12/06/2025,14/06/2025,15/06/2025,16/06/2025,17/06/2025,18/06/2025,19/06/2025,20/06/2025,21/06/2025,23/06/2025,24/06/2025,25/06/2025,29/06/2025,30/06/2025,04/07/2025,05/07/2025,06/07/2025,08/07/2025,09/07/2025,10/07/2025,12/07/2025,14/07/2025,15/07/2025,17/07/2025,18/07/2025,19/07/2025,20/07/2025,21/07/2025,22/07/2025,23/07/2025,24/07/2025,25/07/2025,26/07/2025,27/07/2025,28/07/2025,29/07/2025,30/07/2025,31/07/2025
15,08/06/2025,09/06/2025,10/06/2025,11/06/2025,12/06/2025,14/06/2025,15/06/2025,16/06/2025,17/06/2025,18/06/2025,19/06/2025,20/06/2025,21/06/2025,23/06/2025,24/06/2025,25/06/2025,29/06/2025,30/06/2025,04/07/2025,05/07/2025,06/07/2025,08/07/2025,09/07/2025,10/07/2025,12/07/2025,14/07/2025,15/07/2025,17/07/2025,18/07/2025,19/07/2025,20/07/2025,21/07/2025,22/07/2025,23/07/2025,24/07/2025,25/07/2025,26/07/2025,27/07/2025,28/07/2025,29/07/2025,30/07/2025,31/07/2025
16,08/06/2025,09/06/2025,10/06/2025,11/06/2025,12/06/2025,14/06/2025,15/06/2025,16/06/2025,17/06/2025,18/06/2025,19/06/2025,20/06/2025,21/06/2025,23/06/2025,24/06/2025,25/06/2025,29/06/2025,30/06/2025,04/07/2025,05/07/2025,06/07/2025,08/07/2025,09/07/2025,10/07/2025,12/07/2025,14/07/2025,15/07/2025,17/07/2025,18/07/2025,19/07/2025,20/07/2025,21/07/2025,22/07/2025,23/07/2025,24/07/2025,25/07/2025,26/07/2025,27/07/2025,28/07/2025,29/07/2025,30/07/2025,31/07/2025
17,08/06/2025,09/06/2025,10/06/2025,11/06/2025,12/06/2025,14/06/2025,15/06/2025,16/06/2025,17/06/2025,18/06/2025,19/06/2025,20/06/2025,21/06/2025,23/06/2025,24/06/2025,25/06/2025,29/06/2025,30/06/2025,04/07/2025,05/07/2025,06/07/2025,08/07/2025,09/07/2025,10/07/2025,12/07/2025,14/07/2025,15/07/2025,17/07/2025,18/07/2025,19/07/2025,20/07/2025,21/07/2025,22/07/2025,23/07/2025,24/07/2025,25/07/2025,26/07/2025,27/07/2025,28/07/2025,29/07/2025,30/07/2025,31/07/2025
18,08/06/2025,09/06/2025,10/06/2025,11/06/2025,12/06/2025,14/06/2025,15/06/2025,16/06/2025,17/06/2025,18/06/2025,19/06/2025,20/06/2025,21/06/2025,23/06/2025,24/06/2025,25/06/2025,29/06/2025,30/06/2025,04/07/2025,05/07/2025,06/07/2025,08/07/2025,09/07/2025,10/07/2025,12/07/2025,14/07/2025,15/07/2025,17/07/2025,18/07/2025,19/07/2025,20/07/2025,21/07/2025,22/07/2025,23/07/2025,24/07/2025,25/07/2025,26/07/2025,27/07/2025,28/07/2025,29/07/2025,30/07/2025,31/07/2025
19,08/06/2025,09/06/2025,10/06/2025,11/06/2025,12/06/2025,14/06/2025,15/06/2025,16/06/2025,17/06/2025,18/06/2025,19/06/2025,20/06/2025,21/06/2025,23/06/2025,24/06/2025,25/06/2025,29/06/2025,30/06/2025,04/07/2025,05/07/2025,06/07/2025,08/07/2025,09/07/2025,10/07/2025,12/07/2025,14/07/2025,15/07/2025,17/07/2025,18/07/2025,19/07/2025,20/07/2025,21/07/2025,22/07/2025,23/07/2025,24/07/2025,25/07/2025,26/07/2025,27/07/2025,28/07/2025,29/07/2025,30/07/2025,31/07/2025
20,08/06/2025,09/06/2025,10/06/2025,11/06/2025,12/06/2025,14/06/2025,15/06/2025,16/06/2025,17/06/2025,18/06/2025,19/06/2025,20/06/2025,21/06/2025,23/06/2025,24/06/2025,25/06/2025,29/06/2025,30/06/2025,04/07/2025,05/07/2025,06/07/2025,08/07/2025,09/07/2025,10/07/2025,12/07/2025,14/07/2025,15/07/2025,17/07/2025,18/07/2025,19/07/2025,20/07/2025,21/07/2025,22/07/2025,23/07/2025,24/07/2025,25/07/2025,26/07/2025,27/07/2025,28/07/2025,29/07/2025,30/07/2025,31/07/2025
21,08/06/2025,09/06/2025,10/06/2025,11/06/2025,12/06/2025,14/06/2025,15/06/2025,16/06/2025,17/06/2025,18/06/2025,19/06/2025,20/06/2025,21/06/2025,23/06/2025,24/06/2025,25/06/2025,29/06/2025,30/06/2025,04/07/2025,05/07/2025,06/07/2025,08/07/2025,09/07/2025,10/07/2025,12/07/2025,14/07/2025,15/07/2025,17/07/2025,18/07/2025,19/07/2025,20/07/2025,21/07/2025,22/07/2025,23/07/2025,24/07/2025,25/07/2025,26/07/2025,27/07/2025,28/07/2025,29/07/2025,30/07/2025,31/07/2025
22,08/06/2025,09/06/2025,10/06/2025,11/06/2025,12/06/2025,14/06/2025,15/06/2025,16/06/2025,17/06/2025,18/06/2025,19/06/2025,20/06/2025,21/06/2025,23/06/2025,24/06/2025,25/06/2025,29/06/2025,30/06/2025,04/07/2025,05/07/2025,06/07/2025,08/07/2025,09/07/2025,10/07/2025,12/07/2025,14/07/2025,15/07/2025,17/07/2025,18/07/2025,19/07/2025,20/07/2025,21/07/2025,22/07/2025,23/07/2025,24/07/2025,25/07/2025,26/07/2025,27/07/2025,28/07/2025,29/07/2025,30/07/2025,31/07/2025
23,08/06/2025,09/06/2025,10/06/2025,11/06/2025,12/06/2025,14/06/2025,15/06/2025,16/06/2025,17/06/2025,18/06/2025,19/06/2025,20/06/2025,21/06/2025,23/06/2025,24/06/2025,25/06/2025,29/06/2025,30/06/2025,04/07/2025,05/07/2025,06/07/2025,08/07/2025,09/07/2025,10/07/2025,12/07/2025,14/07/2025,15/07/2025,17/07/2025,18/07/2025,19/07/2025,20/07/2025,21/07/2025,22/07/2025,23/07/2025,24/07/2025,25/07/2025,26/07/2025,27/07/2025,28/07/2025,29/07/2025,30/07/2025,31/07/2025
24,08/06/2025,09/06/2025,10/06/2025,11/06/2025,12/06/2025,14/06/2025,15/06/2025,16/06/2025,17/06/2025,18/06/2025,19/06/2025,20/06/2025,21/06/2025,23/06/2025,24/06/2025,25/06/2025,29/06/2025,30/06/2025,04/07/2025,05/07/2025,06/07/2025,08/07/2025,09/07/2025,10/07/2025,12/07/2025,14/07/2025,15/07/2025,17/07/2025,18/07/2025,19/07/2025,20/07/2025,21/07/2025,22/07/2025,23/07/2025,24/07/2025,25/07/2025,26/07/2025,27/07/2025,28/07/2025,29/07/2025,30/07/2025,31/07/2025
25,08/06/2025,09/06/2025,10/06/2025,11/06/2025,12/06/2025,14/06/2025,15/06/2025,16/06/2025,17/06/2025,18/06/2025,19/06/2025,20/06/2025,21/06/2025,23/06/2025,24/06/2025,25/06/2025,29/06/2025,30/06/2025,04/07/2025,05/07/2025,06/07/2025,08/07/2025,09/07/2025,10/07/2025,12/07/2025,14/07/2025,15/07/2025,17/07/2025,18/07/2025,19/07/2025,20/07/2025,21/07/2025,22/07/2025,23/07/2025,24/07/2025,25/07/2025,26/07/2025,27/07/2025,28/07/2025,29/07/2025,30/07/2025,31/07/2025
26,08/06/2025,09/06/2025,10/06/2025,11/06/2025,12/06/2025,14/06/2025,15/06/2025,16/06/2025,17/06/2025,18/06/2025,19/06/2025,20/06/2025,21/06/2025,23/06/2025,24/06/2025,25/06/2025,29/06/2025,30/06/2025,04/07/2025,05/07/2025,06/07/2025,08/07/2025,09/07/2025,10/07/2025,12/07/2025,14/07/2025,15/07/2025,17/07/2025,18/07/2025,19/07/2025,20/07/2025,21/07/2025,22/07/2025,23/07/2025,24/07/2025,25/07/2025,26/07/2025,27/07/2025,28/07/2025,29/07/2025,30/07/2025,31/07/2025
27,08/06/2025,09/06/2025,10/06/2025,11/06/2025,12/06/2025,14/06/2025,15/06/2025,16/06/2025,17/06/2025,18/06/2025,19/06/2025,20/06/2025,21/06/2025,23/06/2025,24/06/2025,25/06/2025,29/06/2025,30/06/2025,04/07/2025,05/07/2025,06/07/2025,08/07/2025,09/07/2025,10/07/2025,12/07/2025,14/07/2025,15/07/2025,17/07/2025,18/07/2025,19/07/2025,20/07/2025,21/07/2025,22/07/2025,23/07/2025,24/07/2025,25/07/2025,26/07/2025,27/07/2025,28/07/2025,29/07/2025,30/07/2025,31/07/2025
28,08/06/2025,09/06/2025,10/06/2025,11/06/2025,12/06/2025,14/06/2025,15/06/2025,16/06/2025,17/06/2025,18/06/2025,19/06/2025,20/06/2025,21/06/2025,23/06/2025,24/06/2025,25/06/2025,29/06/2025,30/06/2025,04/07/2025,05/07/2025,06/07/2025,08/07/2025,09/07/2025,10/07/2025,12/07/2025,14/07/2025,15/07/2025,17/07/2025,18/07/2025,19/07/2025,20/07/2025,21/07/2025,22/07/2025,23/07/2025,24/07/2025,25/07/2025,26/07/2025,27/07/2025,28/07/2025,29/07/2025,30/07/2025,31/07/2025
29,08/06/2025,09/06/2025,10/06/2025,11/06/2025,12/06/2025,14/06/2025,15/06/2025,16/06/2025,17/06/2025,18/06/2025,19/06/2025,20/06/2025,21/06/2025,23/06/2025,24/06/2025,25/06/2025,29/06/2025,30/06/2025,04/07/2025,05/07/2025,06/07/2025,08/07/2025,09/07/2025,10/07/2025,12/07/2025,14/07/2025,15/07/2025,17/07/2025,18/07/2025,19/07/2025,20/07/2025,21/07/2025,22/07/2025,23/07/2025,24/07/2025,25/07/2025,26/07/2025,27/07/2025,28/07/2025,29/07/2025,30/07/2025,31/07/2025
30,08/06/2025,09/06/2025,10/06/2025,11/06/2025,12/06/2025,14/06/2025,15/06/2025,16/06/2025,17/06/2025,18/06/2025,19/06/2025,20/06/2025,21/06/2025,23/06/2025,24/06/2025,25/06/2025,29/06/2025,30/06/2025,04/07/2025,05/07/2025,06/07/2025,08/07/2025,09/07/2025,10/07/2025,12/07/2025,14/07/2025,15/07/2025,17/07/2025,18/07/2025,19/07/2025,20/07/2025,21/07/2025,22/07/2025,23/07/2025,24/07/2025,25/07/2025,27/07/2025,28/07/2025,29/07/2025,30/07/2025,31/07/2025,
31,08/06/2025,09/06/2025,10/06/2025,11/06/2025,12/06/2025,14/06/2025,15/06/2025,16/06/2025,17/06/2025,18/06/2025,19/06/2025,20/06/2025,21/06/2025,23/06/2025,24/06/2025,25/06/2025,29/06/2025,30/06/2025,04/07/2025,05/07/2025,06/07/2025,08/07/2025,09/07/2025,10/07/2025,12/07/2025,14/07/2025,15/07/2025,17/07/2025,18/07/2025,19/07/2025,20/07/2025,21/07/2025,22/07/2025,23/07/2025,24/07/2025,25/07/2025,27/07/2025,28/07/2025,29/07/2025,30/07/2025,31/07/2025,
32,08/06/2025,09/06/2025,10/06/2025,11/06/2025,12/06/2025,14/06/2025,15/06/2025,16/06/2025,17/06/2025,18/06/2025,19/06/2025,20/06/2025,21/06/2025,23/06/2025,24/06/2025,25/06/2025,29/06/2025,30/06/2025,04/07/2025,05/07/2025,06/07/2025,08/07/2025,09/07/2025,10/07/2025,12/07/2025,14/07/2025,15/07/2025,17/07/2025,18/07/2025,19/07/2025,20/07/2025,21/07/2025,22/07/2025,23/07/2025,24/07/2025,25/07/2025,27/07/2025,28/07/2025,29/07/2025,30/07/2025,31/07/2025,
33,08/06/2025,09/06/2025,10/06/2025,11/06/2025,12/06/2025,14/06/2025,15/06/2025,16/06/2025,17/06/2025,18/06/2025,19/06/2025,20/06/2025,21/06/2025,23/06/2025,24/06/2025,25/06/2025,29/06/2025,30/06/2025,04/07/2025,05/07/2025,06/07/2025,08/07/2025,09/07/2025,10/07/2025,12/07/2025,14/07/2025,15/07/2025,17/07/2025,18/07/2025,19/07/2025,20/07/2025,21/07/2025,22/07/2025,23/07/2025,24/07/2025,25/07/2025,27/07/2025,28/07/2025,29/07/2025,30/07/2025,31/07/2025,
34,08/06/2025,09/06/2025,10/06/2025,11/06/2025,12/06/2025,14/06/2025,15/06/2025,16/06/2025,17/06/2025,18/06/2025,19/06/2025,20/06/2025,21/06/2025,23/06/2025,24/06/2025,25/06/2025,29/06/2025,30/06/2025,04/07/2025,05/07/2025,06/07/2025,08/07/2025,09/07/2025,10/07/2025,12/07/2025,14/07/2025,15/07/2025,17/07/2025,18/07/2025,19/07/2025,20/07/2025,21/07/2025,22/07/2025,23/07/2025,24/07/2025,25/07/2025,27/07/2025,28/07/2025,29/07/2025,30/07/2025,31/07/2025,
35,08/06/2025,09/06/2025,10/06/2025,11/06/2025,12/06/2025,14/06/2025,15/06/2025,16/06/2025,17/06/2025,18/06/2025,19/06/2025,20/06/2025,21/06/2025,23/06/2025,24/06/2025,25/06/2025,29/06/2025,30/06/2025,04/07/2025,05/07/2025,06/07/2025,08/07/2025,09/07/2025,10/07/2025,12/07/2025,14/07/2025,15/07/2025,17/07/2025,18/07/2025,19/07/2025,20/07/2025,21/07/2025,22/07/2025,23/07/2025,24/07/2025,25/07/2025,27/07/2025,28/07/2025,29/07/2025,30/07/2025,31/07/2025,
36,08/06/2025,09/06/2025,10/06/2025,11/06/2025,12/06/2025,14/06/2025,15/06/2025,16/06/2025,17/06/2025,18/06/2025,19/06/2025,20/06/2025,21/06/2025,23/06/2025,24/06/2025,25/06/2025,29/06/2025,30/06/2025,04/07/2025,05/07/2025,06/07/2025,08/07/2025,09/07/2025,10/07/2025,12/07/2025,14/07/2025,15/07/2025,17/07/2025,18/07/2025,19/07/2025,20/07/2025,21/07/2025,22/07/2025,23/07/2025,24/07/2025,25/07/2025,27/07/2025,28/07/2025,29/07/2025,30/07/2025,31/07/2025,
37,08/06/2025,09/06/2025,10/06/2025,11/06/2025,12/06/2025,14/06/2025,15/06/2025,16/06/2025,17/06/2025,18/06/2025,19/06/2025,20/06/2025,21/06/2025,23/06/2025,24/06/2025,25/06/2025,29/06/2025,30/06/2025,04/07/2025,05/07/2025,06/07/2025,08/07/2025,09/07/2025,10/07/2025,12/07/2025,14/07/2025,15/07/2025,17/07/2025,18/07/2025,19/07/2025,20/07/2025,21/07/2025,22/07/2025,23/07/2025,24/07/2025,25/07/2025,27/07/2025,28/07/2025,29/07/2025,30/07/2025,31/07/2025,
38,08/06/2025,09/06/2025,10/06/2025,11/06/2025,12/06/2025,14/06/2025,15/06/2025,16/06/2025,17/06/2025,18/06/2025,19/06/2025,20/06/2025,21/06/2025,23/06/2025,24/06/2025,25/06/2025,29/06/2025,30/06/2025,04/07/2025,05/07/2025,06/07/2025,08/07/2025,09/07/2025,10/07/2025,12/07/2025,14/07/2025,15/07/2025,17/07/2025,18/07/2025,19/07/2025,20/07/2025,21/07/2025,22/07/2025,23/07/2025,24/07/2025,25/07/2025,27/07/2025,28/07/2025,29/07/2025,30/07/2025,31/07/2025,
39,08/06/2025,09/06/2025,10/06/2025,11/06/2025,12/06/2025,14/06/2025,15/06/2025,16/06/2025,17/06/2025,18/06/2025,19/06/2025,20/06/2025,21/06/2025,23/06/2025,24/06/2025,25/06/2025,29/06/2025,30/06/2025,04/07/2025,05/07/2025,06/07/2025,08/07/2025,09/07/2025,10/07/2025,12/07/2025,14/07/2025,15/07/2025,17/07/2025,18/07/2025,19/07/2025,20/07/2025,21/07/2025,22/07/2025,23/07/2025,24/07/2025,25/07/2025,27/07/2025,28/07/2025,29/07/2025,30/07/2025,31/07/2025,
40,08/06/2025,09/06/2025,10/06/2025,11/06/2025,12/06/2025,14/06/2025,15/06/2025,16/06/2025,17/06/2025,18/06/2025,19/06/2025,20/06/2025,21/06/2025,23/06/2025,24/06/2025,25/06/2025,29/06/2025,30/06/2025,04/07/2025,05/07/2025,06/07/2025,08/07/2025,09/07/2025,10/07/2025,12/07/2025,14/07/2025,15/07/2025,17/07/2025,18/07/2025,19/07/2025,20/07/2025,21/07/2025,22/07/2025,23/07/2025,24/07/2025,25/07/2025,27/07/2025,28/07/2025,29/07/2025,30/07/2025,31/07/2025,
41,08/06/2025,09/06/2025,10/06/2025,11/06/2025,12/06/2025,14/06/2025,15/06/2025,16/06/2025,17/06/2025,18/06/2025,19/06/2025,20/06/2025,21/06/2025,23/06/2025,24/06/2025,25/06/2025,29/06/2025,30/06/2025,04/07/2025,05/07/2025,06/07/2025,08/07/2025,09/07/2025,10/07/2025,12/07/2025,14/07/2025,15/07/2025,17/07/2025,18/07/2025,19/07/2025,20/07/2025,21/07/2025,22/07/2025,23/07/2025,24/07/2025,25/07/2025,27/07/2025,28/07/2025,29/07/2025,30/07/2025,31/07/2025,
42,08/06/2025,09/06/2025,10/06/2025,11/06/2025,12/06/2025,14/06/2025,15/06/2025,16/06/2025,17/06/2025,18/06/2025,19/06/2025,20/06/2025,21/06/2025,23/06/2025,24/06/2025,25/06/2025,29/06/2025,30/06/2025,04/07/2025,05/07/2025,06/07/2025,08/07/2025,09/07/2025,10/07/2025,12/07/2025,14/07/2025,15/07/2025,17/07/2025,18/07/2025,19/07/2025,20/07/2025,21/07/2025,22/07/2025,23/07/2025,24/07/2025,25/07/2025,27/07/2025,28/07/2025,29/07/2025,30/07/2025,31/07/2025,
43,08/06/2025,09/06/2025,10/06/2025,11/06/2025,12/06/2025,14/06/2025,15/06/2025,16/06/2025,17/06/2025,18/06/2025,19/06/2025,20/06/2025,21/06/2025,23/06/2025,24/06/2025,25/06/2025,29/06/2025,30/06/2025,04/07/2025,05/07/2025,06/07/2025,08/07/2025,09/07/2025,10/07/2025,12/07/2025,14/07/2025,15/07/2025,17/07/2025,18/07/2025,19/07/2025,20/07/2025,21/07/2025,22/07/2025,23/07/2025,24/07/2025,25/07/2025,27/07/2025,28/07/2025,29/07/2025,30/07/2025,31/07/2025,
44,08/06/2025,09/06/2025,10/06/2025,11/06/2025,12/06/2025,14/06/2025,15/06/2025,16/06/2025,17/06/2025,18/06/2025,19/06/2025,20/06/2025,21/06/2025,23/06/2025,24/06/2025,25/06/2025,29/06/2025,30/06/2025,04/07/2025,05/07/2025,06/07/2025,08/07/2025,09/07/2025,10/07/2025,12/07/2025,14/07/2025,15/07/2025,17/07/2025,18/07/2025,19/07/2025,20/07/2025,21/07/2025,22/07/2025,23/07/2025,24/07/2025,25/07/2025,26/07/2025,27/07/2025,28/07/2025,29/07/2025,30/07/2025,31/07/2025
45,08/06/2025,09/06/2025,10/06/2025,11/06/2025,12/06/2025,14/06/2025,15/06/2025,16/06/2025,17/06/2025,18/06/2025,19/06/2025,20/06/2025,21/06/2025,23/06/2025,24/06/2025,25/06/2025,29/06/2025,30/06/2025,04/07/2025,05/07/2025,06/07/2025,08/07/2025,09/07/2025,10/07/2025,12/07/2025,14/07/2025,15/07/2025,17/07/2025,18/07/2025,19/07/2025,20/07/2025,21/07/2025,22/07/2025,23/07/2025,24/07/2025,25/07/2025,26/07/2025,27/07/2025,28/07/2025,29/07/2025,30/07/2025,31/07/2025
46,08/06/2025,09/06/2025,10/06/2025,11/06/2025,12/06/2025,14/06/2025,15/06/2025,16/06/2025,17/06/2025,18/06/2025,19/06/2025,20/06/2025,21/06/2025,23/06/2025,24/06/2025,25/06/2025,29/06/2025,30/06/2025,04/07/2025,05/07/2025,06/07/2025,08/07/2025,09/07/2025,10/07/2025,12/07/2025,14/07/2025,15/07/2025,17/07/2025,18/07/2025,19/07/2025,20/07/2025,21/07/2025,22/07/2025,23/07/2025,24/07/2025,25/07/2025,26/07/2025,27/07/2025,28/07/2025,29/07/2025,30/07/2025,31/07/2025
47,08/06/2025,09/06/2025,10/06/2025,11/06/2025,12/06/2025,14/06/2025,15/06/2025,16/06/2025,17/06/2025,18/06/2025,19/06/2025,20/06/2025,21/06/2025,23/06/2025,24/06/2025,25/06/2025,29/06/2025,30/06/2025,04/07/2025,05/07/2025,06/07/2025,08/07/2025,09/07/2025,10/07/2025,12/07/2025,14/07/2025,15/07/2025,17/07/2025,18/07/2025,19/07/2025,20/07/2025,21/07/2025,22/07/2025,23/07/2025,24/07/2025,25/07/2025,26/07/2025,27/07/2025,28/07/2025,29/07/2025,30/07/2025,31/07/2025
48,08/06/2025,09/06/2025,10/06/2025,11/06/2025,12/06/2025,14/06/2025,15/06/2025,16/06/2025,17/06/2025,18/06/2025,19/06/2025,20/06/2025,21/06/2025,23/06/2025,24/06/2025,25/06/2025,29/06/2025,30/06/2025,04/07/2025,05/07/2025,06/07/2025,08/07/2025,09/07/2025,10/07/2025,12/07/2025,14/07/2025,15/07/2025,17/07/2025,18/07/2025,19/07/2025,20/07/2025,21/07/2025,22/07/2025,23/07/2025,24/07/2025,25/07/2025,27/07/2025,28/07/2025,29/07/2025,30/07/2025,31/07/2025,
49,08/06/2025,09/06/2025,10/06/2025,11/06/2025,12/06/2025,14/06/2025,15/06/2025,16/06/2025,17/06/2025,18/06/2025,19/06/2025,20/06/2025,21/06/2025,23/06/2025,24/06/2025,25/06/2025,29/06/2025,30/06/2025,04/07/2025,05/07/2025,06/07/2025,08/07/2025,09/07/2025,10/07/2025,12/07/2025,14/07/2025,15/07/2025,17/07/2025,18/07/2025,19/07/2025,20/07/2025,21/07/2025,22/07/2025,23/07/2025,24/07/2025,25/07/2025,27/07/2025,28/07/2025,29/07/2025,30/07/2025,31/07/2025,
50,08/06/2025,09/06/2025,10/06/2025,11/06/2025,12/06/2025,14/06/2025,15/06/2025,16/06/2025,17/06/2025,18/06/2025,19/06/2025,20/06/2025,21/06/2025,23/06/2025,24/06/2025,25/06/2025,29/06/2025,30/06/2025,04/07/2025,05/07/2025,06/07/2025,08/07/2025,09/07/2025,10/07/2025,12/07/2025,14/07/2025,15/07/2025,17/07/2025,18/07/2025,19/07/2025,20/07/2025,21/07/2025,22/07/2025,23/07/2025,24/07/2025,25/07/2025,27/07/2025,28/07/2025,29/07/2025,30/07/2025,31/07/2025,
51,08/06/2025,09/06/2025,10/06/2025,11/06/2025,12/06/2025,14/06/2025,15/06/2025,16/06/2025,17/06/2025,18/06/2025,19/06/2025,20/06/2025,21/06/2025,23/06/2025,24/06/2025,25/06/2025,29/06/2025,30/06/2025,04/07/2025,05/07/2025,06/07/2025,08/07/2025,09/07/2025,10/07/2025,12/07/2025,14/07/2025,15/07/2025,17/07/2025,18/07/2025,19/07/2025,20/07/2025,21/07/2025,22/07/2025,23/07/2025,24/07/2025,25/07/2025,27/07/2025,28/07/2025,29/07/2025,30/07/2025,31/07/2025,
52,08/06/2025,09/06/2025,10/06/2025,11/06/2025,12/06/2025,14/06/2025,15/06/2025,16/06/2025,17/06/2025,18/06/2025,19/06/2025,20/06/2025,21/06/2025,23/06/2025,24/06/2025,25/06/2025,29/06/2025,30/06/2025,04/07/2025,05/07/2025,06/07/2025,08/07/2025,09/07/2025,10/07/2025,12/07/2025,14/07/2025,15/07/2025,17/07/2025,18/07/2025,19/07/2025,20/07/2025,21/07/2025,22/07/2025,23/07/2025,24/07/2025,25/07/2025,27/07/2025,28/07/2025,29/07/2025,30/07/2025,31/07/2025,
53,08/06/2025,09/06/2025,10/06/2025,11/06/2025,12/06/2025,14/06/2025,15/06/2025,16/06/2025,17/06/2025,18/06/2025,19/06/2025,20/06/2025,21/06/2025,23/06/2025,24/06/2025,25/06/2025,29/06/2025,30/06/2025,04/07/2025,05/07/2025,06/07/2025,08/07/2025,09/07/2025,10/07/2025,12/07/2025,14/07/2025,15/07/2025,17/07/2025,18/07/2025,19/07/2025,20/07/2025,21/07/2025,22/07/2025,23/07/2025,24/07/2025,25/07/2025,27/07/2025,28/07/2025,29/07/2025,30/07/2025,31/07/2025,
54,08/06/2025,09/06/2025,10/06/2025,11/06/2025,12/06/2025,14/06/2025,15/06/2025,16/06/2025,17/06/2025,18/06/2025,19/06/2025,20/06/2025,21/06/2025,23/06/2025,24/06/2025,25/06/2025,29/06/2025,30/06/2025,04/07/2025,05/07/2025,06/07/2025,08/07/2025,09/07/2025,10/07/2025,12/07/2025,14/07/2025,15/07/2025,17/07/2025,18/07/2025,19/07/2025,20/07/2025,21/07/2025,22/07/2025,23/07/2025,24/07/2025,25/07/2025,27/07/2025,28/07/2025,29/07/2025,30/07/2025,31/07/2025,
55,08/06/2025,09/06/2025,10/06/2025,11/06/2025,12/06/2025,14/06/2025,15/06/2025,16/06/2025,17/06/2025,18/06/2025,19/06/2025,20/06/2025,21/06/2025,23/06/2025,24/06/2025,25/06/2025,29/06/2025,30/06/2025,04/07/2025,05/07/2025,06/07/2025,08/07/2025,09/07/2025,10/07/2025,12/07/2025,14/07/2025,15/07/2025,17/07/2025,18/07/2025,19/07/2025,20/07/2025,21/07/2025,22/07/2025,23/07/2025,24/07/2025,25/07/2025,27/07/2025,28/07/2025,29/07/2025,30/07/2025,31/07/2025,
56,08/06/2025,09/06/2025,10/06/2025,11/06/2025,12/06/2025,14/06/2025,15/06/2025,16/06/2025,17/06/2025,18/06/2025,19/06/2025,20/06/2025,21/06/2025,23/06/2025,24/06/2025,25/06/2025,29/06/2025,30/06/2025,04/07/2025,05/07/2025,06/07/2025,08/07/2025,09/07/2025,10/07/2025,12/07/2025,14/07/2025,15/07/2025,17/07/2025,18/07/2025,19/07/2025,20/07/2025,21/07/2025,22/07/2025,23/07/2025,24/07/2025,25/07/2025,27/07/2025,28/07/2025,29/07/2025,30/07/2025,31/07/2025,
57,08/06/2025,09/06/2025,10/06/2025,11/06/2025,12/06/2025,14/06/2025,15/06/2025,16/06/2025,17/06/2025,18/06/2025,19/06/2025,20/06/2025,21/06/2025,23/06/2025,24/06/2025,25/06/2025,29/06/2025,30/06/2025,04/07/2025,05/07/2025,06/07/2025,08/07/2025,09/07/2025,10/07/2025,12/07/2025,14/07/2025,15/07/2025,17/07/2025,18/07/2025,19/07/2025,20/07/2025,21/07/2025,22/07/2025,23/07/2025,24/07/2025,25/07/2025,27/07/2025,28/07/2025,29/07/2025,30/07/2025,31/07/2025,
58,08/06/2025,09/06/2025,10/06/2025,11/06/2025,12/06/2025,14/06/2025,15/06/2025,16/06/2025,17/06/2025,18/06/2025,19/06/2025,20/06/2025,21/06/2025,23/06/2025,24/06/2025,25/06/2025,29/06/2025,30/06/2025,04/07/2025,05/07/2025,06/07/2025,08/07/2025,09/07/2025,10/07/2025,12/07/2025,14/07/2025,15/07/2025,17/07/2025,18/07/2025,19/07/2025,20/07/2025,21/07/2025,22/07/2025,23/07/2025,24/07/2025,25/07/2025,27/07/2025,28/07/2025,29/07/2025,30/07/2025,31/07/2025,
59,08/06/2025,09/06/2025,10/06/2025,11/06/2025,12/06/2025,14/06/2025,15/06/2025,16/06/2025,17/06/2025,18/06/2025,19/06/2025,20/06/2025,21/06/2025,23/06/2025,24/06/2025,25/06/2025,29/06/2025,30/06/2025,04/07/2025,05/07/2025,06/07/2025,08/07/2025,09/07/2025,10/07/2025,12/07/2025,14/07/2025,15/07/2025,17/07/2025,18/07/2025,19/07/2025,20/07/2025,21/07/2025,22/07/2025,23/07/2025,24/07/2025,25/07/2025,27/07/2025,28/07/2025,29/07/2025,30/07/2025,31/07/2025,
60,08/06/2025,09/06/2025,10/06/2025,11/06/2025,12/06/2025,14/06/2025,15/06/2025,16/06/2025,17/06/2025,18/06/2025,19/06/2025,20/06/2025,21/06/2025,23/06/2025,24/06/2025,25/06/2025,29/06/2025,30/06/2025,04/07/2025,05/07/2025,06/07/2025,08/07/2025,09/07/2025,10/07/2025,12/07/2025,14/07/2025,15/07/2025,17/07/2025,18/07/2025,19/07/2025,20/07/2025,21/07/2025,22/07/2025,23/07/2025,24/07/2025,25/07/2025,27/07/2025,28/07/2025,29/07/2025,30/07/2025,31/07/2025,
61,08/06/2025,09/06/2025,10/06/2025,11/06/2025,12/06/2025,14/06/2025,15/06/2025,16/06/2025,17/06/2025,18/06/2025,19/06/2025,20/06/2025,21/06/2025,23/06/2025,24/06/2025,25/06/2025,29/06/2025,30/06/2025,04/07/2025,05/07/2025,06/07/2025,08/07/2025,09/07/2025,10/07/2025,12/07/2025,14/07/2025,15/07/2025,17/07/2025,18/07/2025,19/07/2025,20/07/2025,21/07/2025,22/07/2025,23/07/2025,24/07/2025,25/07/2025,27/07/2025,28/07/2025,29/07/2025,30/07/2025,31/07/2025,
62,08/06/2025,09/06/2025,10/06/2025,11/06/2025,12/06/2025,14/06/2025,15/06/2025,16/06/2025,17/06/2025,18/06/2025,19/06/2025,20/06/2025,21/06/2025,23/06/2025,24/06/2025,25/06/2025,29/06/2025,30/06/2025,04/07/2025,05/07/2025,06/07/2025,08/07/2025,09/07/2025,10/07/2025,12/07/2025,14/07/2025,15/07/2025,17/07/2025,18/07/2025,19/07/2025,20/07/2025,21/07/2025,22/07/2025,23/07/2025,24/07/2025,25/07/2025,27/07/2025,28/07/2025,29/07/2025,30/07/2025,31/07/2025,
63,08/06/2025,09/06/2025,10/06/2025,11/06/2025,12/06/2025,14/06/2025,15/06/2025,16/06/2025,17/06/2025,18/06/2025,19/06/2025,20/06/2025,21/06/2025,23/06/2025,24/06/2025,25/06/2025,29/06/2025,30/06/2025,04/07/2025,05/07/2025,06/07/2025,08/07/2025,09/07/2025,10/07/2025,12/07/2025,14/07/2025,15/07/2025,17/07/2025,18/07/2025,19/07/2025,20/07/2025,21/07/2025,22/07/2025,23/07/2025,24/07/2025,25/07/2025,27/07/2025,28/07/2025,29/07/2025,30/07/2025,31/07/2025,
64,08/06/2025,09/06/2025,10/06/2025,11/06/2025,12/06/2025,14/06/2025,15/06/2025,16/06/2025,17/06/2025,18/06/2025,19/06/2025,20/06/2025,21/06/2025,23/06/2025,24/06/2025,25/06/2025,29/06/2025,30/06/2025,04/07/2025,05/07/2025,06/07/2025,08/07/2025,09/07/2025,10/07/2025,12/07/2025,14/07/2025,15/07/2025,17/07/2025,18/07/2025,19/07/2025,20/07/2025,21/07/2025,22/07/2025,23/07/2025,24/07/2025,25/07/2025,27/07/2025,28/07/2025,29/07/2025,30/07/2025,31/07/2025,
65,08/06/2025,09/06/2025,10/06/2025,11/06/2025,12/06/2025,14/06/2025,15/06/2025,16/06/2025,17/06/2025,18/06/2025,19/06/2025,20/06/2025,21/06/2025,23/06/2025,24/06/2025,25/06/2025,29/06/2025,30/06/2025,04/07/2025,05/07/2025,06/07/2025,08/07/2025,09/07/2025,10/07/2025,12/07/2025,14/07/2025,15/07/2025,17/07/2025,18/07/2025,19/07/2025,20/07/2025,21/07/2025,22/07/2025,23/07/2025,24/07/2025,25/07/2025,27/07/2025,28/07/2025,29/07/2025,30/07/2025,31/07/2025,
66,08/06/2025,09/06/2025,10/06/2025,11/06/2025,12/06/2025,14/06/2025,15/06/2025,16/06/2025,17/06/2025,18/06/2025,19/06/2025,20/06/2025,21/06/2025,23/06/2025,24/06/2025,25/06/2025,29/06/2025,30/06/2025,04/07/2025,05/07/2025,06/07/2025,08/07/2025,09/07/2025,10/07/2025,12/07/2025,14/07/2025,15/07/2025,17/07/2025,18/07/2025,19/07/2025,20/07/2025,21/07/2025,22/07/2025,23/07/2025,24/07/2025,25/07/2025,27/07/2025,28/07/2025,29/07/2025,30/07/2025,31/07/2025,
67,08/06/2025,09/06/2025,10/06/2025,11/06/2025,12/06/2025,14/06/2025,15/06/2025,16/06/2025,17/06/2025,18/06/2025,19/06/2025,20/06/2025,21/06/2025,23/06/2025,24/06/2025,25/06/2025,29/06/2025,30/06/2025,04/07/2025,05/07/2025,06/07/2025,08/07/2025,09/07/2025,10/07/2025,12/07/2025,14/07/2025,15/07/2025,17/07/2025,18/07/2025,19/07/2025,20/07/2025,21/07/2025,22/07/2025,23/07/2025,24/07/2025,25/07/2025,27/07/2025,28/07/2025,29/07/2025,30/07/2025,31/07/2025,
68,08/06/2025,09/06/2025,10/06/2025,11/06/2025,12/06/2025,14/06/2025,15/06/2025,16/06/2025,17/06/2025,18/06/2025,19/06/2025,20/06/2025,21/06/2025,23/06/2025,24/06/2025,25/06/2025,29/06/2025,30/06/2025,04/07/2025,05/07/2025,06/07/2025,08/07/2025,09/07/2025,10/07/2025,12/07/2025,14/07/2025,15/07/2025,17/07/2025,18/07/2025,19/07/2025,20/07/2025,21/07/2025,22/07/2025,23/07/2025,24/07/2025,25/07/2025,27/07/2025,28/07/2025,29/07/2025,30/07/2025,31/07/2025,
69,08/06/2025,09/06/2025,10/06/2025,11/06/2025,12/06/2025,14/06/2025,15/06/2025,16/06/2025,17/06/2025,18/06/2025,19/06/2025,20/06/2025,21/06/2025,23/06/2025,24/06/2025,25/06/2025,29/06/2025,30/06/2025,04/07/2025,05/07/2025,06/07/2025,08/07/2025,09/07/2025,10/07/2025,12/07/2025,14/07/2025,15/07/2025,17/07/2025,18/07/2025,19/07/2025,20/07/2025,21/07/2025,22/07/2025,23/07/2025,24/07/2025,25/07/2025,27/07/2025,28/07/2025,29/07/2025,30/07/2025,31/07/2025,
70,08/06/2025,09/06/2025,10/06/2025,11/06/2025,12/06/2025,14/06/2025,15/06/2025,16/06/2025,17/06/2025,18/06/2025,19/06/2025,20/06/2025,21/06/2025,23/06/2025,24/06/2025,25/06/2025,29/06/2025,30/06/2025,04/07/2025,05/07/2025,06/07/2025,08/07/2025,09/07/2025,10/07/2025,12/07/2025,14/07/2025,15/07/2025,17/07/2025,18/07/2025,19/07/2025,20/07/2025,21/07/2025,22/07/2025,23/07/2025,24/07/2025,25/07/2025,27/07/2025,28/07/2025,29/07/2025,30/07/2025,31/07/2025,
71,08/06/2025,09/06/2025,10/06/2025,11/06/2025,12/06/2025,14/06/2025,15/06/2025,16/06/2025,17/06/2025,18/06/2025,19/06/2025,20/06/2025,21/06/2025,23/06/2025,24/06/2025,25/06/2025,29/06/2025,30/06/2025,04/07/2025,05/07/2025,06/07/2025,08/07/2025,09/07/2025,10/07/2025,12/07/2025,14/07/2025,15/07/2025,17/07/2025,18/07/2025,19/07/2025,20/07/2025,21/07/2025,22/07/2025,23/07/2025,24/07/2025,25/07/2025,27/07/2025,28/07/2025,29/07/2025,30/07/2025,31/07/2025,
72,08/06/2025,09/06/2025,10/06/2025,11/06/2025,12/06/2025,14/06/2025,15/06/2025,16/06/2025,17/06/2025,18/06/2025,19/06/2025,20/06/2025,21/06/2025,23/06/2025,24/06/2025,25/06/2025,29/06/2025,30/06/2025,04/07/2025,05/07/2025,06/07/2025,08/07/2025,09/07/2025,10/07/2025,12/07/2025,14/07/2025,15/07/2025,17/07/2025,18/07/2025,19/07/2025,20/07/2025,21/07/2025,22/07/2025,23/07/2025,24/07/2025,25/07/2025,27/07/2025,28/07/2025,29/07/2025,30/07/2025,31/07/2025,
73,08/06/2025,09/06/2025,10/06/2025,11/06/2025,12/06/2025,14/06/2025,15/06/2025,16/06/2025,17/06/2025,18/06/2025,19/06/2025,20/06/2025,21/06/2025,23/06/2025,24/06/2025,25/06/2025,29/06/2025,30/06/2025,04/07/2025,05/07/2025,06/07/2025,08/07/2025,09/07/2025,10/07/2025,12/07/2025,14/07/2025,15/07/2025,17/07/2025,18/07/2025,19/07/2025,20/07/2025,21/07/2025,22/07/2025,23/07/2025,24/07/2025,25/07/2025,27/07/2025,28/07/2025,29/07/2025,30/07/2025,31/07/2025,
74,08/06/2025,09/06/2025,10/06/2025,11/06/2025,12/06/2025,14/06/2025,15/06/2025,16/06/2025,17/06/2025,18/06/2025,19/06/2025,20/06/2025,21/06/2025,23/06/2025,24/06/2025,25/06/2025,29/06/2025,30/06/2025,04/07/2025,05/07/2025,06/07/2025,08/07/2025,09/07/2025,10/07/2025,12/07/2025,14/07/2025,15/07/2025,17/07/2025,18/07/2025,19/07/2025,20/07/2025,21/07/2025,22/07/2025,23/07/2025,24/07/2025,25/07/2025,27/07/2025,28/07/2025,29/07/2025,30/07/2025,31/07/2025,
75,08/06/2025,09/06/2025,10/06/2025,11/06/2025,12/06/2025,14/06/2025,15/06/2025,16/06/2025,17/06/2025,18/06/2025,19/06/2025,20/06/2025,21/06/2025,23/06/2025,24/06/2025,25/06/2025,29/06/2025,30/06/2025,04/07/2025,05/07/2025,06/07/2025,08/07/2025,09/07/2025,10/07/2025,12/07/2025,14/07/2025,15/07/2025,17/07/2025,18/07/2025,19/07/2025,20/07/2025,21/07/2025,22/07/2025,23/07/2025,24/07/2025,25/07/2025,27/07/2025,28/07/2025,29/07/2025,30/07/2025,31/07/2025,
76,08/06/2025,09/06/2025,10/06/2025,11/06/2025,12/06/2025,14/06/2025,15/06/2025,16/06/2025,17/06/2025,18/06/2025,19/06/2025,20/06/2025,21/06/2025,23/06/2025,24/06/2025,25/06/2025,29/06/2025,30/06/2025,04/07/2025,05/07/2025,06/07/2025,08/07/2025,09/07/2025,10/07/2025,12/07/2025,14/07/2025,15/07/2025,17/07/2025,18/07/2025,19/07/2025,20/07/2025,21/07/2025,22/07/2025,23/07/2025,24/07/2025,25/07/2025,27/07/2025,28/07/2025,29/07/2025,30/07/2025,31/07/2025,
77,08/06/2025,09/06/2025,10/06/2025,11/06/2025,12/06/2025,14/06/2025,15/06/2025,16/06/2025,17/06/2025,18/06/2025,19/06/2025,20/06/2025,21/06/2025,23/06/2025,24/06/2025,25/06/2025,29/06/2025,30/06/2025,04/07/2025,05/07/2025,06/07/2025,08/07/2025,09/07/2025,10/07/2025,12/07/2025,14/07/2025,15/07/2025,17/07/2025,18/07/2025,19/07/2025,20/07/2025,21/07/2025,22/07/2025,23/07/2025,24/07/2025,25/07/2025,27/07/2025,28/07/2025,29/07/2025,30/07/2025,31/07/2025,
78,08/06/2025,09/06/2025,10/06/2025,11/06/2025,12/06/2025,14/06/2025,15/06/2025,16/06/2025,17/06/2025,18/06/2025,19/06/2025,20/06/2025,21/06/2025,23/06/2025,24/06/2025,25/06/2025,29/06/2025,30/06/2025,04/07/2025,05/07/2025,06/07/2025,08/07/2025,09/07/2025,10/07/2025,12/07/2025,14/07/2025,15/07/2025,17/07/2025,18/07/2025,19/07/2025,20/07/2025,21/07/2025,22/07/2025,23/07/2025,24/07/2025,25/07/2025,27/07/2025,28/07/2025,29/07/2025,30/07/2025,31/07/2025,
79,08/06/2025,09/06/2025,10/06/2025,11/06/2025,12/06/2025,14/06/2025,15/06/2025,16/06/2025,17/06/2025,18/06/2025,19/06/2025,20/06/2025,21/06/2025,23/06/2025,24/06/2025,25/06/2025,29/06/2025,30/06/2025,04/07/2025,05/07/2025,06/07/2025,08/07/2025,09/07/2025,10/07/2025,12/07/2025,14/07/2025,15/07/2025,17/07/2025,18/07/2025,19/07/2025,20/07/2025,21/07/2025,22/07/2025,23/07/2025,24/07/2025,25/07/2025,27/07/2025,28/07/2025,29/07/2025,30/07/2025,31/07/2025,
80,08/06/2025,09/06/2025,10/06/2025,11/06/2025,12/06/2025,14/06/2025,15/06/2025,16/06/2025,17/06/2025,18/06/2025,19/06/2025,20/06/2025,21/06/2025,23/06/2025,24/06/2025,25/06/2025,29/06/2025,30/06/2025,04/07/2025,05/07/2025,06/07/2025,08/07/2025,09/07/2025,10/07/2025,12/07/2025,14/07/2025,15/07/2025,17/07/2025,18/07/2025,19/07/2025,20/07/2025,21/07/2025,22/07/2025,23/07/2025,24/07/2025,25/07/2025,27/07/2025,28/07/2025,29/07/2025,30/07/2025,31/07/2025,
81,08/06/2025,09/06/2025,10/06/2025,11/06/2025,12/06/2025,14/06/2025,15/06/2025,16/06/2025,17/06/2025,18/06/2025,19/06/2025,20/06/2025,21/06/2025,23/06/2025,24/06/2025,25/06/2025,29/06/2025,30/06/2025,04/07/2025,05/07/2025,06/07/2025,08/07/2025,09/07/2025,10/07/2025,12/07/2025,14/07/2025,15/07/2025,17/07/2025,18/07/2025,19/07/2025,20/07/2025,21/07/2025,22/07/2025,23/07/2025,24/07/2025,25/07/2025,27/07/2025,28/07/2025,29/07/2025,30/07/2025,31/07/2025,
82,08/06/2025,09/06/2025,10/06/2025,11/06/2025,12/06/2025,14/06/2025,15/06/2025,16/06/2025,17/06/2025,18/06/2025,19/06/2025,20/06/2025,21/06/2025,23/06/2025,24/06/2025,25/06/2025,29/06/2025,30/06/2025,04/07/2025,05/07/2025,06/07/2025,08/07/2025,09/07/2025,10/07/2025,12/07/2025,14/07/2025,15/07/2025,17/07/2025,18/07/2025,19/07/2025,20/07/2025,21/07/2025,22/07/2025,23/07/2025,24/07/2025,25/07/2025,27/07/2025,28/07/2025,29/07/2025,30/07/2025,31/07/2025,
83,08/06/2025,09/06/2025,10/06/2025,11/06/2025,12/06/2025,14/06/2025,15/06/2025,16/06/2025,17/06/2025,18/06/2025,19/06/2025,20/06/2025,21/06/2025,23/06/2025,24/06/2025,25/06/2025,29/06/2025,30/06/2025,04/07/2025,05/07/2025,06/07/2025,08/07/2025,09/07/2025,10/07/2025,12/07/2025,14/07/2025,15/07/2025,17/07/2025,18/07/2025,19/07/2025,20/07/2025,21/07/2025,22/07/2025,23/07/2025,24/07/2025,25/07/2025,27/07/2025,28/07/2025,29/07/2025,30/07/2025,31/07/2025,
84,08/06/2025,09/06/2025,10/06/2025,11/06/2025,12/06/2025,14/06/2025,15/06/2025,16/06/2025,17/06/2025,18/06/2025,19/06/2025,20/06/2025,21/06/2025,23/06/2025,24/06/2025,25/06/2025,29/06/2025,30/06/2025,04/07/2025,05/07/2025,06/07/2025,08/07/2025,09/07/2025,10/07/2025,12/07/2025,14/07/2025,15/07/2025,17/07/2025,18/07/2025,19/07/2025,20/07/2025,21/07/2025,22/07/2025,23/07/2025,24/07/2025,25/07/2025,27/07/2025,28/07/2025,29/07/2025,30/07/2025,31/07/2025,
85,08/06/2025,09/06/2025,10/06/2025,11/06/2025,12/06/2025,14/06/2025,15/06/2025,16/06/2025,17/06/2025,18/06/2025,19/06/2025,20/06/2025,21/06/2025,23/06/2025,24/06/2025,25/06/2025,29/06/2025,30/06/2025,04/07/2025,05/07/2025,06/07/2025,08/07/2025,09/07/2025,10/07/2025,12/07/2025,14/07/2025,15/07/2025,17/07/2025,18/07/2025,19/07/2025,20/07/2025,21/07/2025,22/07/2025,23/07/2025,24/07/2025,25/07/2025,27/07/2025,28/07/2025,29/07/2025,30/07/2025,31/07/2025,
86,08/06/2025,09/06/2025,10/06/2025,11/06/2025,12/06/2025,14/06/2025,15/06/2025,16/06/2025,17/06/2025,18/06/2025,19/06/2025,20/06/2025,21/06/2025,23/06/2025,24/06/2025,25/06/2025,29/06/2025,30/06/2025,04/07/2025,05/07/2025,06/07/2025,08/07/2025,09/07/2025,10/07/2025,12/07/2025,14/07/2025,15/07/2025,17/07/2025,18/07/2025,19/07/2025,20/07/2025,21/07/2025,22/07/2025,23/07/2025,24/07/2025,25/07/2025,27/07/2025,28/07/2025,29/07/2025,30/07/2025,31/07/2025,
87,08/06/2025,09/06/2025,10/06/2025,11/06/2025,12/06/2025,14/06/2025,15/06/2025,16/06/2025,17/06/2025,18/06/2025,19/06/2025,20/06/2025,21/06/2025,23/06/2025,24/06/2025,25/06/2025,29/06/2025,30/06/2025,04/07/2025,05/07/2025,06/07/2025,08/07/2025,09/07/2025,10/07/2025,12/07/2025,14/07/2025,15/07/2025,17/07/2025,18/07/2025,19/07/2025,20/07/2025,21/07/2025,22/07/2025,23/07/2025,24/07/2025,25/07/2025,27/07/2025,28/07/2025,29/07/2025,30/07/2025,31/07/2025,
88,08/06/2025,09/06/2025,10/06/2025,11/06/2025,12/06/2025,14/06/2025,15/06/2025,16/06/2025,17/06/2025,18/06/2025,19/06/2025,20/06/2025,21/06/2025,23/06/2025,24/06/2025,25/06/2025,29/06/2025,30/06/2025,04/07/2025,05/07/2025,06/07/2025,08/07/2025,09/07/2025,10/07/2025,12/07/2025,14/07/2025,15/07/2025,17/07/2025,18/07/2025,19/07/2025,20/07/2025,21/07/2025,22/07/2025,23/07/2025,24/07/2025,25/07/2025,27/07/2025,28/07/2025,29/07/2025,30/07/2025,31/07/2025,
89,08/06/2025,09/06/2025,10/06/2025,11/06/2025,12/06/2025,14/06/2025,15/06/2025,16/06/2025,17/06/2025,18/06/2025,19/06/2025,20/06/2025,21/06/2025,23/06/2025,24/06/2025,25/06/2025,29/06/2025,30/06/2025,04/07/2025,05/07/2025,06/07/2025,08/07/2025,09/07/2025,10/07/2025,12/07/2025,14/07/2025,15/07/2025,17/07/2025,18/07/2025,19/07/2025,20/07/2025,21/07/2025,22/07/2025,23/07/2025,24/07/2025,25/07/2025,27/07/2025,28/07/2025,29/07/2025,30/07/2025,31/07/2025,
90,08/06/2025,09/06/2025,10/06/2025,11/06/2025,12/06/2025,14/06/2025,15/06/2025,16/06/2025,17/06/2025,18/06/2025,19/06/2025,20/06/2025,21/06/2025,23/06/2025,24/06/2025,25/06/2025,29/06/2025,30/06/2025,04/07/2025,05/07/2025,06/07/2025,08/07/2025,09/07/2025,10/07/2025,12/07/2025,14/07/2025,15/07/2025,17/07/2025,18/07/2025,19/07/2025,20/07/2025,21/07/2025,22/07/2025,23/07/2025,24/07/2025,25/07/2025,27/07/2025,28/07/2025,29/07/2025,30/07/2025,31/07/2025,
91,08/06/2025,09/06/2025,10/06/2025,11/06/2025,12/06/2025,14/06/2025,15/06/2025,16/06/2025,17/06/2025,18/06/2025,19/06/2025,20/06/2025,21/06/2025,23/06/2025,24/06/2025,25/06/2025,29/06/2025,30/06/2025,04/07/2025,05/07/2025,06/07/2025,08/07/2025,09/07/2025,10/07/2025,12/07/2025,14/07/2025,15/07/2025,17/07/2025,18/07/2025,19/07/2025,20/07/2025,21/07/2025,22/07/2025,23/07/2025,24/07/2025,25/07/2025,27/07/2025,28/07/2025,29/07/2025,30/07/2025,31/07/2025,
92,08/06/2025,09/06/2025,10/06/2025,11/06/2025,12/06/2025,14/06/2025,15/06/2025,16/06/2025,17/06/2025,18/06/2025,19/06/2025,20/06/2025,21/06/2025,23/06/2025,24/06/2025,25/06/2025,29/06/2025,30/06/2025,04/07/2025,05/07/2025,06/07/2025,08/07/2025,09/07/2025,10/07/2025,12/07/2025,14/07/2025,15/07/2025,17/07/2025,18/07/2025,19/07/2025,20/07/2025,21/07/2025,22/07/2025,23/07/2025,24/07/2025,25/07/2025,27/07/2025,28/07/2025,29/07/2025,30/07/2025,31/07/2025,
93,08/06/2025,09/06/2025,10/06/2025,11/06/2025,12/06/2025,14/06/2025,15/06/2025,16/06/2025,17/06/2025,18/06/2025,19/06/2025,20/06/2025,21/06/2025,23/06/2025,24/06/2025,25/06/2025,29/06/2025,30/06/2025,04/07/2025,05/07/2025,06/07/2025,08/07/2025,09/07/2025,10/07/2025,12/07/2025,14/07/2025,15/07/2025,17/07/2025,18/07/2025,19/07/2025,20/07/2025,21/07/2025,22/07/2025,23/07/2025,24/07/2025,25/07/2025,27/07/2025,28/07/2025,29/07/2025,30/07/2025,31/07/2025,
94,08/06/2025,09/06/2025,10/06/2025,11/06/2025,12/06/2025,14/06/2025,15/06/2025,16/06/2025,17/06/2025,18/06/2025,19/06/2025,20/06/2025,21/06/2025,23/06/2025,24/06/2025,25/06/2025,29/06/2025,30/06/2025,04/07/2025,05/07/2025,06/07/2025,08/07/2025,09/07/2025,10/07/2025,12/07/2025,14/07/2025,15/07/2025,17/07/2025,18/07/2025,19/07/2025,20/07/2025,21/07/2025,22/07/2025,23/07/2025,24/07/2025,25/07/2025,27/07/2025,28/07/2025,29/07/2025,30/07/2025,31/07/2025,
95,08/06/2025,09/06/2025,10/06/2025,11/06/2025,12/06/2025,14/06/2025,15/06/2025,16/06/2025,17/06/2025,18/06/2025,19/06/2025,20/06/2025,21/06/2025,23/06/2025,24/06/2025,25/06/2025,29/06/2025,30/06/2025,04/07/2025,05/07/2025,06/07/2025,08/07/2025,09/07/2025,10/07/2025,12/07/2025,14/07/2025,15/07/2025,17/07/2025,18/07/2025,19/07/2025,20/07/2025,21/07/2025,22/07/2025,23/07/2025,24/07/2025,25/07/2025,27/07/2025,28/07/2025,29/07/2025,30/07/2025,31/07/2025,
96,08/06/2025,09/06/2025,10/06/2025,11/06/2025,12/06/2025,14/06/2025,15/06/2025,16/06/2025,17/06/2025,18/06/2025,19/06/2025,20/06/2025,21/06/2025,23/06/2025,24/06/2025,25/06/2025,29/06/2025,30/06/2025,04/07/2025,05/07/2025,06/07/2025,08/07/2025,09/07/2025,10/07/2025,12/07/2025,14/07/2025,15/07/2025,17/07/2025,18/07/2025,19/07/2025,20/07/2025,21/07/2025,22/07/2025,23/07/2025,24/07/2025,25/07/2025,27/07/2025,28/07/2025,29/07/2025,30/07/2025,31/07/2025,
97,08/06/2025,09/06/2025,10/06/2025,11/06/2025,12/06/2025,14/06/2025,15/06/2025,16/06/2025,17/06/2025,18/06/2025,19/06/2025,20/06/2025,21/06/2025,23/06/2025,24/06/2025,25/06/2025,29/06/2025,30/06/2025,04/07/2025,05/07/2025,06/07/2025,08/07/2025,09/07/2025,10/07/2025,12/07/2025,14/07/2025,15/07/2025,17/07/2025,18/07/2025,19/07/2025,20/07/2025,21/07/2025,22/07/2025,23/07/2025,24/07/2025,25/07/2025,27/07/2025,28/07/2025,29/07/2025,30/07/2025,31/07/2025,
98,08/06/2025,09/06/2025,10/06/2025,11/06/2025,12/06/2025,14/06/2025,15/06/2025,16/06/2025,17/06/2025,18/06/2025,19/06/2025,20/06/2025,21/06/2025,23/06/2025,24/06/2025,25/06/2025,29/06/2025,30/06/2025,04/07/2025,05/07/2025,06/07/2025,08/07/2025,09/07/2025,10/07/2025,12/07/2025,14/07/2025,15/07/2025,17/07/2025,18/07/2025,19/07/2025,20/07/2025,21/07/2025,22/07/2025,23/07/2025,24/07/2025,25/07/2025,27/07/2025,28/07/2025,29/07/2025,30/07/2025,31/07/2025,
99,08/06/2025,09/06/2025,10/06/2025,11/06/2025,12/06/2025,14/06/2025,15/06/2025,16/06/2025,17/06/2025,18/06/2025,19/06/2025,20/06/2025,21/06/2025,23/06/2025,24/06/2025,25/06/2025,29/06/2025,30/06/2025,04/07/2025,05/07/2025,06/07/2025,08/07/2025,09/07/2025,10/07/2025,12/07/2025,14/07/2025,15/07/2025,17/07/2025,18/07/2025,19/07/2025,20/07/2025,21/07/2025,22/07/2025,23/07/2025,24/07/2025,25/07/2025,27/07/2025,28/07/2025,29/07/2025,30/07/2025,31/07/2025,
100,08/06/2025,09/06/2025,10/06/2025,11/06/2025,12/06/2025,14/06/2025,15/06/2025,16/06/2025,17/06/2025,18/06/2025,19/06/2025,20/06/2025,21/06/2025,23/06/2025,24/06/2025,25/06/2025,29/06/2025,30/06/2025,04/07/2025,05/07/2025,06/07/2025,08/07/2025,09/07/2025,10/07/2025,12/07/2025,14/07/2025,15/07/2025,17/07/2025,18/07/2025,19/07/2025,20/07/2025,21/07/2025,22/07/2025,23/07/2025,24/07/2025,25/07/2025,27/07/2025,28/07/2025,29/07/2025,30/07/2025,31/07/2025,
101,08/06/2025,09/06/2025,10/06/2025,11/06/2025,12/06/2025,14/06/2025,15/06/2025,16/06/2025,17/06/2025,18/06/2025,19/06/2025,20/06/2025,21/06/2025,23/06/2025,24/06/2025,25/06/2025,29/06/2025,30/06/2025,04/07/2025,05/07/2025,06/07/2025,08/07/2025,09/07/2025,10/07/2025,12/07/2025,14/07/2025,15/07/2025,17/07/2025,18/07/2025,19/07/2025,20/07/2025,21/07/2025,22/07/2025,23/07/2025,24/07/2025,25/07/2025,27/07/2025,28/07/2025,29/07/2025,30/07/2025,31/07/2025,
102,08/06/2025,09/06/2025,10/06/2025,11/06/2025,12/06/2025,14/06/2025,15/06/2025,16/06/2025,17/06/2025,18/06/2025,19/06/2025,20/06/2025,21/06/2025,23/06/2025,24/06/2025,25/06/2025,29/06/2025,30/06/2025,04/07/2025,05/07/2025,06/07/2025,08/07/2025,09/07/2025,10/07/2025,12/07/2025,14/07/2025,15/07/2025,17/07/2025,18/07/2025,19/07/2025,20/07/2025,21/07/2025,22/07/2025,23/07/2025,24/07/2025,25/07/2025,27/07/2025,28/07/2025,29/07/2025,30/07/2025,31/07/2025,
103,08/06/2025,09/06/2025,10/06/2025,11/06/2025,12/06/2025,14/06/2025,15/06/2025,16/06/2025,17/06/2025,18/06/2025,19/06/2025,20/06/2025,21/06/2025,23/06/2025,24/06/2025,25/06/2025,29/06/2025,30/06/2025,04/07/2025,05/07/2025,06/07/2025,08/07/2025,09/07/2025,10/07/2025,12/07/2025,14/07/2025,15/07/2025,17/07/2025,18/07/2025,19/07/2025,20/07/2025,21/07/2025,22/07/2025,23/07/2025,24/07/2025,25/07/2025,27/07/2025,28/07/2025,29/07/2025,30/07/2025,31/07/2025,
104,08/06/2025,09/06/2025,10/06/2025,11/06/2025,12/06/2025,14/06/2025,15/06/2025,16/06/2025,17/06/2025,18/06/2025,19/06/2025,20/06/2025,21/06/2025,23/06/2025,24/06/2025,25/06/2025,29/06/2025,30/06/2025,04/07/2025,05/07/2025,06/07/2025,08/07/2025,09/07/2025,10/07/2025,12/07/2025,14/07/2025,15/07/2025,17/07/2025,18/07/2025,19/07/2025,20/07/2025,21/07/2025,22/07/2025,23/07/2025,24/07/2025,25/07/2025,27/07/2025,28/07/2025,29/07/2025,30/07/2025,31/07/2025,
105,08/06/2025,09/06/2025,10/06/2025,11/06/2025,12/06/2025,14/06/2025,15/06/2025,16/06/2025,17/06/2025,18/06/2025,19/06/2025,20/06/2025,21/06/2025,23/06/2025,24/06/2025,25/06/2025,29/06/2025,30/06/2025,04/07/2025,05/07/2025,06/07/2025,08/07/2025,09/07/2025,10/07/2025,12/07/2025,14/07/2025,15/07/2025,17/07/2025,18/07/2025,19/07/2025,20/07/2025,21/07/2025,22/07/2025,23/07/2025,24/07/2025,25/07/2025,27/07/2025,28/07/2025,29/07/2025,30/07/2025,31/07/2025,
106,08/06/2025,09/06/2025,10/06/2025,11/06/2025,12/06/2025,14/06/2025,15/06/2025,16/06/2025,17/06/2025,18/06/2025,19/06/2025,20/06/2025,21/06/2025,23/06/2025,24/06/2025,25/06/2025,29/06/2025,30/06/2025,04/07/2025,05/07/2025,06/07/2025,08/07/2025,09/07/2025,10/07/2025,12/07/2025,14/07/2025,15/07/2025,17/07/2025,18/07/2025,19/07/2025,20/07/2025,21/07/2025,22/07/2025,23/07/2025,24/07/2025,25/07/2025,27/07/2025,28/07/2025,29/07/2025,30/07/2025,31/07/2025,
107,08/06/2025,09/06/2025,10/06/2025,11/06/2025,12/06/2025,14/06/2025,15/06/2025,16/06/2025,17/06/2025,18/06/2025,19/06/2025,20/06/2025,21/06/2025,23/06/2025,24/06/2025,25/06/2025,29/06/2025,30/06/2025,04/07/2025,05/07/2025,06/07/2025,08/07/2025,09/07/2025,10/07/2025,12/07/2025,14/07/2025,15/07/2025,17/07/2025,18/07/2025,19/07/2025,20/07/2025,21/07/2025,22/07/2025,23/07/2025,24/07/2025,25/07/2025,27/07/2025,28/07/2025,29/07/2025,30/07/2025,31/07/2025,
108,08/06/2025,09/06/2025,10/06/2025,11/06/2025,12/06/2025,14/06/2025,15/06/2025,16/06/2025,17/06/2025,18/06/2025,19/06/2025,20/06/2025,21/06/2025,23/06/2025,24/06/2025,25/06/2025,29/06/2025,30/06/2025,04/07/2025,05/07/2025,06/07/2025,08/07/2025,09/07/2025,10/07/2025,12/07/2025,14/07/2025,15/07/2025,17/07/2025,18/07/2025,19/07/2025,20/07/2025,21/07/2025,22/07/2025,23/07/2025,24/07/2025,25/07/2025,27/07/2025,28/07/2025,29/07/2025,30/07/2025,31/07/2025,
109,08/06/2025,09/06/2025,10/06/2025,11/06/2025,12/06/2025,14/06/2025,15/06/2025,16/06/2025,17/06/2025,18/06/2025,19/06/2025,20/06/2025,21/06/2025,23/06/2025,24/06/2025,25/06/2025,29/06/2025,30/06/2025,04/07/2025,05/07/2025,06/07/2025,08/07/2025,09/07/2025,10/07/2025,12/07/2025,14/07/2025,15/07/2025,17/07/2025,18/07/2025,19/07/2025,20/07/2025,21/07/2025,22/07/2025,23/07/2025,24/07/2025,25/07/2025,27/07/2025,28/07/2025,29/07/2025,30/07/2025,31/07/2025,
110,08/06/2025,09/06/2025,10/06/2025,11/06/2025,12/06/2025,14/06/2025,15/06/2025,16/06/2025,17/06/2025,18/06/2025,19/06/2025,20/06/2025,21/06/2025,23/06/2025,24/06/2025,25/06/2025,29/06/2025,30/06/2025,04/07/2025,05/07/2025,06/07/2025,08/07/2025,09/07/2025,10/07/2025,12/07/2025,14/07/2025,15/07/2025,17/07/2025,18/07/2025,19/07/2025,20/07/2025,21/07/2025,22/07/2025,23/07/2025,24/07/2025,25/07/2025,27/07/2025,28/07/2025,29/07/2025,30/07/2025,31/07/2025,
111,08/06/2025,09/06/2025,10/06/2025,11/06/2025,12/06/2025,14/06/2025,15/06/2025,16/06/2025,17/06/2025,18/06/2025,19/06/2025,20/06/2025,21/06/2025,23/06/2025,24/06/2025,25/06/2025,29/06/2025,30/06/2025,04/07/2025,05/07/2025,06/07/2025,08/07/2025,09/07/2025,10/07/2025,12/07/2025,14/07/2025,15/07/2025,17/07/2025,18/07/2025,19/07/2025,20/07/2025,21/07/2025,22/07/2025,23/07/2025,24/07/2025,25/07/2025,27/07/2025,28/07/2025,29/07/2025,30/07/2025,31/07/2025,
112,08/06/2025,09/06/2025,10/06/2025,11/06/2025,12/06/2025,14/06/2025,15/06/2025,16/06/2025,17/06/2025,18/06/2025,19/06/2025,20/06/2025,21/06/2025,23/06/2025,24/06/2025,25/06/2025,29/06/2025,30/06/2025,04/07/2025,05/07/2025,06/07/2025,08/07/2025,09/07/2025,10/07/2025,12/07/2025,14/07/2025,15/07/2025,17/07/2025,18/07/2025,19/07/2025,20/07/2025,21/07/2025,22/07/2025,23/07/2025,24/07/2025,25/07/2025,27/07/2025,28/07/2025,29/07/2025,30/07/2025,31/07/2025,
113,08/06/2025,09/06/2025,10/06/2025,11/06/2025,12/06/2025,14/06/2025,15/06/2025,16/06/2025,17/06/2025,18/06/2025,19/06/2025,20/06/2025,21/06/2025,23/06/2025,24/06/2025,25/06/2025,29/06/2025,30/06/2025,04/07/2025,05/07/2025,06/07/2025,08/07/2025,09/07/2025,10/07/2025,12/07/2025,14/07/2025,15/07/2025,17/07/2025,18/07/2025,19/07/2025,20/07/2025,21/07/2025,22/07/2025,23/07/2025,24/07/2025,25/07/2025,27/07/2025,28/07/2025,29/07/2025,30/07/2025,31/07/2025,
114,08/06/2025,09/06/2025,10/06/2025,11/06/2025,12/06/2025,14/06/2025,15/06/2025,16/06/2025,17/06/2025,18/06/2025,19/06/2025,20/06/2025,21/06/2025,23/06/2025,24/06/2025,25/06/2025,29/06/2025,30/06/2025,04/07/2025,05/07/2025,06/07/2025,08/07/2025,09/07/2025,10/07/2025,12/07/2025,14/07/2025,15/07/2025,17/07/2025,18/07/2025,19/07/2025,20/07/2025,21/07/2025,22/07/2025,23/07/2025,24/07/2025,25/07/2025,27/07/2025,28/07/2025,29/07/2025,30/07/2025,31/07/2025,
115,08/06/2025,09/06/2025,10/06/2025,11/06/2025,12/06/2025,14/06/2025,15/06/2025,16/06/2025,17/06/2025,18/06/2025,19/06/2025,20/06/2025,21/06/2025,23/06/2025,24/06/2025,25/06/2025,29/06/2025,30/06/2025,04/07/2025,05/07/2025,06/07/2025,08/07/2025,09/07/2025,10/07/2025,12/07/2025,14/07/2025,15/07/2025,17/07/2025,18/07/2025,19/07/2025,20/07/2025,21/07/2025,22/07/2025,23/07/2025,24/07/2025,25/07/2025,27/07/2025,28/07/2025,29/07/2025,30/07/2025,31/07/2025,
116,08/06/2025,09/06/2025,10/06/2025,11/06/2025,12/06/2025,14/06/2025,15/06/2025,16/06/2025,17/06/2025,18/06/2025,19/06/2025,20/06/2025,21/06/2025,23/06/2025,24/06/2025,25/06/2025,29/06/2025,30/06/2025,04/07/2025,05/07/2025,06/07/2025,08/07/2025,09/07/2025,10/07/2025,12/07/2025,14/07/2025,15/07/2025,17/07/2025,18/07/2025,19/07/2025,20/07/2025,21/07/2025,22/07/2025,23/07/2025,24/07/2025,25/07/2025,27/07/2025,28/07/2025,29/07/2025,30/07/2025,31/07/2025,
117,08/06/2025,09/06/2025,10/06/2025,11/06/2025,12/06/2025,14/06/2025,15/06/2025,16/06/2025,17/06/2025,18/06/2025,19/06/2025,20/06/2025,21/06/2025,23/06/2025,24/06/2025,25/06/2025,29/06/2025,30/06/2025,04/07/2025,05/07/2025,06/07/2025,08/07/2025,09/07/2025,10/07/2025,12/07/2025,14/07/2025,15/07/2025,17/07/2025,18/07/2025,19/07/2025,20/07/2025,21/07/2025,22/07/2025,23/07/2025,24/07/2025,25/07/2025,27/07/2025,28/07/2025,29/07/2025,30/07/2025,31/07/2025,
118,08/06/2025,09/06/2025,10/06/2025,11/06/2025,12/06/2025,14/06/2025,15/06/2025,16/06/2025,17/06/2025,18/06/2025,19/06/2025,20/06/2025,21/06/2025,23/06/2025,24/06/2025,25/06/2025,29/06/2025,30/06/2025,04/07/2025,05/07/2025,06/07/2025,08/07/2025,09/07/2025,10/07/2025,12/07/2025,14/07/2025,15/07/2025,17/07/2025,18/07/2025,19/07/2025,20/07/2025,21/07/2025,22/07/2025,23/07/2025,24/07/2025,25/07/2025,27/07/2025,28/07/2025,29/07/2025,30/07/2025,31/07/2025,
119,08/06/2025,09/06/2025,10/06/2025,11/06/2025,12/06/2025,14/06/2025,15/06/2025,16/06/2025,17/06/2025,18/06/2025,19/06/2025,20/06/2025,21/06/2025,23/06/2025,24/06/2025,25/06/2025,29/06/2025,30/06/2025,04/07/2025,05/07/2025,06/07/2025,08/07/2025,09/07/2025,10/07/2025,12/07/2025,14/07/2025,15/07/2025,17/07/2025,18/07/2025,19/07/2025,20/07/2025,21/07/2025,22/07/2025,23/07/2025,24/07/2025,25/07/2025,27/07/2025,28/07/2025,29/07/2025,30/07/2025,31/07/2025,
120,08/06/2025,09/06/2025,10/06/2025,11/06/2025,12/06/2025,14/06/2025,15/06/2025,16/06/2025,17/06/2025,18/06/2025,19/06/2025,20/06/2025,21/06/2025,23/06/2025,24/06/2025,25/06/2025,29/06/2025,30/06/2025,04/07/2025,05/07/2025,06/07/2025,08/07/2025,09/07/2025,10/07/2025,12/07/2025,14/07/2025,15/07/2025,17/07/2025,18/07/2025,19/07/2025,20/07/2025,21/07/2025,22/07/2025,23/07/2025,24/07/2025,25/07/2025,27/07/2025,28/07/2025,29/07/2025,30/07/2025,31/07/2025,
121,08/06/2025,09/06/2025,10/06/2025,11/06/2025,12/06/2025,14/06/2025,15/06/2025,16/06/2025,17/06/2025,18/06/2025,19/06/2025,20/06/2025,21/06/2025,23/06/2025,24/06/2025,25/06/2025,29/06/2025,30/06/2025,04/07/2025,05/07/2025,06/07/2025,08/07/2025,09/07/2025,10/07/2025,12/07/2025,14/07/2025,15/07/2025,17/07/2025,18/07/2025,19/07/2025,20/07/2025,21/07/2025,22/07/2025,23/07/2025,24/07/2025,25/07/2025,27/07/2025,28/07/2025,29/07/2025,30/07/2025,31/07/2025,
122,08/06/2025,09/06/2025,10/06/2025,11/06/2025,12/06/2025,14/06/2025,15/06/2025,16/06/2025,17/06/2025,18/06/2025,19/06/2025,20/06/2025,21/06/2025,23/06/2025,24/06/2025,25/06/2025,29/06/2025,30/06/2025,04/07/2025,05/07/2025,06/07/2025,08/07/2025,09/07/2025,10/07/2025,12/07/2025,14/07/2025,15/07/2025,17/07/2025,18/07/2025,19/07/2025,20/07/2025,21/07/2025,22/07/2025,23/07/2025,24/07/2025,25/07/2025,27/07/2025,28/07/2025,29/07/2025,30/07/2025,31/07/2025,
123,08/06/2025,09/06/2025,10/06/2025,11/06/2025,12/06/2025,14/06/2025,15/06/2025,16/06/2025,17/06/2025,18/06/2025,19/06/2025,20/06/2025,21/06/2025,23/06/2025,24/06/2025,25/06/2025,29/06/2025,30/06/2025,04/07/2025,05/07/2025,06/07/2025,08/07/2025,09/07/2025,10/07/2025,12/07/2025,14/07/2025,15/07/2025,17/07/2025,18/07/2025,19/07/2025,20/07/2025,21/07/2025,22/07/2025,23/07/2025,24/07/2025,25/07/2025,27/07/2025,28/07/2025,29/07/2025,30/07/2025,31/07/2025,
124,08/06/2025,09/06/2025,10/06/2025,11/06/2025,12/06/2025,14/06/2025,15/06/2025,16/06/2025,17/06/2025,18/06/2025,19/06/2025,20/06/2025,21/06/2025,23/06/2025,24/06/2025,25/06/2025,29/06/2025,30/06/2025,04/07/2025,05/07/2025,06/07/2025,08/07/2025,09/07/2025,10/07/2025,12/07/2025,14/07/2025,15/07/2025,17/07/2025,18/07/2025,19/07/2025,20/07/2025,21/07/2025,22/07/2025,23/07/2025,24/07/2025,25/07/2025,27/07/2025,28/07/2025,29/07/2025,30/07/2025,31/07/2025,
125,08/06/2025,09/06/2025,10/06/2025,11/06/2025,12/06/2025,14/06/2025,15/06/2025,16/06/2025,17/06/2025,18/06/2025,19/06/2025,20/06/2025,21/06/2025,23/06/2025,24/06/2025,25/06/2025,29/06/2025,30/06/2025,04/07/2025,05/07/2025,06/07/2025,08/07/2025,09/07/2025,10/07/2025,12/07/2025,14/07/2025,15/07/2025,17/07/2025,18/07/2025,19/07/2025,20/07/2025,21/07/2025,22/07/2025,23/07/2025,24/07/2025,25/07/2025,27/07/2025,28/07/2025,29/07/2025,30/07/2025,31/07/2025,
126,08/06/2025,09/06/2025,10/06/2025,11/06/2025,12/06/2025,14/06/2025,15/06/2025,16/06/2025,17/06/2025,18/06/2025,19/06/2025,20/06/2025,21/06/2025,23/06/2025,24/06/2025,25/06/2025,29/06/2025,30/06/2025,04/07/2025,05/07/2025,06/07/2025,08/07/2025,09/07/2025,10/07/2025,12/07/2025,14/07/2025,15/07/2025,17/07/2025,18/07/2025,19/07/2025,20/07/2025,21/07/2025,22/07/2025,23/07/2025,24/07/2025,25/07/2025,27/07/2025,28/07/2025,29/07/2025,30/07/2025,31/07/2025,
127,08/06/2025,09/06/2025,10/06/2025,11/06/2025,12/06/2025,14/06/2025,15/06/2025,16/06/2025,17/06/2025,18/06/2025,19/06/2025,20/06/2025,21/06/2025,23/06/2025,24/06/2025,25/06/2025,29/06/2025,30/06/2025,04/07/2025,05/07/2025,06/07/2025,08/07/2025,09/07/2025,10/07/2025,12/07/2025,14/07/2025,15/07/2025,17/07/2025,18/07/2025,19/07/2025,20/07/2025,21/07/2025,22/07/2025,23/07/2025,24/07/2025,25/07/2025,27/07/2025,28/07/2025,29/07/2025,30/07/2025,31/07/2025,
128,08/06/2025,09/06/2025,10/06/2025,11/06/2025,12/06/2025,14/06/2025,15/06/2025,16/06/2025,17/06/2025,18/06/2025,19/06/2025,20/06/2025,21/06/2025,23/06/2025,24/06/2025,25/06/2025,29/06/2025,30/06/2025,04/07/2025,05/07/2025,06/07/2025,08/07/2025,09/07/2025,10/07/2025,12/07/2025,14/07/2025,15/07/2025,17/07/2025,18/07/2025,19/07/2025,20/07/2025,21/07/2025,22/07/2025,23/07/2025,24/07/2025,25/07/2025,27/07/2025,28/07/2025,29/07/2025,30/07/2025,31/07/2025,
129,08/06/2025,09/06/2025,10/06/2025,11/06/2025,12/06/2025,14/06/2025,15/06/2025,16/06/2025,17/06/2025,18/06/2025,19/06/2025,20/06/2025,21/06/2025,23/06/2025,24/06/2025,25/06/2025,29/06/2025,30/06/2025,04/07/2025,05/07/2025,06/07/2025,08/07/2025,09/07/2025,10/07/2025,12/07/2025,14/07/2025,15/07/2025,17/07/2025,18/07/2025,19/07/2025,20/07/2025,21/07/2025,22/07/2025,23/07/2025,24/07/2025,25/07/2025,27/07/2025,28/07/2025,29/07/2025,30/07/2025,31/07/2025,
130,08/06/2025,09/06/2025,10/06/2025,11/06/2025,12/06/2025,14/06/2025,15/06/2025,16/06/2025,17/06/2025,18/06/2025,19/06/2025,20/06/2025,21/06/2025,23/06/2025,24/06/2025,25/06/2025,29/06/2025,30/06/2025,04/07/2025,05/07/2025,06/07/2025,08/07/2025,09/07/2025,10/07/2025,12/07/2025,14/07/2025,15/07/2025,17/07/2025,18/07/2025,19/07/2025,20/07/2025,21/07/2025,22/07/2025,23/07/2025,24/07/2025,25/07/2025,27/07/2025,28/07/2025,29/07/2025,30/07/2025,31/07/2025,
131,08/06/2025,09/06/2025,10/06/2025,11/06/2025,12/06/2025,14/06/2025,15/06/2025,16/06/2025,17/06/2025,18/06/2025,19/06/2025,20/06/2025,21/06/2025,23/06/2025,24/06/2025,25/06/2025,29/06/2025,30/06/2025,04/07/2025,05/07/2025,06/07/2025,08/07/2025,09/07/2025,10/07/2025,12/07/2025,14/07/2025,15/07/2025,17/07/2025,18/07/2025,19/07/2025,20/07/2025,21/07/2025,22/07/2025,23/07/2025,24/07/2025,25/07/2025,27/07/2025,28/07/2025,29/07/2025,30/07/2025,31/07/2025,
132,08/06/2025,09/06/2025,10/06/2025,11/06/2025,12/06/2025,14/06/2025,15/06/2025,16/06/2025,17/06/2025,18/06/2025,19/06/2025,20/06/2025,21/06/2025,23/06/2025,24/06/2025,25/06/2025,29/06/2025,30/06/2025,04/07/2025,05/07/2025,06/07/2025,08/07/2025,09/07/2025,10/07/2025,12/07/2025,14/07/2025,15/07/2025,17/07/2025,18/07/2025,19/07/2025,20/07/2025,21/07/2025,22/07/2025,23/07/2025,24/07/2025,25/07/2025,27/07/2025,28/07/2025,29/07/2025,30/07/2025,31/07/2025,
133,08/06/2025,09/06/2025,10/06/2025,11/06/2025,12/06/2025,14/06/2025,15/06/2025,16/06/2025,17/06/2025,18/06/2025,19/06/2025,20/06/2025,21/06/2025,23/06/2025,24/06/2025,25/06/2025,29/06/2025,30/06/2025,04/07/2025,05/07/2025,06/07/2025,08/07/2025,09/07/2025,10/07/2025,12/07/2025,14/07/2025,15/07/2025,17/07/2025,18/07/2025,19/07/2025,20/07/2025,21/07/2025,22/07/2025,23/07/2025,24/07/2025,25/07/2025,27/07/2025,28/07/2025,29/07/2025,30/07/2025,31/07/2025,
134,08/06/2025,09/06/2025,10/06/2025,11/06/2025,12/06/2025,14/06/2025,15/06/2025,16/06/2025,17/06/2025,18/06/2025,19/06/2025,20/06/2025,21/06/2025,23/06/2025,24/06/2025,25/06/2025,29/06/2025,30/06/2025,04/07/2025,05/07/2025,06/07/2025,08/07/2025,09/07/2025,10/07/2025,12/07/2025,14/07/2025,15/07/2025,17/07/2025,18/07/2025,19/07/2025,20/07/2025,21/07/2025,22/07/2025,23/07/2025,24/07/2025,25/07/2025,27/07/2025,28/07/2025,29/07/2025,30/07/2025,31/07/2025,
135,08/06/2025,09/06/2025,10/06/2025,11/06/2025,12/06/2025,14/06/2025,15/06/2025,16/06/2025,17/06/2025,18/06/2025,19/06/2025,20/06/2025,21/06/2025,23/06/2025,24/06/2025,25/06/2025,29/06/2025,30/06/2025,04/07/2025,05/07/2025,06/07/2025,08/07/2025,09/07/2025,10/07/2025,12/07/2025,14/07/2025,15/07/2025,17/07/2025,18/07/2025,19/07/2025,20/07/2025,21/07/2025,22/07/2025,23/07/2025,24/07/2025,25/07/2025,27/07/2025,28/07/2025,29/07/2025,30/07/2025,31/07/2025,
136,08/06/2025,09/06/2025,10/06/2025,11/06/2025,12/06/2025,14/06/2025,15/06/2025,16/06/2025,17/06/2025,18/06/2025,19/06/2025,20/06/2025,21/06/2025,23/06/2025,24/06/2025,25/06/2025,29/06/2025,30/06/2025,04/07/2025,05/07/2025,06/07/2025,08/07/2025,09/07/2025,10/07/2025,12/07/2025,14/07/2025,15/07/2025,17/07/2025,18/07/2025,19/07/2025,20/07/2025,21/07/2025,22/07/2025,23/07/2025,24/07/2025,25/07/2025,27/07/2025,28/07/2025,29/07/2025,30/07/2025,31/07/2025,
137,08/06/2025,09/06/2025,10/06/2025,11/06/2025,12/06/2025,14/06/2025,15/06/2025,16/06/2025,17/06/2025,18/06/2025,19/06/2025,20/06/2025,21/06/2025,23/06/2025,24/06/2025,25/06/2025,29/06/2025,30/06/2025,04/07/2025,05/07/2025,06/07/2025,08/07/2025,09/07/2025,10/07/2025,12/07/2025,14/07/2025,15/07/2025,17/07/2025,18/07/2025,19/07/2025,20/07/2025,21/07/2025,22/07/2025,23/07/2025,24/07/2025,25/07/2025,27/07/2025,28/07/2025,29/07/2025,30/07/2025,31/07/2025,
138,08/06/2025,09/06/2025,10/06/2025,11/06/2025,12/06/2025,14/06/2025,15/06/2025,16/06/2025,17/06/2025,18/06/2025,19/06/2025,20/06/2025,21/06/2025,23/06/2025,24/06/2025,25/06/2025,29/06/2025,30/06/2025,04/07/2025,05/07/2025,06/07/2025,08/07/2025,09/07/2025,10/07/2025,12/07/2025,14/07/2025,15/07/2025,17/07/2025,18/07/2025,19/07/2025,20/07/2025,21/07/2025,22/07/2025,23/07/2025,24/07/2025,25/07/2025,27/07/2025,28/07/2025,29/07/2025,30/07/2025,31/07/2025,
139,08/06/2025,09/06/2025,10/06/2025,11/06/2025,12/06/2025,14/06/2025,15/06/2025,16/06/2025,17/06/2025,18/06/2025,19/06/2025,20/06/2025,21/06/2025,23/06/2025,24/06/2025,25/06/2025,29/06/2025,30/06/2025,04/07/2025,05/07/2025,06/07/2025,08/07/2025,09/07/2025,10/07/2025,12/07/2025,14/07/2025,15/07/2025,17/07/2025,18/07/2025,19/07/2025,20/07/2025,21/07/2025,22/07/2025,23/07/2025,24/07/2025,25/07/2025,27/07/2025,28/07/2025,29/07/2025,30/07/2025,31/07/2025,
140,08/06/2025,09/06/2025,10/06/2025,11/06/2025,12/06/2025,14/06/2025,15/06/2025,16/06/2025,17/06/2025,18/06/2025,19/06/2025,20/06/2025,21/06/2025,23/06/2025,24/06/2025,25/06/2025,29/06/2025,30/06/2025,04/07/2025,05/07/2025,06/07/2025,08/07/2025,09/07/2025,10/07/2025,12/07/2025,14/07/2025,15/07/2025,17/07/2025,18/07/2025,19/07/2025,20/07/2025,21/07/2025,22/07/2025,23/07/2025,24/07/2025,25/07/2025,27/07/2025,28/07/2025,29/07/2025,30/07/2025,31/07/2025,
141,08/06/2025,09/06/2025,10/06/2025,11/06/2025,12/06/2025,14/06/2025,15/06/2025,16/06/2025,17/06/2025,18/06/2025,19/06/2025,20/06/2025,21/06/2025,23/06/2025,24/06/2025,25/06/2025,29/06/2025,30/06/2025,04/07/2025,05/07/2025,06/07/2025,08/07/2025,09/07/2025,10/07/2025,12/07/2025,14/07/2025,15/07/2025,17/07/2025,18/07/2025,19/07/2025,20/07/2025,21/07/2025,22/07/2025,23/07/2025,24/07/2025,25/07/2025,27/07/2025,28/07/2025,29/07/2025,30/07/2025,31/07/2025,
142,08/06/2025,09/06/2025,10/06/2025,11/06/2025,12/06/2025,14/06/2025,15/06/2025,16/06/2025,17/06/2025,18/06/2025,19/06/2025,20/06/2025,21/06/2025,23/06/2025,24/06/2025,25/06/2025,29/06/2025,30/06/2025,04/07/2025,05/07/2025,06/07/2025,08/07/2025,09/07/2025,10/07/2025,12/07/2025,14/07/2025,15/07/2025,17/07/2025,18/07/2025,19/07/2025,20/07/2025,21/07/2025,22/07/2025,23/07/2025,24/07/2025,25/07/2025,27/07/2025,28/07/2025,29/07/2025,30/07/2025,31/07/2025,
143,08/06/2025,09/06/2025,10/06/2025,11/06/2025,12/06/2025,14/06/2025,15/06/2025,16/06/2025,17/06/2025,18/06/2025,19/06/2025,20/06/2025,21/06/2025,23/06/2025,24/06/2025,25/06/2025,29/06/2025,30/06/2025,04/07/2025,05/07/2025,06/07/2025,08/07/2025,09/07/2025,10/07/2025,12/07/2025,14/07/2025,15/07/2025,17/07/2025,18/07/2025,19/07/2025,20/07/2025,21/07/2025,22/07/2025,23/07/2025,24/07/2025,25/07/2025,27/07/2025,28/07/2025,29/07/2025,30/07/2025,31/07/2025,
144,08/06/2025,09/06/2025,10/06/2025,11/06/2025,12/06/2025,14/06/2025,15/06/2025,16/06/2025,17/06/2025,18/06/2025,19/06/2025,20/06/2025,21/06/2025,23/06/2025,24/06/2025,25/06/2025,29/06/2025,30/06/2025,04/07/2025,05/07/2025,06/07/2025,08/07/2025,09/07/2025,10/07/2025,12/07/2025,14/07/2025,15/07/2025,17/07/2025,18/07/2025,19/07/2025,20/07/2025,21/07/2025,22/07/2025,23/07/2025,24/07/2025,25/07/2025,27/07/2025,28/07/2025,29/07/2025,30/07/2025,31/07/2025,
145,08/06/2025,09/06/2025,10/06/2025,11/06/2025,12/06/2025,14/06/2025,15/06/2025,16/06/2025,17/06/2025,18/06/2025,19/06/2025,20/06/2025,21/06/2025,23/06/2025,24/06/2025,25/06/2025,29/06/2025,30/06/2025,04/07/2025,05/07/2025,06/07/2025,08/07/2025,09/07/2025,10/07/2025,12/07/2025,14/07/2025,15/07/2025,17/07/2025,18/07/2025,19/07/2025,20/07/2025,21/07/2025,22/07/2025,23/07/2025,24/07/2025,25/07/2025,27/07/2025,28/07/2025,29/07/2025,30/07/2025,31/07/2025,
146,08/06/2025,09/06/2025,10/06/2025,11/06/2025,12/06/2025,14/06/2025,15/06/2025,16/06/2025,17/06/2025,18/06/2025,19/06/2025,20/06/2025,21/06/2025,23/06/2025,24/06/2025,25/06/2025,29/06/2025,30/06/2025,04/07/2025,05/07/2025,06/07/2025,08/07/2025,09/07/2025,10/07/2025,12/07/2025,14/07/2025,15/07/2025,17/07/2025,18/07/2025,19/07/2025,20/07/2025,21/07/2025,22/07/2025,23/07/2025,24/07/2025,25/07/2025,27/07/2025,28/07/2025,29/07/2025,30/07/2025,31/07/2025,
147,08/06/2025,09/06/2025,10/06/2025,11/06/2025,12/06/2025,14/06/2025,15/06/2025,16/06/2025,17/06/2025,18/06/2025,19/06/2025,20/06/2025,21/06/2025,23/06/2025,24/06/2025,25/06/2025,29/06/2025,30/06/2025,04/07/2025,05/07/2025,06/07/2025,08/07/2025,09/07/2025,10/07/2025,12/07/2025,14/07/2025,15/07/2025,17/07/2025,18/07/2025,19/07/2025,20/07/2025,21/07/2025,22/07/2025,23/07/2025,24/07/2025,25/07/2025,27/07/2025,28/07/2025,29/07/2025,30/07/2025,31/07/2025,
148,08/06/2025,09/06/2025,10/06/2025,11/06/2025,12/06/2025,14/06/2025,15/06/2025,16/06/2025,17/06/2025,18/06/2025,19/06/2025,20/06/2025,21/06/2025,23/06/2025,24/06/2025,25/06/2025,29/06/2025,30/06/2025,04/07/2025,05/07/2025,06/07/2025,08/07/2025,09/07/2025,10/07/2025,12/07/2025,14/07/2025,15/07/2025,17/07/2025,18/07/2025,19/07/2025,20/07/2025,21/07/2025,22/07/2025,23/07/2025,24/07/2025,25/07/2025,27/07/2025,28/07/2025,29/07/2025,30/07/2025,31/07/2025,
149,08/06/2025,09/06/2025,10/06/2025,11/06/2025,12/06/2025,14/06/2025,15/06/2025,16/06/2025,17/06/2025,18/06/2025,19/06/2025,20/06/2025,21/06/2025,23/06/2025,24/06/2025,25/06/2025,29/06/2025,30/06/2025,04/07/2025,05/07/2025,06/07/2025,08/07/2025,09/07/2025,10/07/2025,12/07/2025,14/07/2025,15/07/2025,17/07/2025,18/07/2025,19/07/2025,20/07/2025,21/07/2025,22/07/2025,23/07/2025,24/07/2025,25/07/2025,27/07/2025,28/07/2025,29/07/2025,30/07/2025,31/07/2025,
150,08/06/2025,09/06/2025,10/06/2025,11/06/2025,12/06/2025,14/06/2025,15/06/2025,16/06/2025,17/06/2025,18/06/2025,19/06/2025,20/06/2025,21/06/2025,23/06/2025,24/06/2025,25/06/2025,29/06/2025,30/06/2025,04/07/2025,05/07/2025,06/07/2025,08/07/2025,09/07/2025,10/07/2025,12/07/2025,14/07/2025,15/07/2025,17/07/2025,18/07/2025,19/07/2025,20/07/2025,21/07/2025,22/07/2025,23/07/2025,24/07/2025,25/07/2025,27/07/2025,28/07/2025,29/07/2025,30/07/2025,31/07/2025,
151,08/06/2025,09/06/2025,10/06/2025,11/06/2025,12/06/2025,14/06/2025,15/06/2025,16/06/2025,17/06/2025,18/06/2025,19/06/2025,20/06/2025,21/06/2025,23/06/2025,24/06/2025,25/06/2025,29/06/2025,30/06/2025,04/07/2025,05/07/2025,06/07/2025,08/07/2025,09/07/2025,10/07/2025,12/07/2025,14/07/2025,15/07/2025,17/07/2025,18/07/2025,19/07/2025,20/07/2025,21/07/2025,22/07/2025,23/07/2025,24/07/2025,25/07/2025,27/07/2025,28/07/2025,29/07/2025,30/07/2025,31/07/2025,
152,08/06/2025,09/06/2025,10/06/2025,11/06/2025,12/06/2025,14/06/2025,15/06/2025,16/06/2025,17/06/2025,18/06/2025,19/06/2025,20/06/2025,21/06/2025,23/06/2025,24/06/2025,25/06/2025,29/06/2025,30/06/2025,04/07/2025,05/07/2025,06/07/2025,08/07/2025,09/07/2025,10/07/2025,12/07/2025,14/07/2025,15/07/2025,17/07/2025,18/07/2025,19/07/2025,20/07/2025,21/07/2025,22/07/2025,23/07/2025,24/07/2025,25/07/2025,27/07/2025,28/07/2025,29/07/2025,30/07/2025,31/07/2025,
153,08/06/2025,09/06/2025,10/06/2025,11/06/2025,12/06/2025,14/06/2025,15/06/2025,16/06/2025,17/06/2025,18/06/2025,19/06/2025,20/06/2025,21/06/2025,23/06/2025,24/06/2025,25/06/2025,29/06/2025,30/06/2025,04/07/2025,05/07/2025,06/07/2025,08/07/2025,09/07/2025,10/07/2025,12/07/2025,14/07/2025,15/07/2025,17/07/2025,18/07/2025,19/07/2025,20/07/2025,21/07/2025,22/07/2025,23/07/2025,24/07/2025,25/07/2025,27/07/2025,28/07/2025,29/07/2025,30/07/2025,31/07/2025,
154,08/06/2025,09/06/2025,10/06/2025,11/06/2025,12/06/2025,14/06/2025,15/06/2025,16/06/2025,17/06/2025,18/06/2025,19/06/2025,20/06/2025,21/06/2025,23/06/2025,24/06/2025,25/06/2025,29/06/2025,30/06/2025,04/07/2025,05/07/2025,06/07/2025,08/07/2025,09/07/2025,10/07/2025,12/07/2025,14/07/2025,15/07/2025,17/07/2025,18/07/2025,19/07/2025,20/07/2025,21/07/2025,22/07/2025,23/07/2025,24/07/2025,25/07/2025,27/07/2025,28/07/2025,29/07/2025,30/07/2025,31/07/2025,
155,08/06/2025,09/06/2025,10/06/2025,11/06/2025,12/06/2025,14/06/2025,15/06/2025,16/06/2025,17/06/2025,18/06/2025,19/06/2025,20/06/2025,21/06/2025,23/06/2025,24/06/2025,25/06/2025,29/06/2025,30/06/2025,04/07/2025,05/07/2025,06/07/2025,08/07/2025,09/07/2025,10/07/2025,12/07/2025,14/07/2025,15/07/2025,17/07/2025,18/07/2025,19/07/2025,20/07/2025,21/07/2025,22/07/2025,23/07/2025,24/07/2025,25/07/2025,27/07/2025,28/07/2025,29/07/2025,30/07/2025,31/07/2025,
156,08/06/2025,09/06/2025,10/06/2025,11/06/2025,12/06/2025,14/06/2025,15/06/2025,16/06/2025,17/06/2025,18/06/2025,19/06/2025,20/06/2025,21/06/2025,23/06/2025,24/06/2025,25/06/2025,29/06/2025,30/06/2025,04/07/2025,05/07/2025,06/07/2025,08/07/2025,09/07/2025,10/07/2025,12/07/2025,14/07/2025,15/07/2025,17/07/2025,18/07/2025,19/07/2025,20/07/2025,21/07/2025,22/07/2025,23/07/2025,24/07/2025,25/07/2025,27/07/2025,28/07/2025,29/07/2025,30/07/2025,31/07/2025,
157,08/06/2025,09/06/2025,10/06/2025,11/06/2025,12/06/2025,14/06/2025,15/06/2025,16/06/2025,17/06/2025,18/06/2025,19/06/2025,20/06/2025,21/06/2025,23/06/2025,24/06/2025,25/06/2025,29/06/2025,30/06/2025,04/07/2025,05/07/2025,06/07/2025,08/07/2025,09/07/2025,10/07/2025,12/07/2025,14/07/2025,15/07/2025,17/07/2025,18/07/2025,19/07/2025,20/07/2025,21/07/2025,22/07/2025,23/07/2025,24/07/2025,25/07/2025,27/07/2025,28/07/2025,29/07/2025,30/07/2025,31/07/2025,
158,08/06/2025,09/06/2025,10/06/2025,11/06/2025,12/06/2025,14/06/2025,15/06/2025,16/06/2025,17/06/2025,18/06/2025,19/06/2025,20/06/2025,21/06/2025,23/06/2025,24/06/2025,25/06/2025,29/06/2025,30/06/2025,04/07/2025,05/07/2025,06/07/2025,08/07/2025,09/07/2025,10/07/2025,12/07/2025,14/07/2025,15/07/2025,17/07/2025,18/07/2025,19/07/2025,20/07/2025,21/07/2025,22/07/2025,23/07/2025,24/07/2025,25/07/2025,27/07/2025,28/07/2025,29/07/2025,30/07/2025,31/07/2025,
159,08/06/2025,09/06/2025,10/06/2025,11/06/2025,12/06/2025,14/06/2025,15/06/2025,16/06/2025,17/06/2025,18/06/2025,19/06/2025,20/06/2025,21/06/2025,23/06/2025,24/06/2025,25/06/2025,29/06/2025,30/06/2025,04/07/2025,05/07/2025,06/07/2025,08/07/2025,09/07/2025,10/07/2025,12/07/2025,14/07/2025,15/07/2025,17/07/2025,18/07/2025,19/07/2025,20/07/2025,21/07/2025,22/07/2025,23/07/2025,24/07/2025,25/07/2025,27/07/2025,28/07/2025,29/07/2025,30/07/2025,31/07/2025,
160,08/06/2025,09/06/2025,10/06/2025,11/06/2025,12/06/2025,14/06/2025,15/06/2025,16/06/2025,17/06/2025,18/06/2025,19/06/2025,20/06/2025,21/06/2025,23/06/2025,24/06/2025,25/06/2025,29/06/2025,30/06/2025,04/07/2025,05/07/2025,06/07/2025,08/07/2025,09/07/2025,10/07/2025,12/07/2025,14/07/2025,15/07/2025,17/07/2025,18/07/2025,19/07/2025,20/07/2025,21/07/2025,22/07/2025,23/07/2025,24/07/2025,25/07/2025,27/07/2025,28/07/2025,29/07/2025,30/07/2025,31/07/2025,
161,08/06/2025,09/06/2025,10/06/2025,11/06/2025,12/06/2025,14/06/2025,15/06/2025,16/06/2025,17/06/2025,18/06/2025,19/06/2025,20/06/2025,21/06/2025,23/06/2025,24/06/2025,25/06/2025,29/06/2025,30/06/2025,04/07/2025,05/07/2025,06/07/2025,08/07/2025,09/07/2025,10/07/2025,12/07/2025,14/07/2025,15/07/2025,17/07/2025,18/07/2025,19/07/2025,20/07/2025,21/07/2025,22/07/2025,23/07/2025,24/07/2025,25/07/2025,27/07/2025,28/07/2025,29/07/2025,30/07/2025,31/07/2025,
162,08/06/2025,09/06/2025,10/06/2025,11/06/2025,12/06/2025,14/06/2025,15/06/2025,16/06/2025,17/06/2025,18/06/2025,19/06/2025,20/06/2025,21/06/2025,23/06/2025,24/06/2025,25/06/2025,29/06/2025,30/06/2025,04/07/2025,05/07/2025,06/07/2025,08/07/2025,09/07/2025,10/07/2025,12/07/2025,14/07/2025,15/07/2025,17/07/2025,18/07/2025,19/07/2025,20/07/2025,21/07/2025,22/07/2025,23/07/2025,24/07/2025,25/07/2025,27/07/2025,28/07/2025,29/07/2025,30/07/2025,31/07/2025,
163,08/06/2025,09/06/2025,10/06/2025,11/06/2025,12/06/2025,14/06/2025,15/06/2025,16/06/2025,17/06/2025,18/06/2025,19/06/2025,20/06/2025,21/06/2025,23/06/2025,24/06/2025,25/06/2025,29/06/2025,30/06/2025,04/07/2025,05/07/2025,06/07/2025,08/07/2025,09/07/2025,10/07/2025,12/07/2025,14/07/2025,15/07/2025,17/07/2025,18/07/2025,19/07/2025,20/07/2025,21/07/2025,22/07/2025,23/07/2025,24/07/2025,25/07/2025,27/07/2025,28/07/2025,29/07/2025,30/07/2025,31/07/2025,
164,08/06/2025,09/06/2025,10/06/2025,11/06/2025,12/06/2025,14/06/2025,15/06/2025,16/06/2025,17/06/2025,18/06/2025,19/06/2025,20/06/2025,21/06/2025,23/06/2025,24/06/2025,25/06/2025,29/06/2025,30/06/2025,04/07/2025,05/07/2025,06/07/2025,08/07/2025,09/07/2025,10/07/2025,12/07/2025,14/07/2025,15/07/2025,17/07/2025,18/07/2025,19/07/2025,20/07/2025,21/07/2025,22/07/2025,23/07/2025,24/07/2025,25/07/2025,27/07/2025,28/07/2025,29/07/2025,30/07/2025,31/07/2025,
165,08/06/2025,09/06/2025,10/06/2025,11/06/2025,12/06/2025,14/06/2025,15/06/2025,16/06/2025,17/06/2025,18/06/2025,19/06/2025,20/06/2025,21/06/2025,23/06/2025,24/06/2025,25/06/2025,29/06/2025,30/06/2025,04/07/2025,05/07/2025,06/07/2025,08/07/2025,09/07/2025,10/07/2025,12/07/2025,14/07/2025,15/07/2025,17/07/2025,18/07/2025,19/07/2025,20/07/2025,21/07/2025,22/07/2025,23/07/2025,24/07/2025,25/07/2025,27/07/2025,28/07/2025,29/07/2025,30/07/2025,31/07/2025,
166,08/06/2025,09/06/2025,10/06/2025,11/06/2025,12/06/2025,14/06/2025,15/06/2025,16/06/2025,17/06/2025,18/06/2025,19/06/2025,20/06/2025,21/06/2025,23/06/2025,24/06/2025,25/06/2025,29/06/2025,30/06/2025,04/07/2025,05/07/2025,06/07/2025,08/07/2025,09/07/2025,10/07/2025,12/07/2025,14/07/2025,15/07/2025,17/07/2025,18/07/2025,19/07/2025,20/07/2025,21/07/2025,22/07/2025,23/07/2025,24/07/2025,25/07/2025,27/07/2025,28/07/2025,29/07/2025,30/07/2025,31/07/2025,
167,08/06/2025,09/06/2025,10/06/2025,11/06/2025,12/06/2025,14/06/2025,15/06/2025,16/06/2025,17/06/2025,18/06/2025,19/06/2025,20/06/2025,21/06/2025,23/06/2025,24/06/2025,25/06/2025,29/06/2025,30/06/2025,04/07/2025,05/07/2025,06/07/2025,08/07/2025,09/07/2025,10/07/2025,12/07/2025,14/07/2025,15/07/2025,17/07/2025,18/07/2025,19/07/2025,20/07/2025,21/07/2025,22/07/2025,23/07/2025,24/07/2025,25/07/2025,27/07/2025,28/07/2025,29/07/2025,30/07/2025,31/07/2025,
168,08/06/2025,09/06/2025,10/06/2025,11/06/2025,12/06/2025,14/06/2025,15/06/2025,16/06/2025,17/06/2025,18/06/2025,19/06/2025,20/06/2025,21/06/2025,23/06/2025,24/06/2025,25/06/2025,29/06/2025,30/06/2025,04/07/2025,05/07/2025,06/07/2025,08/07/2025,09/07/2025,10/07/2025,12/07/2025,14/07/2025,15/07/2025,17/07/2025,18/07/2025,19/07/2025,20/07/2025,21/07/2025,22/07/2025,23/07/2025,24/07/2025,25/07/2025,27/07/2025,28/07/2025,29/07/2025,30/07/2025,31/07/2025,
169,08/06/2025,09/06/2025,10/06/2025,11/06/2025,12/06/2025,14/06/2025,15/06/2025,16/06/2025,17/06/2025,18/06/2025,19/06/2025,20/06/2025,21/06/2025,23/06/2025,24/06/2025,25/06/2025,29/06/2025,30/06/2025,04/07/2025,05/07/2025,06/07/2025,08/07/2025,09/07/2025,10/07/2025,12/07/2025,14/07/2025,15/07/2025,17/07/2025,18/07/2025,19/07/2025,20/07/2025,21/07/2025,22/07/2025,23/07/2025,24/07/2025,25/07/2025,27/07/2025,28/07/2025,29/07/2025,30/07/2025,31/07/2025,
170,08/06/2025,09/06/2025,10/06/2025,11/06/2025,12/06/2025,14/06/2025,15/06/2025,16/06/2025,17/06/2025,18/06/2025,19/06/2025,20/06/2025,21/06/2025,23/06/2025,24/06/2025,25/06/2025,29/06/2025,30/06/2025,04/07/2025,05/07/2025,06/07/2025,08/07/2025,09/07/2025,10/07/2025,12/07/2025,14/07/2025,15/07/2025,17/07/2025,18/07/2025,19/07/2025,20/07/2025,21/07/2025,22/07/2025,23/07/2025,24/07/2025,25/07/2025,27/07/2025,28/07/2025,29/07/2025,30/07/2025,31/07/2025,
171,08/06/2025,09/06/2025,10/06/2025,11/06/2025,12/06/2025,14/06/2025,15/06/2025,16/06/2025,17/06/2025,18/06/2025,19/06/2025,20/06/2025,21/06/2025,23/06/2025,24/06/2025,25/06/2025,29/06/2025,30/06/2025,04/07/2025,05/07/2025,06/07/2025,08/07/2025,09/07/2025,10/07/2025,12/07/2025,14/07/2025,15/07/2025,17/07/2025,18/07/2025,19/07/2025,20/07/2025,21/07/2025,22/07/2025,23/07/2025,24/07/2025,25/07/2025,27/07/2025,28/07/2025,29/07/2025,30/07/2025,31/07/2025,
172,08/06/2025,09/06/2025,10/06/2025,11/06/2025,12/06/2025,14/06/2025,15/06/2025,16/06/2025,17/06/2025,18/06/2025,19/06/2025,20/06/2025,21/06/2025,23/06/2025,24/06/2025,25/06/2025,29/06/2025,30/06/2025,04/07/2025,05/07/2025,06/07/2025,08/07/2025,09/07/2025,10/07/2025,12/07/2025,14/07/2025,15/07/2025,17/07/2025,18/07/2025,19/07/2025,20/07/2025,21/07/2025,22/07/2025,23/07/2025,24/07/2025,25/07/2025,27/07/2025,28/07/2025,29/07/2025,30/07/2025,31/07/2025,
173,08/06/2025,09/06/2025,10/06/2025,11/06/2025,12/06/2025,14/06/2025,15/06/2025,16/06/2025,17/06/2025,18/06/2025,19/06/2025,20/06/2025,21/06/2025,23/06/2025,24/06/2025,25/06/2025,29/06/2025,30/06/2025,04/07/2025,05/07/2025,06/07/2025,08/07/2025,09/07/2025,10/07/2025,12/07/2025,14/07/2025,15/07/2025,17/07/2025,18/07/2025,19/07/2025,20/07/2025,21/07/2025,22/07/2025,23/07/2025,24/07/2025,25/07/2025,27/07/2025,28/07/2025,29/07/2025,30/07/2025,31/07/2025,
174,08/06/2025,09/06/2025,10/06/2025,11/06/2025,12/06/2025,14/06/2025,15/06/2025,16/06/2025,17/06/2025,18/06/2025,19/06/2025,20/06/2025,21/06/2025,23/06/2025,24/06/2025,25/06/2025,29/06/2025,30/06/2025,04/07/2025,05/07/2025,06/07/2025,08/07/2025,09/07/2025,10/07/2025,12/07/2025,14/07/2025,15/07/2025,17/07/2025,18/07/2025,19/07/2025,20/07/2025,21/07/2025,22/07/2025,23/07/2025,24/07/2025,25/07/2025,27/07/2025,28/07/2025,29/07/2025,30/07/2025,31/07/2025,
175,08/06/2025,09/06/2025,10/06/2025,11/06/2025,12/06/2025,14/06/2025,15/06/2025,16/06/2025,17/06/2025,18/06/2025,19/06/2025,20/06/2025,21/06/2025,23/06/2025,24/06/2025,25/06/2025,29/06/2025,30/06/2025,04/07/2025,05/07/2025,06/07/2025,08/07/2025,09/07/2025,10/07/2025,12/07/2025,14/07/2025,15/07/2025,17/07/2025,18/07/2025,19/07/2025,20/07/2025,21/07/2025,22/07/2025,23/07/2025,24/07/2025,25/07/2025,27/07/2025,28/07/2025,29/07/2025,30/07/2025,31/07/2025,
176,08/06/2025,09/06/2025,10/06/2025,11/06/2025,12/06/2025,14/06/2025,15/06/2025,16/06/2025,17/06/2025,18/06/2025,19/06/2025,20/06/2025,21/06/2025,23/06/2025,24/06/2025,25/06/2025,29/06/2025,30/06/2025,04/07/2025,05/07/2025,06/07/2025,08/07/2025,09/07/2025,10/07/2025,12/07/2025,14/07/2025,15/07/2025,17/07/2025,18/07/2025,19/07/2025,20/07/2025,21/07/2025,22/07/2025,23/07/2025,24/07/2025,25/07/2025,27/07/2025,28/07/2025,29/07/2025,30/07/2025,31/07/2025,
177,08/06/2025,09/06/2025,10/06/2025,11/06/2025,12/06/2025,14/06/2025,15/06/2025,16/06/2025,17/06/2025,18/06/2025,19/06/2025,20/06/2025,21/06/2025,23/06/2025,24/06/2025,25/06/2025,29/06/2025,30/06/2025,04/07/2025,05/07/2025,06/07/2025,08/07/2025,09/07/2025,10/07/2025,12/07/2025,14/07/2025,15/07/2025,17/07/2025,18/07/2025,19/07/2025,20/07/2025,21/07/2025,22/07/2025,23/07/2025,24/07/2025,25/07/2025,27/07/2025,28/07/2025,29/07/2025,30/07/2025,31/07/2025,
178,08/06/2025,09/06/2025,10/06/2025,11/06/2025,12/06/2025,14/06/2025,15/06/2025,16/06/2025,17/06/2025,18/06/2025,19/06/2025,20/06/2025,21/06/2025,23/06/2025,24/06/2025,25/06/2025,29/06/2025,30/06/2025,04/07/2025,05/07/2025,06/07/2025,08/07/2025,09/07/2025,10/07/2025,12/07/2025,14/07/2025,15/07/2025,17/07/2025,18/07/2025,19/07/2025,20/07/2025,21/07/2025,22/07/2025,23/07/2025,24/07/2025,25/07/2025,27/07/2025,28/07/2025,29/07/2025,30/07/2025,31/07/2025,
179,08/06/2025,09/06/2025,10/06/2025,11/06/2025,12/06/2025,14/06/2025,15/06/2025,16/06/2025,17/06/2025,18/06/2025,19/06/2025,20/06/2025,21/06/2025,23/06/2025,24/06/2025,25/06/2025,29/06/2025,30/06/2025,04/07/2025,05/07/2025,06/07/2025,08/07/2025,09/07/2025,10/07/2025,12/07/2025,14/07/2025,15/07/2025,17/07/2025,18/07/2025,19/07/2025,20/07/2025,21/07/2025,22/07/2025,23/07/2025,24/07/2025,25/07/2025,27/07/2025,28/07/2025,29/07/2025,30/07/2025,31/07/2025,
180,08/06/2025,09/06/2025,10/06/2025,11/06/2025,12/06/2025,14/06/2025,15/06/2025,16/06/2025,17/06/2025,18/06/2025,19/06/2025,20/06/2025,21/06/2025,23/06/2025,24/06/2025,25/06/2025,29/06/2025,30/06/2025,04/07/2025,05/07/2025,06/07/2025,08/07/2025,09/07/2025,10/07/2025,12/07/2025,14/07/2025,15/07/2025,17/07/2025,18/07/2025,19/07/2025,20/07/2025,21/07/2025,22/07/2025,23/07/2025,24/07/2025,25/07/2025,27/07/2025,28/07/2025,29/07/2025,30/07/2025,31/07/2025,
