Id,Aleketleve,Comments,CHANGE_FLG,CHANGE_DAT,ORIG_REC_N,AleketLvl,SamplProp,RNDSELSS,POINT_X,POINT_Y
100609001.0,0.0,,1,2010-06-09,0,0,4,0,246533.495805,708191.243892
100609002.0,1.0,,1,2010-06-09,0,1,12,0,246533.055805,708211.463892
100609003.0,1.0,,1,2010-06-09,0,1,12,0,246526.275805,708222.763892
100609004.0,0.0,,1,2010-06-09,0,0,4,0,246530.795805,708236.323892
100609005.0,1.0,,1,2010-06-09,0,1,12,0,246530.795805,708247.623892
100609006.0,1.0,,1,2010-06-09,0,1,12,0,246530.795805,708249.883892
100609007.0,1.0,,1,2010-06-09,0,1,12,0,246535.315805,708265.703892
100609008.0,0.0,,1,2010-06-09,0,0,4,0,246535.315805,708274.743892
100609009.0,0.0,,1,2010-06-09,0,0,4,0,246533.795805,708285.103892
100609010.0,0.0,,1,2010-06-09,0,0,4,0,246532.455805,708297.163892
100609011.0,0.0,,1,2010-06-09,0,0,4,0,246516.85,708371.420973
100609012.0,1.0,,1,2010-06-09,0,1,12,0,246514.58,708364.930973
100609013.0,0.0,,1,2010-06-09,0,0,4,0,246514.76,708353.270973
100609014.0,0.0,,1,2010-06-09,0,0,4,0,246514.49,708342.870973
100609015.0,1.0,,1,2010-06-09,0,1,12,0,246514.12,708332.070973
100609016.0,0.0,,1,2010-06-09,0,0,4,0,246513.27,708322.070973
100609017.0,1.0,,1,2010-06-09,0,1,12,0,246511.58,708311.790973
100609018.0,1.0,,1,2010-06-09,0,1,12,1,246509.99,708302.620973
100609019.0,1.0,,1,2010-06-09,0,1,12,0,246510.0,708291.430973
100609020.0,0.0,,1,2010-06-09,0,0,4,0,246508.87,708282.370973
100609021.0,1.0,,1,2010-06-09,0,1,12,0,246507.58,708271.520973
100609022.0,2.0,,1,2010-06-09,0,2,0,0,246508.43,708259.690973
100609023.0,2.0,,1,2010-06-09,0,2,0,0,246507.82,708248.750973
100609024.0,2.0,,1,2010-06-09,0,2,0,1,246506.65,708239.530973
100609025.0,2.0,,1,2010-06-09,0,2,0,0,246506.11,708229.730973
100609026.0,1.0,,1,2010-06-09,0,1,12,0,246503.9,708220.240973
100609027.0,1.0,,1,2010-06-09,0,1,12,0,246503.88,708209.630973
100609028.0,1.0,,1,2010-06-09,0,1,12,0,246503.88,708198.820973
100609029.0,1.0,,1,2010-06-09,0,1,12,0,246480.89,708198.310973
100609030.0,3.0,,1,2010-06-09,0,3,0,0,246481.35,708209.110973
100609031.0,3.0,,1,2010-06-09,0,3,0,0,246482.14,708216.740973
100609032.0,3.0,,1,2010-06-09,0,3,0,0,246482.74,708226.520973
100609033.0,3.0,,1,2010-06-09,0,3,0,1,246483.81,708237.250973
100609034.0,3.0,,1,2010-06-09,0,3,0,0,246484.46,708248.040973
100609035.0,3.0,,1,2010-06-09,0,3,0,0,246484.75,708255.510973
100609036.0,3.0,Pikit,1,2010-06-09,0,3,0,0,246485.38,708265.600973
100609037.0,3.0,,1,2010-06-09,0,3,0,0,246486.07,708275.680973
100609038.0,3.0,,1,2010-06-09,0,3,0,0,246486.64,708285.990973
100609039.0,2.0,,1,2010-06-09,0,2,0,0,246487.44,708296.750973
100609040.0,3.0,,1,2010-06-09,0,3,0,0,246488.39,708307.050973
100609041.0,1.0,,1,2010-06-09,0,1,12,0,246489.61,708317.350973
100609042.0,1.0,,1,2010-06-09,0,1,12,1,246489.88,708328.380973
100609043.0,1.0,,1,2010-06-09,0,1,12,0,246490.27,708338.880973
100609044.0,1.0,,1,2010-06-09,0,1,12,0,246490.87,708349.470973
100609045.0,1.0,,1,2010-06-09,0,1,12,0,246491.55,708359.480973
100609046.0,1.0,,1,2010-06-09,0,1,12,0,246492.28,708369.380973
100609047.0,1.0,,1,2010-06-09,0,1,12,0,246493.0,708378.460973
100609048.0,0.0,,1,2010-06-09,0,0,4,0,246470.59,708380.620973
100609049.0,1.0,,1,2010-06-09,0,1,12,0,246469.11,708370.950973
100609050.0,1.0,,1,2010-06-09,0,1,12,0,246469.49,708360.780973
100609051.0,1.0,,1,2010-06-09,0,1,12,0,246469.15,708350.930973
100609052.0,1.0,,1,2010-06-09,0,1,12,0,246467.93,708340.650973
100609053.0,1.0,,1,2010-06-09,0,1,12,0,246466.98,708330.430973
100609054.0,2.0,,1,2010-06-09,0,2,0,0,246467.21,708320.520973
100609055.0,3.0,,1,2010-06-09,0,3,0,0,246465.55,708310.960973
100609056.0,3.0,,1,2010-06-09,0,3,0,0,246465.35,708300.500973
100609057.0,3.0,,1,2010-06-09,0,3,0,0,246465.19,708290.810973
100609058.0,3.0,,1,2010-06-09,0,3,0,0,246464.67,708280.780973
100609059.0,3.0,,1,2010-06-09,0,3,0,0,246463.05,708271.290973
100609060.0,3.0,,1,2010-06-09,0,3,0,1,246462.69,708260.880973
100609061.0,3.0,,1,2010-06-09,0,3,0,0,246461.79,708251.680973
100609062.0,3.0,,1,2010-06-09,0,3,0,0,246461.21,708241.250973
100609063.0,3.0,,1,2010-06-09,0,3,0,0,246460.76,708230.340973
100609064.0,3.0,,1,2010-06-09,0,3,0,0,246460.17,708220.250973
100609065.0,3.0,,1,2010-06-09,0,3,0,0,246458.72,708210.380973
100609066.0,3.0,,1,2010-06-09,0,3,0,0,246458.24,708201.120973
100609067.0,1.0,,1,2010-06-09,0,1,12,0,246436.03,708203.270973
100609068.0,3.0,,1,2010-06-09,0,3,0,0,246437.21,708214.090973
100609069.0,3.0,,1,2010-06-09,0,3,0,0,246437.67,708223.830973
100609070.0,3.0,,1,2010-06-09,0,3,0,0,246438.32,708234.150973
100609071.0,3.0,,1,2010-06-09,0,3,0,0,246438.74,708244.390973
100609072.0,3.0,,1,2010-06-09,0,3,0,0,246439.36,708254.320973
100609073.0,3.0,,1,2010-06-09,0,3,0,0,246439.87,708263.890973
100609074.0,3.0,,1,2010-06-09,0,3,0,1,246440.46,708274.960973
100609075.0,3.0,,1,2010-06-09,0,3,0,0,246441.08,708284.630973
100609076.0,3.0,,1,2010-06-09,0,3,0,0,246441.76,708294.780973
100609077.0,3.0,,1,2010-06-09,0,3,0,0,246442.78,708304.690973
100609078.0,3.0,,1,2010-06-09,0,3,0,0,246443.41,708314.950973
100609079.0,2.0,,1,2010-06-09,0,2,0,1,246444.1,708325.140973
100609080.0,2.0,,1,2010-06-09,0,2,0,0,246444.84,708335.650973
100609081.0,1.0,,1,2010-06-09,0,1,12,0,246445.49,708346.230973
100609082.0,1.0,,1,2010-06-09,0,1,12,0,246445.92,708356.710973
100609083.0,2.0,,1,2010-06-09,0,2,0,0,246446.75,708365.840973
100609084.0,1.0,,1,2010-06-09,0,1,12,0,246447.37,708376.950973
100609085.0,1.0,,1,2010-06-09,0,1,12,0,246448.15,708387.550973
100609086.0,1.0,,1,2010-06-09,0,1,12,0,246425.53,708386.150973
100609087.0,1.0,,1,2010-06-09,0,1,12,0,246424.45,708375.520973
100609088.0,2.0,,1,2010-06-09,0,2,0,0,246424.14,708365.580973
100609089.0,1.0,,1,2010-06-09,0,1,12,0,246423.64,708354.600973
100609090.0,1.0,,1,2010-06-09,0,1,12,0,246423.1,708344.300973
100609091.0,1.0,,1,2010-06-09,0,1,12,0,246422.49,708333.760973
100609092.0,1.0,,1,2010-06-09,0,1,12,0,246421.17,708323.000973
100609093.0,2.0,,1,2010-06-09,0,2,0,1,246420.89,708312.390973
100609094.0,3.0,,1,2010-06-09,0,3,0,0,246420.82,708301.930973
100609095.0,3.0,,1,2010-06-09,0,3,0,0,246420.54,708291.470973
100609096.0,3.0,,1,2010-06-09,0,3,0,0,246419.3,708280.650973
100609097.0,3.0,,1,2010-06-09,0,3,0,1,246418.29,708269.730973
100609098.0,3.0,,1,2010-06-09,0,3,0,0,246417.61,708258.860973
100609099.0,3.0,,1,2010-06-09,0,3,0,0,246417.05,708248.780973
100609100.0,3.0,,1,2010-06-09,0,3,0,0,246416.15,708237.860973
100609101.0,3.0,,1,2010-06-09,0,3,0,0,246415.54,708226.430973
100609102.0,2.0,,1,2010-06-09,0,2,0,0,246414.91,708216.190973
100609103.0,1.0,,1,2010-06-09,0,1,12,0,246414.08,708204.730973
100609104.0,0.0,,1,2010-06-09,0,0,4,0,246390.36,708207.630973
100609105.0,1.0,,1,2010-06-09,0,1,12,0,246390.85,708218.200973
100609106.0,1.0,,1,2010-06-09,0,1,12,0,246391.59,708228.720973
100609107.0,1.0,,1,2010-06-09,0,1,12,0,246392.31,708239.460973
100609108.0,1.0,,1,2010-06-09,0,1,12,0,246393.18,708249.870973
100609109.0,1.0,,1,2010-06-09,0,1,12,0,246393.81,708260.990973
100609110.0,2.0,,1,2010-06-09,0,2,0,0,246394.44,708271.900973
100609111.0,2.0,,1,2010-06-09,0,2,0,1,246395.07,708282.290973
100609112.0,2.0,,1,2010-06-09,0,2,0,0,246395.82,708292.620973
100609113.0,2.0,,1,2010-06-09,0,2,0,0,246396.55,708302.920973
100609114.0,1.0,,1,2010-06-09,0,1,12,0,246397.05,708313.160973
100609115.0,1.0,,1,2010-06-09,0,1,12,0,246397.93,708323.480973
100609116.0,1.0,,1,2010-06-09,0,1,12,0,246398.6,708333.550973
100609117.0,1.0,,1,2010-06-09,0,1,12,0,246399.24,708344.570973
100609118.0,1.0,,1,2010-06-09,0,1,12,0,246399.91,708350.690973
100609119.0,0.0,,1,2010-06-09,0,0,4,1,246400.87,708362.890973
100609120.0,0.0,,1,2010-06-09,0,0,4,0,246401.61,708373.780973
100609121.0,1.0,,1,2010-06-09,0,1,12,0,246402.3,708385.260973
100609122.0,1.0,,1,2010-06-09,0,1,12,0,246403.16,708396.630973
100609123.0,0.0,,1,2010-06-09,0,0,4,0,246380.11,708392.330973
100609124.0,1.0,,1,2010-06-09,0,1,12,0,246379.26,708381.040973
100609125.0,0.0,,1,2010-06-09,0,0,4,0,246378.5,708370.410973
100609126.0,1.0,,1,2010-06-09,0,1,12,0,246377.72,708359.740973
100609127.0,1.0,,1,2010-06-09,0,1,12,0,246376.93,708348.980973
100609128.0,1.0,,1,2010-06-09,0,1,12,1,246376.08,708337.950973
100609129.0,1.0,,1,2010-06-09,0,1,12,0,246375.44,708327.110973
100609130.0,2.0,,1,2010-06-09,0,2,0,0,246374.73,708316.760973
100609131.0,2.0,,1,2010-06-09,0,2,0,0,246374.15,708305.840973
100609132.0,1.0,,1,2010-06-09,0,1,12,0,246373.36,708295.100973
100609133.0,2.0,,1,2010-06-09,0,2,0,0,246372.83,708284.820973
100609134.0,3.0,,1,2010-06-09,0,3,0,0,246372.17,708274.260973
100609135.0,3.0,,1,2010-06-09,0,3,0,0,246371.43,708263.820973
100609136.0,3.0,,1,2010-06-09,0,3,0,0,246369.93,708253.350973
100609137.0,2.0,,1,2010-06-09,0,2,0,0,246369.15,708242.240973
100609138.0,2.0,,1,2010-06-09,0,2,0,0,246368.96,708231.390973
100609139.0,1.0,,1,2010-06-09,0,1,12,0,246368.33,708220.860973
100609140.0,1.0,,1,2010-06-09,0,1,12,0,246367.59,708211.300973
100609141.0,1.0,,1,2010-06-09,0,1,12,0,246344.84,708215.520973
100609142.0,1.0,,1,2010-06-09,0,1,12,0,246345.67,708225.710973
100609143.0,1.0,,1,2010-06-09,0,1,12,0,246346.51,708236.060973
100609144.0,2.0,,1,2010-06-09,0,2,0,0,246347.11,708246.140973
100609145.0,2.0,,1,2010-06-09,0,2,0,0,246347.75,708257.080973
100609146.0,3.0,,1,2010-06-09,0,3,0,0,246348.26,708267.580973
100609147.0,3.0,,1,2010-06-09,0,3,0,1,246348.98,708278.300973
100609148.0,3.0,,1,2010-06-09,0,3,0,0,246349.74,708288.970973
100609149.0,2.0,,1,2010-06-09,0,2,0,0,246350.27,708299.120973
100609150.0,2.0,,1,2010-06-09,0,2,0,1,246351.06,708309.210973
100609151.0,2.0,,1,2010-06-09,0,2,0,0,246351.83,708319.210973
100609152.0,1.0,,1,2010-06-09,0,1,12,0,246352.4,708329.550973
100609153.0,1.0,,1,2010-06-09,0,1,12,0,246353.26,708340.530973
100609154.0,1.0,,1,2010-06-09,0,1,12,0,246354.13,708350.770973
100609155.0,1.0,,1,2010-06-09,0,1,12,0,246354.68,708360.770973
100609156.0,2.0,,1,2010-06-09,0,2,0,0,246355.53,708371.250973
100609157.0,1.0,,1,2010-06-09,0,1,12,0,246356.22,708381.880973
100609158.0,1.0,,1,2010-06-09,0,1,12,0,246356.81,708392.070973
100609159.0,1.0,,1,2010-06-09,0,1,12,0,246357.56,708402.350973
100609160.0,1.0,,1,2010-06-09,0,1,12,0,246334.05,708399.830973
100609161.0,1.0,,1,2010-06-09,0,1,12,0,246333.31,708389.840973
100609162.0,1.0,,1,2010-06-09,0,1,12,0,246332.93,708379.360973
100609163.0,1.0,,1,2010-06-09,0,1,12,0,246332.38,708368.840973
100609164.0,1.0,,1,2010-06-09,0,1,12,0,246331.92,708358.290973
100609165.0,1.0,,1,2010-06-09,0,1,12,0,246331.14,708347.790973
100609166.0,1.0,,1,2010-06-09,0,1,12,0,246330.27,708337.030973
100609167.0,1.0,,1,2010-06-09,0,1,12,0,246329.42,708325.900973
100609168.0,1.0,,1,2010-06-09,0,1,12,0,246328.89,708315.220973
100609169.0,2.0,,1,2010-06-09,0,2,0,0,246328.23,708304.380973
100609170.0,3.0,,1,2010-06-09,0,3,0,0,246327.35,708294.600973
100609171.0,3.0,,1,2010-06-09,0,3,0,0,246326.42,708284.010973
100609172.0,3.0,,1,2010-06-09,0,3,0,0,246325.7,708272.680973
100609173.0,2.0,,1,2010-06-09,0,2,0,0,246325.27,708261.700973
100609174.0,2.0,,1,2010-06-09,0,2,0,0,246324.49,708250.860973
100609175.0,3.0,,1,2010-06-09,0,3,0,0,246323.67,708239.990973
100609176.0,2.0,,1,2010-06-09,0,2,0,0,246323.13,708229.440973
100609177.0,1.0,,1,2010-06-09,0,1,12,0,246322.12,708217.530973
100609178.0,1.0,,1,2010-06-09,0,1,12,0,246299.25,708220.340973
100609179.0,3.0,,1,2010-06-09,0,3,0,0,246300.21,708230.990973
100609180.0,3.0,,1,2010-06-09,0,3,0,1,246301.46,708241.970973
100609181.0,2.0,,1,2010-06-09,0,2,0,0,246302.26,708252.730973
100609182.0,2.0,,1,2010-06-09,0,2,0,0,246303.11,708263.730973
100609183.0,2.0,,1,2010-06-09,0,2,0,0,246303.8,708274.120973
100609184.0,2.0,,1,2010-06-09,0,2,0,1,246304.4,708284.620973
100609185.0,2.0,,1,2010-06-09,0,2,0,0,246305.22,708295.190973
100609186.0,2.0,,1,2010-06-09,0,2,0,0,246306.01,708305.910973
100609187.0,2.0,,1,2010-06-09,0,2,0,0,246306.7,708316.730973
100609188.0,1.0,,1,2010-06-09,0,1,12,0,246307.42,708327.140973
100609189.0,1.0,,1,2010-06-09,0,1,12,0,246308.12,708337.410973
100609190.0,0.0,,1,2010-06-09,0,0,4,0,246308.73,708347.750973
100609191.0,0.0,,1,2010-06-09,0,0,4,0,246309.31,708358.040973
100609192.0,0.0,,1,2010-06-09,0,0,4,1,246309.85,708368.160973
100609193.0,0.0,,1,2010-06-09,0,0,4,0,246310.53,708378.950973
100609194.0,1.0,,1,2010-06-09,0,1,12,0,246311.2,708389.710973
100609195.0,1.0,,1,2010-06-09,0,1,12,0,246311.94,708400.040973
100609196.0,1.0,Missing beds,1,2010-06-09,0,1,12,0,246289.72,708401.810973
100609197.0,1.0,,1,2010-06-09,0,1,12,1,246288.78,708390.960973
100609198.0,1.0,,1,2010-06-09,0,1,12,0,246288.4,708380.720973
100609199.0,0.0,,1,2010-06-09,0,0,4,0,246287.74,708370.610973
100609200.0,1.0,,1,2010-06-09,0,1,12,0,246286.9,708360.660973
100609201.0,0.0,,1,2010-06-09,0,0,4,1,246286.07,708350.460973
100609202.0,1.0,,1,2010-06-09,0,1,12,0,246285.55,708340.310973
100609203.0,1.0,,1,2010-06-09,0,1,12,0,246284.81,708329.900973
100609204.0,2.0,,1,2010-06-09,0,2,0,0,246284.06,708319.590973
100609205.0,1.0,,1,2010-06-09,0,1,12,0,246283.31,708310.440973
100609206.0,1.0,,1,2010-06-09,0,1,12,0,246282.5,708300.490973
100609207.0,1.0,,1,2010-06-09,0,1,12,0,246281.85,708290.770973
100609208.0,2.0,,1,2010-06-09,0,2,0,0,246281.51,708280.510973
100609209.0,1.0,,1,2010-06-09,0,1,12,0,246280.48,708270.150973
100609210.0,1.0,,1,2010-06-09,0,1,12,0,246279.93,708260.690973
100609211.0,1.0,,1,2010-06-09,0,1,12,0,246279.45,708250.870973
100609212.0,1.0,,1,2010-06-09,0,1,12,0,246278.71,708240.950973
100609213.0,1.0,,1,2010-06-09,0,1,12,0,246277.89,708230.720973
100609214.0,1.0,,1,2010-06-09,0,1,12,0,246277.52,708223.160973
100609215.0,0.0,,1,2010-06-09,0,0,4,0,246254.54,708226.060973
100609216.0,1.0,,1,2010-06-09,0,1,12,0,246255.36,708237.150973
100609217.0,1.0,,1,2010-06-09,0,1,12,0,246256.01,708247.890973
100609218.0,1.0,,1,2010-06-09,0,1,12,0,246256.81,708259.090973
100609219.0,1.0,,1,2010-06-09,0,1,12,0,246257.62,708269.650973
100609220.0,1.0,,1,2010-06-09,0,1,12,0,246258.25,708280.090973
100609221.0,1.0,,1,2010-06-09,0,1,12,0,246258.9,708290.630973
100609222.0,1.0,,1,2010-06-09,0,1,12,1,246259.52,708300.910973
100609223.0,1.0,,1,2010-06-09,0,1,12,0,246260.38,708311.610973
100609224.0,1.0,,1,2010-06-09,0,1,12,0,246260.95,708321.850973
100609225.0,1.0,,1,2010-06-09,0,1,12,0,246261.7,708332.370973
100609226.0,1.0,,1,2010-06-09,0,1,12,0,246262.29,708342.630973
100609227.0,1.0,,1,2010-06-09,0,1,12,0,246263.12,708352.990973
100609228.0,0.0,,1,2010-06-09,0,0,4,1,246263.94,708363.010973
100609229.0,1.0,,1,2010-06-09,0,1,12,0,246264.55,708373.520973
100609230.0,0.0,,1,2010-06-09,0,0,4,0,246265.31,708383.780973
100609231.0,0.0,,1,2010-06-09,0,0,4,0,246265.94,708394.170973
100609232.0,1.0,,1,2010-06-09,0,1,12,0,246266.76,708404.670973
100609233.0,1.0,,1,2010-06-09,0,1,12,0,246267.69,708414.430973
100609234.0,1.0,,1,2010-06-09,0,1,12,0,246243.9,708409.400973
100609235.0,0.0,,1,2010-06-09,0,0,4,0,246243.16,708398.530973
100609236.0,0.0,,1,2010-06-09,0,0,4,1,246242.41,708387.920973
100609237.0,0.0,,1,2010-06-09,0,0,4,0,246241.75,708377.010973
100609238.0,1.0,,1,2010-06-09,0,1,12,0,246241.11,708367.440973
100609239.0,1.0,,1,2010-06-09,0,1,12,0,246240.37,708357.250973
100609240.0,1.0,,1,2010-06-09,0,1,12,0,246239.51,708347.230973
100609241.0,1.0,,1,2010-06-09,0,1,12,0,246238.85,708336.990973
100609242.0,0.0,,1,2010-06-09,0,0,4,0,246238.47,708326.730973
100609243.0,1.0,,1,2010-06-09,0,1,12,0,246237.9,708316.410973
100609244.0,0.0,,1,2010-06-09,0,0,4,0,246237.41,708306.120973
100609245.0,1.0,,1,2010-06-09,0,1,12,0,246236.45,708295.760973
100609246.0,1.0,,1,2010-06-09,0,1,12,1,246236.13,708285.560973
100609247.0,1.0,,1,2010-06-09,0,1,12,0,246235.33,708275.390973
100609248.0,1.0,,1,2010-06-09,0,1,12,0,246234.78,708264.880973
100609249.0,1.0,,1,2010-06-09,0,1,12,0,246234.08,708254.600973
100609250.0,1.0,,1,2010-06-09,0,1,12,0,246233.28,708243.930973
100609251.0,1.0,,1,2010-06-09,0,1,12,0,246232.47,708232.600973
100609252.0,0.0,,1,2010-06-09,0,0,4,0,246209.3,708234.290973
100609253.0,1.0,,1,2010-06-09,0,1,12,0,246210.08,708243.540973
100609254.0,0.0,,1,2010-06-09,0,0,4,0,246210.57,708253.800973
100609255.0,1.0,,1,2010-06-09,0,1,12,0,246211.37,708264.590973
100609256.0,1.0,,1,2010-06-09,0,1,12,0,246211.87,708275.000973
100609257.0,1.0,,1,2010-06-09,0,1,12,0,246212.53,708285.630973
100609258.0,1.0,,1,2010-06-09,0,1,12,0,246213.07,708296.660973
100609259.0,1.0,,1,2010-06-09,0,1,12,0,246213.87,708307.770973
100609260.0,1.0,,1,2010-06-09,0,1,12,0,246214.31,708318.790973
100609261.0,1.0,,1,2010-06-09,0,1,12,0,246214.83,708329.550973
100609262.0,0.0,,1,2010-06-09,0,0,4,0,246215.21,708340.660973
100609263.0,1.0,,1,2010-06-09,0,1,12,0,246215.9,708351.640973
100609264.0,0.0,,1,2010-06-09,0,0,4,0,246216.67,708362.550973
100609265.0,0.0,,1,2010-06-09,0,0,4,0,246217.5,708372.710973
100609266.0,0.0,,1,2010-06-09,0,0,4,0,246217.97,708379.810973
100609267.0,0.0,,1,2010-06-09,0,0,4,1,246218.73,708390.540973
100609268.0,0.0,,1,2010-06-09,0,0,4,0,246219.47,708400.650973
100609269.0,0.0,,1,2010-06-09,0,0,4,0,246220.02,708410.810973
100609270.0,0.0,There is melon in western side of plot,1,2010-06-09,0,0,4,0,246221.61,708425.590973
