_ID,_NAME,_REMARKS,_REC_TIME,_LATITUDE,_LONGITUDE,_ELEVATION,_10_7_25,aleket
1,,0,07/10/2025 06:17:33.000 GMT+03:00,33.146996593,35.634577525,94.023,,0
2,,0,07/10/2025 06:19:04.000 GMT+03:00,33.146804957,35.634864032,93.617,,0
3,,0,07/10/2025 06:19:29.000 GMT+03:00,33.146811007,35.635060832,95.035,,0
4,,0,07/10/2025 06:19:52.000 GMT+03:00,33.146825703,35.635282632,95.145,,0
5,,0,07/10/2025 06:20:21.000 GMT+03:00,33.146830423,35.635476387,95.397,,0
6,,0,07/10/2025 06:20:42.000 GMT+03:00,33.14683688,35.635660407,95.692,,0
7,,0,07/10/2025 06:21:11.000 GMT+03:00,33.146844043,35.635825235,95.927,,0
8,,0,07/10/2025 06:21:36.000 GMT+03:00,33.146848607,35.636011748,95.982,,0
9,,0,07/10/2025 06:22:07.000 GMT+03:00,33.146853437,35.636209137,96.126,,0
10,,0,07/10/2025 06:22:31.000 GMT+03:00,33.146859525,35.636397615,96.174,,0
11,,0,07/10/2025 06:22:51.000 GMT+03:00,33.146864657,35.636530742,96.252,,0
12,,0,07/10/2025 06:23:09.000 GMT+03:00,33.146870935,35.636705177,96.315,,0
13,,0,07/10/2025 06:23:39.000 GMT+03:00,33.146878998,35.636957783,96.38,,0
14,,0,07/10/2025 06:24:04.000 GMT+03:00,33.14688527,35.637159753,96.505,,0
15,,0,07/10/2025 06:24:34.000 GMT+03:00,33.146893597,35.637409675,96.607,,0
16,,0,07/10/2025 06:25:01.000 GMT+03:00,33.146900673,35.63760629,96.611,,0
17,,0,07/10/2025 06:25:31.000 GMT+03:00,33.146909587,35.63787625,96.77,,0
18,,0,07/10/2025 06:25:54.000 GMT+03:00,33.146914365,35.638057453,96.922,,0
19,,0,07/10/2025 06:26:17.000 GMT+03:00,33.146921073,35.63826014,96.972,,0
20,,0,07/10/2025 06:26:50.000 GMT+03:00,33.146928147,35.638407847,96.988,,0
21,,0,07/10/2025 06:27:42.000 GMT+03:00,33.14713236,35.638294715,97.005,,0
22,,0,07/10/2025 06:28:06.000 GMT+03:00,33.147123843,35.638056175,96.92,,0
23,,0,07/10/2025 06:28:29.000 GMT+03:00,33.147117798,35.63786964,96.877,,0
24,,0,07/10/2025 06:28:48.000 GMT+03:00,33.147111005,35.637684898,96.816,,0
25,,0,07/10/2025 06:29:17.000 GMT+03:00,33.147101602,35.637464647,96.685,,0
26,,0,07/10/2025 06:29:40.000 GMT+03:00,33.147096808,35.63724349,96.579,,0
27,,0,07/10/2025 06:30:06.000 GMT+03:00,33.147088565,35.63697478,96.527,,0
28,,0,07/10/2025 06:30:29.000 GMT+03:00,33.147080618,35.636758025,96.414,,0
29,,0,07/10/2025 06:30:58.000 GMT+03:00,33.147071938,35.636511812,96.416,,0
30,,0,07/10/2025 06:31:26.000 GMT+03:00,33.147065203,35.636310515,96.297,,0
31,,0,07/10/2025 06:31:55.000 GMT+03:00,33.147059252,35.636120912,96.251,,0
32,,0,07/10/2025 06:32:40.000 GMT+03:00,33.14705012,35.635850152,96.042,,0
33,,0,07/10/2025 06:33:05.000 GMT+03:00,33.147045035,35.635653178,95.84,,0
34,,0,07/10/2025 06:33:34.000 GMT+03:00,33.147036022,35.635437282,95.619,,0
35,,0,07/10/2025 06:34:00.000 GMT+03:00,33.147028813,35.6352291,95.431,,0
36,,0,07/10/2025 06:35:59.000 GMT+03:00,33.147022182,35.634916102,95.27,,0
37,,0,07/10/2025 06:36:23.000 GMT+03:00,33.14701597,35.634707333,95.298,,0
38,,0,07/10/2025 06:37:27.000 GMT+03:00,33.147230555,35.634791907,95.255,,0
39,,0,07/10/2025 06:37:48.000 GMT+03:00,33.147236902,35.63499475,95.395,,0
40,,0,07/10/2025 06:38:13.000 GMT+03:00,33.1472443,35.635277193,95.623,,0
41,,0,07/10/2025 06:38:35.000 GMT+03:00,33.147250873,35.635480327,95.74,,0
42,,0,07/10/2025 06:39:14.000 GMT+03:00,33.147257503,35.635673018,95.979,,0
43,,0,07/10/2025 06:39:38.000 GMT+03:00,33.147265505,35.63593547,96.038,,0
44,,0,07/10/2025 06:39:59.000 GMT+03:00,33.147273288,35.636138182,96.137,,0
45,,0,07/10/2025 06:40:20.000 GMT+03:00,33.147279185,35.636347843,96.199,,0
46,,0,07/10/2025 06:40:43.000 GMT+03:00,33.147287762,35.636572743,96.317,,0
47,,0,07/10/2025 06:41:07.000 GMT+03:00,33.147295882,35.63681695,96.363,,0
48,,0,07/10/2025 06:41:29.000 GMT+03:00,33.147303332,35.637028933,96.53,,0
49,,0,07/10/2025 06:41:52.000 GMT+03:00,33.147309822,35.637235452,96.699,,0
50,,0,07/10/2025 06:42:13.000 GMT+03:00,33.147318228,35.637444733,96.678,,0
51,,0,07/10/2025 06:42:43.000 GMT+03:00,33.147326968,35.637749308,96.819,,0
52,,0,07/10/2025 06:43:04.000 GMT+03:00,33.14733377,35.637957957,96.845,,0
53,,0,07/10/2025 06:43:25.000 GMT+03:00,33.147340225,35.638179933,97.029,,0
54,,0,07/10/2025 06:43:47.000 GMT+03:00,33.147349743,35.638400798,97.126,,0
55,,0,07/10/2025 06:44:57.000 GMT+03:00,33.147556677,35.638351013,97.212,,0
56,,0,07/10/2025 06:45:23.000 GMT+03:00,33.147546827,35.638138867,97.088,,0
57,,0,07/10/2025 06:45:53.000 GMT+03:00,33.147540073,35.637935255,97.09,,0
58,,0,07/10/2025 06:46:53.000 GMT+03:00,33.147524605,35.637522447,96.849,,0
59,,0,07/10/2025 06:47:02.000 GMT+03:00,33.147523433,35.637490643,96.766,,0
60,,0,07/10/2025 06:47:30.000 GMT+03:00,33.147519912,35.637276158,96.817,,0
61,,0,07/10/2025 06:47:54.000 GMT+03:00,33.14751159,35.637059573,96.534,,0
62,,0,07/10/2025 06:48:22.000 GMT+03:00,33.147507282,35.636846262,96.409,,0
63,,0,07/10/2025 06:48:44.000 GMT+03:00,33.147503263,35.636707147,96.473,,0
64,,0,07/10/2025 06:49:14.000 GMT+03:00,33.147492762,35.636473112,96.152,,0
65,,0,07/10/2025 06:49:45.000 GMT+03:00,33.147485638,35.636235142,96.07,,0
66,,0,07/10/2025 06:50:18.000 GMT+03:00,33.147477055,35.636015648,96.101,,0
67,,0,07/10/2025 06:50:43.000 GMT+03:00,33.14746929,35.635787845,95.792,,0
68,,0,07/10/2025 06:51:12.000 GMT+03:00,33.147461382,35.635580665,95.9,,0
69,,0,07/10/2025 06:51:51.000 GMT+03:00,33.147454483,35.635291137,95.6,,0
70,,0,07/10/2025 06:52:18.000 GMT+03:00,33.147447888,35.635078305,95.462,,0
71,,0,07/10/2025 06:52:48.000 GMT+03:00,33.147439752,35.634869858,95.402,,0
72,,0,07/10/2025 06:53:17.000 GMT+03:00,33.14743501,35.63465353,95.234,,0
73,,0,07/10/2025 06:54:35.000 GMT+03:00,33.147651213,35.634768385,95.439,,0
74,,0,07/10/2025 06:55:13.000 GMT+03:00,33.147660442,35.635076345,95.531,,0
75,,0,07/10/2025 06:55:46.000 GMT+03:00,33.147667867,35.635281812,95.472,,0
76,,0,07/10/2025 06:56:09.000 GMT+03:00,33.147672017,35.63548342,95.653,,0
77,,0,07/10/2025 06:56:36.000 GMT+03:00,33.147680145,35.635675668,95.811,,0
78,,0,07/10/2025 06:57:04.000 GMT+03:00,33.147685537,35.635891698,95.933,,0
79,,0,07/10/2025 06:57:31.000 GMT+03:00,33.147693925,35.636105328,95.951,,0
80,,0,07/10/2025 06:57:55.000 GMT+03:00,33.147698925,35.636237363,96.074,,0
81,,0,07/10/2025 06:58:25.000 GMT+03:00,33.1477033,35.636429377,96.251,,0
83,,0,07/10/2025 06:58:58.000 GMT+03:00,33.147709977,35.636627088,96.322,,0
84,,0,07/10/2025 07:00:00.000 GMT+03:00,33.147717837,35.63689818,96.584,,0
85,,0,07/10/2025 07:00:34.000 GMT+03:00,33.147725345,35.63709055,96.754,,0
86,,0,07/10/2025 07:01:06.000 GMT+03:00,33.14773078,35.637247783,96.88,,0
87,,0,07/10/2025 07:01:37.000 GMT+03:00,33.147738448,35.637465335,97.012,,0
88,,0,07/10/2025 07:02:18.000 GMT+03:00,33.14774745,35.637682177,97.088,,0
89,,0,07/10/2025 07:02:50.000 GMT+03:00,33.147753862,35.637889948,96.988,,0
90,,0,07/10/2025 07:03:37.000 GMT+03:00,33.147760687,35.638089368,97.024,,0
91,,0,07/10/2025 07:04:32.000 GMT+03:00,33.147767795,35.638270708,96.87,,0
92,,0,07/10/2025 07:05:11.000 GMT+03:00,33.14777323,35.638496093,97.036,,0
93,,0,07/10/2025 07:06:14.000 GMT+03:00,33.147958883,35.638394653,97.109,,0
94,,0,07/10/2025 07:06:44.000 GMT+03:00,33.147953935,35.638185175,96.863,,0
95,,0,07/10/2025 07:07:12.000 GMT+03:00,33.147946297,35.637980163,96.877,,0
96,,0,07/10/2025 07:07:39.000 GMT+03:00,33.147938178,35.637761767,96.964,,0
97,,0,07/10/2025 07:08:06.000 GMT+03:00,33.147931307,35.637542272,96.843,,0
98,,0,07/10/2025 07:08:33.000 GMT+03:00,33.147924725,35.637338298,96.922,,0
99,,0,07/10/2025 07:09:12.000 GMT+03:00,33.147915348,35.63711384,96.805,,0
100,,0,07/10/2025 07:09:40.000 GMT+03:00,33.14790923,35.636904242,96.509,,0
101,,0,07/10/2025 07:10:07.000 GMT+03:00,33.147900712,35.636701555,96.153,,0
102,,0,07/10/2025 07:10:38.000 GMT+03:00,33.147894865,35.636427647,96.18,,0
103,,0,07/10/2025 07:11:08.000 GMT+03:00,33.14788592,35.63622276,96.086,,0
104,,0,07/10/2025 07:11:33.000 GMT+03:00,33.147879238,35.636013865,96.012,,0
105,,0,07/10/2025 07:12:05.000 GMT+03:00,33.147867743,35.635708537,95.683,,0
106,,0,07/10/2025 07:12:35.000 GMT+03:00,33.147861822,35.635501862,95.75,,0
107,,0,07/10/2025 07:13:01.000 GMT+03:00,33.147855578,35.635298388,95.656,,0
108,,0,07/10/2025 07:13:23.000 GMT+03:00,33.147848323,35.63509237,95.714,,0
109,,0,07/10/2025 07:13:54.000 GMT+03:00,33.147844383,35.634881992,95.482,,0
110,,0,07/10/2025 07:14:17.000 GMT+03:00,33.147835773,35.634688037,95.378,,0
111,,0,07/10/2025 07:15:32.000 GMT+03:00,33.148052598,35.634716288,95.597,,0
112,,0,07/10/2025 07:16:05.000 GMT+03:00,33.148059708,35.63492414,95.732,,0
113,,0,07/10/2025 07:17:17.000 GMT+03:00,33.148066212,35.635145003,95.73,,0
114,,0,07/10/2025 07:17:41.000 GMT+03:00,33.148068472,35.635353248,95.773,,0
115,,0,07/10/2025 07:18:03.000 GMT+03:00,33.148078535,35.635570565,95.908,,0
116,,0,07/10/2025 07:18:52.000 GMT+03:00,33.148091062,35.63592606,96.044,,0
117,,0,07/10/2025 07:19:16.000 GMT+03:00,33.148095662,35.636139102,95.895,,0
118,,0,07/10/2025 07:19:44.000 GMT+03:00,33.148106657,35.636352602,96.234,,0
119,,0,07/10/2025 07:20:16.000 GMT+03:00,33.148109485,35.636557428,96.366,,0
120,,0,07/10/2025 07:25:48.000 GMT+03:00,33.148118337,35.636803343,96.437,,0
121,,0,07/10/2025 07:26:12.000 GMT+03:00,33.148127647,35.637020097,96.644,,0
122,,0,07/10/2025 07:26:35.000 GMT+03:00,33.148134032,35.63724023,96.618,,0
123,,0,07/10/2025 07:26:56.000 GMT+03:00,33.148142428,35.637452122,96.727,,0
124,,0,07/10/2025 07:27:23.000 GMT+03:00,33.148149452,35.637662058,96.764,,0
125,,0,07/10/2025 07:28:04.000 GMT+03:00,33.14815726,35.637901297,96.802,,0
126,,0,07/10/2025 07:28:26.000 GMT+03:00,33.14816824,35.638103787,96.898,,0
127,,0,07/10/2025 07:28:50.000 GMT+03:00,33.148172623,35.638323647,96.997,,0
128,,0,07/10/2025 07:29:22.000 GMT+03:00,33.148180917,35.638526987,96.935,,0
129,,0,07/10/2025 07:31:56.000 GMT+03:00,33.148385672,35.636897025,96.45,,0
130,,0,07/10/2025 07:32:24.000 GMT+03:00,33.148374703,35.636655432,96.348,,0
131,,0,07/10/2025 07:33:13.000 GMT+03:00,33.148359422,35.636384075,96.29,,0
132,,0,07/10/2025 07:33:36.000 GMT+03:00,33.148359832,35.636192408,96.026,,0
133,,0,07/10/2025 07:34:02.000 GMT+03:00,33.148347967,35.635987693,96.094,,0
134,,0,07/10/2025 07:34:29.000 GMT+03:00,33.148343338,35.635772512,95.959,,0
135,,0,07/10/2025 07:35:19.000 GMT+03:00,33.148334497,35.635466492,95.991,,0
136,,1,07/10/2025 07:36:33.000 GMT+03:00,33.148328013,35.635281468,95.807,,1
137,,1,07/10/2025 07:37:01.000 GMT+03:00,33.148322497,35.63508253,95.763,,1
138,,0,07/10/2025 07:37:39.000 GMT+03:00,33.148316065,35.634878307,95.586,,0
139,,0,07/10/2025 07:38:09.000 GMT+03:00,33.14830942,35.634666205,95.495,,0
140,,0,07/10/2025 07:38:31.000 GMT+03:00,33.148301155,35.634504182,95.035,,0
141,,0,07/10/2025 07:39:27.000 GMT+03:00,33.14852477,35.6347321,95.6,,0
142,,0,07/10/2025 07:40:18.000 GMT+03:00,33.148533432,35.63502401,95.243,,0
143,,0,07/10/2025 07:40:48.000 GMT+03:00,33.14853926,35.635234167,95.428,,0
144,,0,07/10/2025 07:41:16.000 GMT+03:00,33.148545348,35.635445358,95.784,,0
146,,0,07/10/2025 07:41:45.000 GMT+03:00,33.14855924,35.635665922,95.811,,0
147,,0,07/10/2025 07:42:10.000 GMT+03:00,33.148563682,35.635861213,96.095,,0
