Aleket_cnt,Comment,ids,aleketnew
2,First point,1,2
2,,2,2
2,,3,2
2,,4,2
2,,5,2
2,,6,2
2,,7,2
2,,8,2
2,,9,2
3,,10,3
3,,11,3
3,,12,3
3,,13,3
2,Allmust 400 flowers,14,2
2,,15,2
2,,16,2
2,,17,2
2,Include water lines,18,2
2,,19,2
2,,20,2
2,,21,2
2,,22,2
2,,23,2
1,,24,1
1,,25,1
1,Allmust 50 flowers,26,1
1,,27,1
1,Allmust 50 flowers,28,1
1,,29,1
1,,30,1
1,Allmust 50 flowers,31,1
1,,32,1
1,,33,1
1,,34,1
1,,35,1
1,,36,1
1,Allmust 0 flowers,37,1
1,,38,1
1,,39,1
1,,40,1
1,,41,1
1,,42,1
1,,43,1
1,,44,1
1,Allmust 50 flowers,45,1
2,,46,2
2,,47,2
1,,48,1
1,,49,1
1,,50,1
1,,51,1
1,Include water lines,52,1
2,,53,2
3,,54,3
2,,55,2
2,,56,2
2,,57,2
2,,58,2
2,Allmust 400 flowers,59,2
2,,60,2
2,,62,2
2,,63,2
2,,64,2
2,,65,2
2,,66,2
2,,67,2
2,,68,2
2,,69,2
2,,70,2
2,,71,2
2,,72,2
2,,73,2
2,,74,2
2,,75,2
2,,76,2
2,,77,2
2,,78,2
2,,79,2
2,,80,2
2,,81,2
2,,82,2
2,,83,2
2,,84,2
2,,85,2
2,,86,2
2,,87,2
2,,88,2
2,Include water lines,89,2
2,,90,2
1,,91,1
1,,92,1
1,Allmust 0 flowers,93,1
1,,94,1
1,Allmust 0 flowers,95,1
1,Allmust 0 flowers,96,1
1,Allmust 0 flowers,97,1
1,Allmust 0 flowers,98,1
1,Allmust 0 flowers,99,1
1,Allmust 0 flowers,100,1
1,Allmust 0 flowers,101,1
1,Allmust 0 flowers,102,1
1,Allmust 0 flowers,103,1
1,Allmust 0 flowers include vadi,104,1
1,Allmust 0 flowers,105,1
1,Allmust 0 flowers,106,1
1,Allmust 0 flowers,107,1
1,Allmust 0 flowers,108,1
1,Allmust 0 flowers,109,1
1,Allmust 0 flowers,110,1
1,Allmust 0 flowers,111,1
1,Allmust 0 flowers,112,1
1,Allmust 0 flowers,113,1
1,Allmust 0 flowers,114,1
0,,115,0
1,Allmust 0 flowers,116,1
1,Allmust 0 flowers,117,1
1,Allmust 0 flowers,118,1
1,Allmust 0 flowers,119,1
1,Allmust 0 flowers,120,1
1,Allmust 0 flowers,121,1
1,Allmust 0 flowers,122,1
1,,123,1
1,,124,1
1,Include water lines,125,1
2,,126,2
2,,127,2
2,,128,2
1,,129,1
1,,130,1
1,,131,1
2,,132,2
2,,133,2
2,,134,2
2,,135,2
2,,136,2
2,,137,2
2,,138,2
1,,139,1
1,,140,1
1,,141,1
1,,142,1
1,,143,1
2,,144,2
1,,145,1
1,,146,1
1,,147,1
1,,148,1
2,,149,2
2,,150,2
2,,151,2
2,,152,2
2,,153,2
2,,154,2
1,,155,1
1,,156,1
2,,157,2
2,,158,2
2,,159,2
2,Include water lines,160,2
1,,161,1
1,,162,1
1,,163,1
1,,164,1
1,Allmust 0 flowers,165,1
0,,166,0
0,,167,0
0,,168,0
1,Allmust 0 flowers,169,1
1,Allmust 0 flowers,170,1
1,Allmust 0 flowers,171,1
1,Allmust 0 flowers,172,1
1,Allmust 0 flowers,173,1
1,Allmust 0 flowers,174,1
0,,175,0
1,Allmust 0 flowers,176,1
1,Allmust 0 flowers,177,1
0,,178,0
1,Allmust 0 flowers,179,1
0,,180,0
1,Allmust 0 flowers,181,1
1,Allmust 0 flowers,182,1
0,,183,0
0,,184,0
1,Allmust 0 flowers,185,1
0,,186,0
0,,187,0
0,,188,0
1,Allmust 0 flowers,189,1
1,Allmust 0 flowers,190,1
1,,191,1
1,,192,1
1,,193,1
1,Include water lines,194,1
2,,195,2
2,,196,2
2,,197,2
2,,198,2
2,,199,2
1,,200,1
1,,201,1
1,,202,1
1,,203,1
1,,204,1
1,,205,1
1,,206,1
2,,207,2
1,,208,1
1,,209,1
2,,210,2
2,,211,2
2,,212,2
1,,213,1
1,,214,1
1,,215,1
1,,216,1
1,,217,1
1,,218,1
1,,219,1
1,,220,1
1,,221,1
1,,222,1
1,,223,1
1,,224,1
2,,225,2
1,,226,1
1,,227,1
2,,228,2
2,Include water lines,229,2
1,Allmust 0 flowers,230,1
1,Allmust 0 flowers,231,1
0,,232,0
0,,233,0
1,Allmust 0 flowers,234,1
1,Allmust 0 flowers,235,1
1,Allmust 0 flowers,236,1
1,Allmust 0 flowers,237,1
0,,238,0
1,Allmust 0 flowers,239,1
0,,240,0
1,Allmust 0 flowers,241,1
0,,242,0
0,,243,0
0,,244,0
1,Allmust 0 flowers,245,1
0,,246,0
0,,247,0
0,,248,0
0,,249,0
0,,250,0
0,,251,0
0,,252,0
0,,253,0
0,,254,0
0,,255,0
0,,256,0
0,,257,0
1,Allmust 0 flowers,258,1
0,,259,0
0,,260,0
0,,261,0
0,Include water lines,262,0
1,,263,1
1,,264,1
1,,265,1
1,,266,1
1,,267,1
1,,268,1
1,,269,1
1,,270,1
1,,271,1
1,,272,1
1,,273,1
1,,274,1
1,Allmust 0 flowers,275,1
1,Allmust 0 flowers,276,1
1,Allmust 0 flowers,277,1
0,,278,0
1,Allmust 0 flowers,279,1
1,,280,1
1,,281,1
1,,282,1
1,,283,1
2,,284,2
1,,285,1
1,,286,1
1,,287,1
2,,288,2
2,,289,2
2,,290,2
2,,291,2
2,,292,2
2,,293,2
2,,294,2
2,,295,2
2,,296,2
2,,297,2
2,Include water lines,298,2
1,Allmust 0 flowers,299,1
0,,300,0
0,,301,0
0,,302,0
0,,303,0
1,Allmust 0 flowers,304,1
0,,305,0
0,,306,0
0,,307,0
0,,308,0
0,,309,0
0,,310,0
1,Allmust 0 flowers,311,1
0,,312,0
1,Allmust 0 flowers,313,1
1,Allmust 0 flowers,314,1
0,,315,0
0,,316,0
0,,317,0
0,,318,0
1,Allmust 0 flowers,319,1
1,Allmust 0 flowers,320,1
1,,321,1
1,,322,1
1,Last line,323,1
1,,324,1
1,Allmust 0 flowers,325,1
1,Allmust 0 flowers,326,1
1,Allmust 0 flowers,327,1
1,Allmust 0 flowers,328,1
1,Allmust 0 flowers,329,1
1,Allmust 0 flowers,330,1
1,Allmust 0 flowers,331,1
1,,332,1
1,Include water lines,333,1
2,,334,2
2,,335,2
2,,336,2
2,,337,2
1,,338,1
1,,339,1
1,,340,1
1,,341,1
1,Allmust 0 flowers,342,1
1,Allmust 0 flowers,343,1
1,,344,1
1,,345,1
2,,346,2
1,,347,1
1,,348,1
1,,349,1
1,,350,1
1,,351,1
1,,352,1
1,,353,1
1,,354,1
1,,355,1
1,,356,1
1,,357,1
1,Allmust 0 flowers,358,1
1,Allmust 0 flowers,359,1
1,Allmust 0 flowers,360,1
1,Allmust 0 flowers,361,1
1,,362,1
1,Allmust 0 flowers,363,1
1,,364,1
1,,365,1
2,Infection lines riht sides,366,2
1,,367,1
1,Include water lines,368,1
1,Allmust 0 flowers,369,1
0,,370,0
1,Allmust 0 flowers,371,1
0,,372,0
1,Allmust 0 flowers,373,1
1,Allmust 0 flowers,374,1
1,Allmust 0 flowers,375,1
1,Allmust 0 flowers,376,1
1,Allmust 0 flowers,377,1
1,Allmust 0 flowers,378,1
1,,379,1
2,Infection riht sides,380,2
1,,381,1
1,,382,1
1,Allmust 0 flowers,383,1
0,,384,0
1,Allmust 0 flowers,385,1
1,Allmust 0 flowers,386,1
