_ID,_REC_TIME,_LATITUDE,_LONGITUDE,_ELEVATION,_24_7_25,Remarks,Aleket_cnt
2,07/24/2025 18:33:06.000 GMT+03:00,33.178780372,35.650711967,99.67,0.0,,0
3,07/24/2025 18:33:34.000 GMT+03:00,33.17890776,35.650514202,99.547,0.0,,0
4,07/24/2025 18:34:02.000 GMT+03:00,33.179036042,35.650306807,99.439,0.0,,0
5,07/24/2025 18:34:34.000 GMT+03:00,33.179159658,35.65010375,99.652,0.0,,0
6,07/24/2025 18:35:01.000 GMT+03:00,33.179289677,35.649894702,99.827,0.0,,0
7,07/24/2025 18:35:37.000 GMT+03:00,33.179419857,35.649681178,99.921,0.0,,0
8,07/24/2025 18:36:07.000 GMT+03:00,33.179549152,35.649471125,99.953,0.0,,0
9,07/24/2025 18:36:35.000 GMT+03:00,33.179686823,35.649261047,100.271,0.0,,0
10,07/24/2025 18:37:04.000 GMT+03:00,33.17982342,35.649052715,100.858,0.0,,0
11,07/24/2025 18:37:33.000 GMT+03:00,33.179950803,35.648842882,100.64,0.0,,0
12,07/24/2025 18:38:00.000 GMT+03:00,33.180073487,35.648646013,100.328,0.0,,0
13,07/24/2025 18:38:30.000 GMT+03:00,33.180197525,35.648442253,100.32,0.0,,0
14,07/24/2025 18:38:59.000 GMT+03:00,33.180320462,35.648243873,100.311,0.0,,0
15,07/24/2025 18:39:28.000 GMT+03:00,33.180448828,35.648043492,100.444,0.0,,0
16,07/24/2025 18:39:56.000 GMT+03:00,33.18057535,35.647842288,100.709,0.0,,0
17,07/24/2025 18:40:25.000 GMT+03:00,33.180702813,35.647640033,100.75,0.0,,0
18,07/24/2025 18:40:54.000 GMT+03:00,33.180835492,35.647428712,100.975,0.0,,0
21,07/24/2025 18:43:26.000 GMT+03:00,33.181182005,35.647496012,101.306,0.0,,0
22,07/24/2025 18:43:54.000 GMT+03:00,33.181060555,35.647690672,101.297,0.0,,0
23,07/24/2025 18:44:23.000 GMT+03:00,33.180936442,35.647887757,101.079,0.0,,0
24,07/24/2025 18:45:17.000 GMT+03:00,33.180809478,35.648083637,100.452,0.0,,0
25,07/24/2025 18:46:24.000 GMT+03:00,33.180681167,35.648286685,100.306,0.0,,0
26,07/24/2025 18:47:00.000 GMT+03:00,33.180554652,35.64847517,100.901,0.0,,0
27,07/24/2025 18:47:31.000 GMT+03:00,33.180426832,35.648686405,101.044,0.0,,0
28,07/24/2025 18:48:01.000 GMT+03:00,33.18029511,35.648893587,100.653,0.0,,0
29,07/24/2025 18:48:31.000 GMT+03:00,33.180173617,35.649087732,100.436,0.0,,0
30,07/24/2025 18:49:00.000 GMT+03:00,33.180052048,35.64928153,100.53,0.0,,0
31,07/24/2025 18:49:31.000 GMT+03:00,33.179925927,35.649481785,100.599,0.0,,0
32,07/24/2025 18:50:03.000 GMT+03:00,33.179806608,35.649676538,100.306,0.0,,0
33,07/24/2025 18:50:35.000 GMT+03:00,33.179686173,35.649867413,100.345,0.0,,0
34,07/24/2025 18:51:08.000 GMT+03:00,33.179582407,35.650059618,100.379,0.0,,0
35,07/24/2025 18:51:55.000 GMT+03:00,33.179456818,35.650244445,98.975,0.0,,0
36,07/24/2025 18:52:24.000 GMT+03:00,33.179329642,35.650435897,100.214,0.0,,0
37,07/24/2025 18:52:53.000 GMT+03:00,33.179208108,35.650633367,98.884,0.0,,0
38,07/24/2025 18:53:22.000 GMT+03:00,33.179083505,35.650826667,99.66,0.0,,0
39,07/24/2025 18:53:53.000 GMT+03:00,33.178964068,35.651017828,99.035,0.0,,0
42,07/24/2025 18:57:05.000 GMT+03:00,33.179304627,35.651135953,100.405,0.0,,0
43,07/24/2025 18:57:35.000 GMT+03:00,33.179432355,35.650936742,100.454,0.0,,0
44,07/24/2025 18:58:09.000 GMT+03:00,33.17955628,35.650736077,100.693,0.0,,0
45,07/24/2025 18:59:54.000 GMT+03:00,33.17969862,35.650512712,101.509,0.0,,0
46,07/24/2025 19:00:24.000 GMT+03:00,33.179813303,35.650328203,101.715,0.0,,0
47,07/24/2025 19:01:14.000 GMT+03:00,33.179933015,35.650133538,101.86,0.0,,0
48,07/24/2025 19:01:50.000 GMT+03:00,33.180053973,35.649945698,101.851,0.0,,0
49,07/24/2025 19:02:25.000 GMT+03:00,33.180178068,35.649743863,102.09,0.0,,0
50,07/24/2025 19:02:57.000 GMT+03:00,33.180298675,35.649552048,101.959,0.0,,0
51,07/24/2025 19:03:30.000 GMT+03:00,33.180419803,35.649357452,101.945,0.0,,0
52,07/24/2025 19:04:33.000 GMT+03:00,33.1805437,35.649162738,101.423,0.0,,0
53,07/24/2025 19:05:05.000 GMT+03:00,33.180672178,35.648963653,101.265,0.0,,0
54,07/24/2025 19:05:38.000 GMT+03:00,33.180786048,35.648782388,101.042,0.0,,0
55,07/24/2025 19:06:36.000 GMT+03:00,33.180910303,35.648600488,100.703,1.0,עלקת אחת,1
56,07/24/2025 19:07:38.000 GMT+03:00,33.181035962,35.648394555,100.267,0.0,,0
57,07/24/2025 19:08:15.000 GMT+03:00,33.18115981,35.648198817,100.654,0.0,,0
58,07/24/2025 19:08:46.000 GMT+03:00,33.181280482,35.648003538,100.888,0.0,,0
59,07/24/2025 19:09:18.000 GMT+03:00,33.181399842,35.647815993,100.966,0.0,,0
60,07/24/2025 19:09:51.000 GMT+03:00,33.181518913,35.647624655,101.158,0.0,,0
61,07/24/2025 19:10:23.000 GMT+03:00,33.181637327,35.647436932,100.998,0.0,,0
64,07/24/2025 19:12:23.000 GMT+03:00,33.181907017,35.647608552,100.791,0.0,,0
65,07/24/2025 19:12:55.000 GMT+03:00,33.181795428,35.647799772,101.326,0.0,,0
66,07/24/2025 19:13:44.000 GMT+03:00,33.181683145,35.647983238,101.172,0.0,,0
67,07/24/2025 19:15:08.000 GMT+03:00,33.181556415,35.648182092,98.738,0.0,,0
68,07/24/2025 19:16:00.000 GMT+03:00,33.181385572,35.648412267,98.988,0.0,,0
69,07/24/2025 19:17:24.000 GMT+03:00,33.181275535,35.648615235,100.787,0.0,,0
70,07/24/2025 19:17:53.000 GMT+03:00,33.181143073,35.64880451,100.664,0.0,,0
71,07/24/2025 19:18:31.000 GMT+03:00,33.181038518,35.64899921,100.28,0.0,,0
72,07/24/2025 19:19:05.000 GMT+03:00,33.180916533,35.649200595,99.31,0.0,,0
73,07/24/2025 19:19:34.000 GMT+03:00,33.180795007,35.649388475,104.798,0.0,,0
74,07/24/2025 19:20:05.000 GMT+03:00,33.180643532,35.649573667,101.103,0.0,,0
75,07/24/2025 19:20:37.000 GMT+03:00,33.180525675,35.649763188,100.788,0.0,,0
76,07/24/2025 19:21:20.000 GMT+03:00,33.180410797,35.64996425,100.488,0.0,,0
77,07/24/2025 19:22:07.000 GMT+03:00,33.180277245,35.650184963,100.732,0.0,,0
78,07/24/2025 19:22:58.000 GMT+03:00,33.180132973,35.650411688,100.519,0.0,,0
79,07/24/2025 19:23:36.000 GMT+03:00,33.180011077,35.650608153,100.955,0.0,,0
80,07/24/2025 19:24:06.000 GMT+03:00,33.17989855,35.650794173,99.895,0.0,,0
81,07/24/2025 19:24:38.000 GMT+03:00,33.179778738,35.65099115,99.612,0.0,,0
82,07/24/2025 19:25:07.000 GMT+03:00,33.179651837,35.651197955,99.744,0.0,,0
83,07/24/2025 19:25:52.000 GMT+03:00,33.179510928,35.651396777,100.326,0.0,,0
86,07/24/2025 19:29:54.000 GMT+03:00,33.179859798,35.651514655,98.335,0.0,,0
87,07/24/2025 19:30:49.000 GMT+03:00,33.179983682,35.651313487,99.527,0.0,,0
88,07/24/2025 19:31:14.000 GMT+03:00,33.18010235,35.651127632,98.831,0.0,,0
89,07/24/2025 19:31:53.000 GMT+03:00,33.180262552,35.650875567,99.253,0.0,,0
90,07/24/2025 19:32:19.000 GMT+03:00,33.180376877,35.650684253,99.823,0.0,,0
91,07/24/2025 19:32:45.000 GMT+03:00,33.180507922,35.650482927,99.562,0.0,,0
92,07/24/2025 19:33:13.000 GMT+03:00,33.180632398,35.650293127,99.501,0.0,,0
93,07/24/2025 19:33:44.000 GMT+03:00,33.18075496,35.650100752,100.45,0.0,,0
94,07/24/2025 19:34:15.000 GMT+03:00,33.18087361,35.64989812,100.697,0.0,,0
95,07/24/2025 19:34:43.000 GMT+03:00,33.181002587,35.649698382,100.749,0.0,,0
96,07/24/2025 19:35:12.000 GMT+03:00,33.181126068,35.649498292,100.432,0.0,,0
97,07/24/2025 19:35:39.000 GMT+03:00,33.181247643,35.64930407,100.559,0.0,,0
98,07/24/2025 19:36:06.000 GMT+03:00,33.18136916,35.649112798,100.561,0.0,,0
99,07/24/2025 19:36:36.000 GMT+03:00,33.18149815,35.64890865,100.588,0.0,,0
100,07/24/2025 19:37:03.000 GMT+03:00,33.181620928,35.648714208,100.638,0.0,,0
101,07/24/2025 19:37:29.000 GMT+03:00,33.18174692,35.648513403,100.667,0.0,,0
102,07/24/2025 19:37:55.000 GMT+03:00,33.181866932,35.648324588,100.693,0.0,,0
103,07/24/2025 19:38:25.000 GMT+03:00,33.181993815,35.648130197,101.248,0.0,,0
104,07/24/2025 19:38:52.000 GMT+03:00,33.182110605,35.647937932,101.126,0.0,,0
105,07/24/2025 19:39:19.000 GMT+03:00,33.182226932,35.647745515,99.045,0.0,,0
106,07/24/2025 19:39:44.000 GMT+03:00,33.182352148,35.647559538,100.624,0.0,,0
109,07/24/2025 19:41:56.000 GMT+03:00,33.182562955,35.64780931,99.931,0.0,,0
110,07/24/2025 19:42:23.000 GMT+03:00,33.18243559,35.648006818,100.884,0.0,,0
111,07/24/2025 19:42:52.000 GMT+03:00,33.182305998,35.648204012,102.287,0.0,,0
112,07/24/2025 19:43:24.000 GMT+03:00,33.182180583,35.648404478,101.91,0.0,,0
113,07/24/2025 19:44:04.000 GMT+03:00,33.182052238,35.648604267,101.753,0.0,,0
114,07/24/2025 19:44:34.000 GMT+03:00,33.181930925,35.648797365,102.2,0.0,,0
115,07/24/2025 19:45:02.000 GMT+03:00,33.181807225,35.648992628,102.389,0.0,,0
116,07/24/2025 19:46:57.000 GMT+03:00,33.181688088,35.649213155,102.437,0.0,,0
117,07/24/2025 19:47:29.000 GMT+03:00,33.181560117,35.649418922,102.349,0.0,,0
118,07/24/2025 19:47:58.000 GMT+03:00,33.181433883,35.649617987,102.631,0.0,,0
119,07/24/2025 19:48:25.000 GMT+03:00,33.181310705,35.649809403,102.829,0.0,,0
120,07/24/2025 19:48:59.000 GMT+03:00,33.181189267,35.650003055,102.527,0.0,,0
121,07/24/2025 19:49:33.000 GMT+03:00,33.181068067,35.650198908,102.317,0.0,,0
122,07/24/2025 19:50:17.000 GMT+03:00,33.180957032,35.650375773,102.226,0.0,,0
123,07/24/2025 19:50:49.000 GMT+03:00,33.180835995,35.650577652,101.129,0.0,,0
124,07/24/2025 19:51:59.000 GMT+03:00,33.180683868,35.650825792,101.28,0.0,,0
125,07/24/2025 19:52:36.000 GMT+03:00,33.180523115,35.651077307,99.805,0.0,,0
126,07/24/2025 19:53:19.000 GMT+03:00,33.18040799,35.651263757,99.705,0.0,,0
127,07/24/2025 19:53:49.000 GMT+03:00,33.180283733,35.65145924,100.192,0.0,,0
128,07/24/2025 19:54:19.000 GMT+03:00,33.180159432,35.65164818,100.698,0.0,,0
129,07/24/2025 19:54:47.000 GMT+03:00,33.180036305,35.651849778,100.49,0.0,,0
130,07/24/2025 19:55:01.000 GMT+03:00,33.179970358,35.651938615,100.613,0.0,,0
133,07/26/2025 11:39:46.000 GMT+03:00,33.180331938,35.652019,99.725,0.0,,0
134,07/26/2025 11:40:15.000 GMT+03:00,33.180460862,35.651814502,99.49,0.0,,0
135,07/26/2025 11:40:42.000 GMT+03:00,33.180567587,35.651638707,98.925,0.0,,0
136,07/26/2025 11:41:17.000 GMT+03:00,33.18068768,35.65143759,101.272,0.0,,0
137,07/26/2025 11:41:51.000 GMT+03:00,33.180812667,35.651256823,100.246,0.0,,0
138,07/26/2025 11:42:20.000 GMT+03:00,33.180925845,35.651072965,100.285,0.0,,0
139,07/26/2025 11:43:19.000 GMT+03:00,33.181048495,35.65087586,100.387,0.0,,0
140,07/26/2025 11:43:48.000 GMT+03:00,33.18117149,35.650681082,100.474,0.0,,0
141,07/26/2025 11:44:17.000 GMT+03:00,33.18129152,35.650476978,102.108,0.0,,0
142,07/26/2025 11:44:48.000 GMT+03:00,33.181426743,35.650288785,101.919,0.0,,0
143,07/26/2025 11:45:26.000 GMT+03:00,33.18154274,35.650093645,101.856,0.0,,0
144,07/26/2025 11:46:07.000 GMT+03:00,33.181661468,35.649905013,103.017,0.0,,0
145,07/26/2025 11:46:39.000 GMT+03:00,33.181782538,35.649710757,102.927,0.0,,0
146,07/26/2025 11:47:11.000 GMT+03:00,33.181888582,35.649526793,102.066,0.0,,0
147,07/26/2025 11:47:50.000 GMT+03:00,33.182033077,35.649329597,101.019,0.0,,0
148,07/26/2025 11:48:17.000 GMT+03:00,33.182152053,35.64913659,102.989,0.0,,0
149,07/26/2025 11:48:46.000 GMT+03:00,33.18227061,35.648937867,102.448,0.0,,0
150,07/26/2025 11:49:16.000 GMT+03:00,33.182392098,35.648748577,102.504,0.0,,0
151,07/26/2025 11:49:48.000 GMT+03:00,33.182508327,35.648554192,101.383,0.0,,0
152,07/26/2025 11:50:19.000 GMT+03:00,33.182641645,35.648344885,100.345,0.0,,0
153,07/26/2025 11:50:53.000 GMT+03:00,33.182776467,35.648147055,102.471,0.0,,0
154,07/26/2025 11:51:21.000 GMT+03:00,33.182894137,35.647950195,101.765,0.0,,0
157,07/26/2025 11:55:11.000 GMT+03:00,33.183120582,35.648181857,101.215,0.0,,0
158,07/26/2025 11:55:42.000 GMT+03:00,33.18298909,35.648388398,101.19,0.0,,0
159,07/26/2025 11:56:09.000 GMT+03:00,33.182864968,35.64858365,101.283,0.0,,0
160,07/26/2025 11:56:53.000 GMT+03:00,33.18274355,35.64877643,101.223,0.0,,0
161,07/26/2025 11:57:25.000 GMT+03:00,33.182622172,35.648970698,101.221,0.0,,0
162,07/26/2025 11:57:54.000 GMT+03:00,33.182497777,35.649166387,101.305,0.0,,0
163,07/26/2025 11:58:25.000 GMT+03:00,33.182373418,35.649362452,101.31,0.0,,0
164,07/26/2025 11:58:56.000 GMT+03:00,33.182256097,35.649547032,101.415,0.0,,0
165,07/26/2025 11:59:43.000 GMT+03:00,33.182130955,35.649739023,101.24,0.0,,0
166,07/26/2025 12:00:14.000 GMT+03:00,33.182021553,35.649911993,101.248,0.0,,0
167,07/26/2025 12:00:46.000 GMT+03:00,33.18190385,35.650101672,101.178,0.0,,0
168,07/26/2025 12:01:18.000 GMT+03:00,33.181789018,35.65028429,101.04,0.0,,0
169,07/26/2025 12:01:50.000 GMT+03:00,33.181668052,35.650463733,101.477,0.0,,0
170,07/26/2025 12:02:22.000 GMT+03:00,33.181538367,35.650667985,102.323,0.0,,0
171,07/26/2025 12:03:02.000 GMT+03:00,33.18143142,35.65085422,100.769,0.0,,0
172,07/26/2025 12:03:34.000 GMT+03:00,33.181308038,35.651047502,100.319,0.0,,0
173,07/26/2025 12:04:08.000 GMT+03:00,33.181189042,35.651238718,99.976,0.0,,0
174,07/26/2025 12:04:40.000 GMT+03:00,33.181072532,35.651423658,99.845,0.0,,0
175,07/26/2025 12:05:11.000 GMT+03:00,33.180960077,35.651608848,99.98,0.0,,0
176,07/26/2025 12:06:05.000 GMT+03:00,33.180809983,35.651843245,100.037,0.0,,0
177,07/26/2025 12:06:37.000 GMT+03:00,33.180686993,35.65203786,99.627,0.0,,0
178,07/26/2025 12:07:08.000 GMT+03:00,33.180567948,35.65221626,99.484,0.0,,0
179,07/26/2025 12:07:40.000 GMT+03:00,33.18045911,35.652396843,99.344,0.0,,0
182,07/26/2025 12:21:59.000 GMT+03:00,33.180760348,35.652542457,102.47,0.0,,0
183,07/26/2025 12:22:33.000 GMT+03:00,33.180884955,35.652343763,103.376,0.0,,0
184,07/26/2025 12:23:04.000 GMT+03:00,33.181004903,35.65215202,101.46,0.0,,0
185,07/26/2025 12:23:33.000 GMT+03:00,33.181121335,35.651982573,102.013,0.0,,0
186,07/26/2025 12:24:02.000 GMT+03:00,33.181245873,35.651783448,100.729,0.0,,0
187,07/26/2025 12:24:34.000 GMT+03:00,33.181373413,35.651597775,100.459,0.0,,0
188,07/26/2025 12:25:03.000 GMT+03:00,33.181513763,35.65139361,99.176,0.0,,0
189,07/26/2025 12:25:34.000 GMT+03:00,33.18162618,35.651199363,99.812,0.0,,0
190,07/26/2025 12:26:04.000 GMT+03:00,33.181739423,35.651013655,99.965,0.0,,0
191,07/26/2025 12:26:33.000 GMT+03:00,33.181852442,35.650837822,99.206,0.0,,0
192,07/26/2025 12:27:35.000 GMT+03:00,33.181959083,35.650649267,99.299,0.0,,0
193,07/26/2025 12:28:10.000 GMT+03:00,33.182074418,35.650451203,99.634,0.0,,0
194,07/26/2025 12:28:39.000 GMT+03:00,33.182207115,35.65025835,99.544,0.0,,0
195,07/26/2025 12:29:07.000 GMT+03:00,33.182332633,35.650068448,98.988,0.0,,0
196,07/26/2025 12:29:38.000 GMT+03:00,33.182442993,35.649882618,98.844,0.0,,0
197,07/26/2025 12:30:06.000 GMT+03:00,33.1825621,35.649703025,99.107,0.0,,0
198,07/26/2025 12:30:38.000 GMT+03:00,33.182678378,35.64950777,99.827,0.0,,0
199,07/26/2025 12:31:01.000 GMT+03:00,33.182756597,35.649380993,100.149,0.0,,0
200,07/26/2025 12:31:46.000 GMT+03:00,33.182880727,35.649188558,100.077,0.0,,0
201,07/26/2025 12:32:16.000 GMT+03:00,33.182989162,35.649013893,100.016,0.0,,0
202,07/26/2025 12:32:47.000 GMT+03:00,33.18310608,35.64881411,98.657,0.0,,0
203,07/26/2025 12:33:19.000 GMT+03:00,33.183230052,35.648637258,99.614,0.0,,0
204,07/26/2025 12:33:48.000 GMT+03:00,33.183359972,35.648430262,98.209,0.0,,0
205,07/26/2025 12:34:18.000 GMT+03:00,33.183470272,35.648249548,100.404,0.0,,0
208,07/26/2025 12:36:15.000 GMT+03:00,33.183556827,35.648392923,101.21,0.0,,0
209,07/26/2025 12:36:41.000 GMT+03:00,33.183428702,35.648590062,101.251,0.0,,0
210,07/26/2025 12:37:05.000 GMT+03:00,33.183302347,35.648789107,101.269,0.0,,0
211,07/26/2025 12:37:28.000 GMT+03:00,33.183173603,35.6489789,101.312,0.0,,0
212,07/26/2025 12:37:53.000 GMT+03:00,33.183049247,35.649171125,101.231,0.0,,0
213,07/26/2025 12:38:58.000 GMT+03:00,33.182910023,35.649388257,100.583,0.0,,0
214,07/26/2025 12:39:22.000 GMT+03:00,33.18277982,35.64959059,100.022,0.0,,0
215,07/26/2025 12:39:49.000 GMT+03:00,33.182659608,35.6497815,100.265,0.0,,0
216,07/26/2025 12:40:14.000 GMT+03:00,33.182533202,35.649975508,100.031,0.0,,0
217,07/26/2025 12:40:42.000 GMT+03:00,33.182417515,35.650165957,99.263,0.0,,0
218,07/26/2025 12:41:07.000 GMT+03:00,33.182298422,35.650354845,99.291,0.0,,0
219,07/26/2025 12:41:33.000 GMT+03:00,33.182179658,35.650545982,98.666,0.0,,0
220,07/26/2025 12:41:59.000 GMT+03:00,33.182054285,35.650745645,98.495,0.0,,0
221,07/26/2025 12:42:24.000 GMT+03:00,33.181933725,35.650938585,98.371,0.0,,0
222,07/26/2025 12:42:50.000 GMT+03:00,33.181817082,35.651118473,98.72,0.0,,0
223,07/26/2025 12:43:12.000 GMT+03:00,33.1817002,35.651313457,98.553,0.0,,0
224,07/26/2025 12:43:37.000 GMT+03:00,33.181578687,35.651502988,98.663,0.0,,0
225,07/26/2025 12:44:01.000 GMT+03:00,33.181443195,35.651695435,98.741,0.0,,0
226,07/26/2025 12:44:26.000 GMT+03:00,33.181315008,35.651894563,98.286,0.0,,0
227,07/26/2025 12:44:49.000 GMT+03:00,33.181195577,35.65208738,98.353,0.0,,0
228,07/26/2025 12:45:14.000 GMT+03:00,33.181062562,35.652293578,98.195,0.0,,0
229,07/26/2025 12:45:39.000 GMT+03:00,33.180934392,35.65249763,98.404,0.0,,0
230,07/26/2025 12:46:03.000 GMT+03:00,33.180811273,35.652694937,98.468,0.0,,0
